Fecha,Region,Estado,Municipio,Estacion,Permiso CRE,Direccion,Regular,Premium,Diesel
2026-08-17,,,,,PL/9999/EXP/ES/2015,,22.95,27.90,
2026-08-17,,,,,PL/9998/EXP/ES/2015,,24.50,30.50,27.00
2026-08-17,,,,,PL/9997/EXP/ES/2015,,20.49,,26.99
2026-08-17,,,,,PL/9996/EXP/ES/2015,,23.58,27.38,26.95
2026-08-17,,,,,PL/9995/EXP/ES/2015,,21.89,27.45,
2026-08-17,,,,,PL/9993/EXP/ES/2015,,23.69,27.79,27.29
2026-08-17,,,,,PL/9992/EXP/ES/2015,,21.99,27.41,25.39
2026-08-17,,,,,PL/9991/EXP/ES/2015,,23.99,27.29,27.29
2026-08-17,,,,,PL/9990/EXP/ES/2015,,23.99,27.79,27.00
2026-08-17,,,,,PL/999/EXP/ES/2015,,20.99,28.29,26.99
2026-08-17,,,,,PL/9989/EXP/ES/2015,,23.95,27.95,27.00
2026-08-17,,,,,PL/9988/EXP/ES/2015,,23.90,27.99,27.00
2026-08-17,,,,,PL/9987/EXP/ES/2015,,23.89,29.99,26.89
2026-08-17,,,,,PL/9986/EXP/ES/2015,,23.59,27.79,27.29
2026-08-17,,,,,PL/9985/EXP/ES/2015,,23.99,26.18,25.99
2026-08-17,,,,,PL/9984/EXP/ES/2015,,24.99,29.99,27.00
2026-08-17,,,,,PL/9983/EXP/ES/2015,,23.90,27.74,26.99
2026-08-17,,,,,PL/9982/EXP/ES/2015,,23.99,28.99,27.00
2026-08-17,,,,,PL/9981/EXP/ES/2015,,21.99,28.49,26.99
2026-08-17,,,,,PL/9980/EXP/ES/2015,,23.99,28.99,26.99
2026-08-17,,,,,PL/998/EXP/ES/2015,,23.99,28.99,26.99
2026-08-17,,,,,PL/9979/EXP/ES/2015,,20.99,26.90,
2026-08-17,,,,,PL/9978/EXP/ES/2015,,23.99,28.99,27.00
2026-08-17,,,,,PL/9977/EXP/ES/2015,,23.99,28.99,27.00
2026-08-17,,,,,PL/9976/EXP/ES/2015,,23.97,28.27,26.99
2026-08-17,,,,,PL/9975/EXP/ES/2015,,23.99,28.99,27.00
2026-08-17,,,,PETRO SERVICIOS DE OCCIDENTE S.A. DE C.V.,PL/9974/EXP/ES/2015,Avenida Adolph B. Horn Jr. N0 11001,23.99,28.79,27.79
2026-08-17,,,,,PL/9973/EXP/ES/2015,,23.99,28.49,26.69
2026-08-17,,,,,PL/9972/EXP/ES/2015,,23.89,28.69,
2026-08-17,,,,,PL/9971/EXP/ES/2015,,23.50,27.10,
2026-08-17,,,,,PL/9970/EXP/ES/2015,,23.99,,27.00
2026-08-17,,,,,PL/997/EXP/ES/2015,,21.99,29.59,26.99
2026-08-17,,,,,PL/9969/EXP/ES/2015,,23.99,28.99,27.00
2026-08-17,,,,,PL/9968/EXP/ES/2015,,23.89,28.85,26.97
2026-08-17,,,,,PL/9967/EXP/ES/2015,,23.95,28.95,27.00
2026-08-17,,,,,PL/9966/EXP/ES/2015,,23.99,,27.00
2026-08-17,,,,,PL/9965/EXP/ES/2015,,23.99,29.79,25.99
2026-08-17,,,,,PL/9964/EXP/ES/2015,,23.99,28.91,27.00
2026-08-17,,,,,PL/9963/EXP/ES/2015,,23.99,29.79,25.99
2026-08-17,,,,,PL/9962/EXP/ES/2015,,23.95,28.95,27.00
2026-08-17,,,,,PL/9961/EXP/ES/2015,,23.99,29.79,25.99
2026-08-17,,,,,PL/9960/EXP/ES/2015,,24.39,,27.00
2026-08-17,,,,,PL/996/EXP/ES/2015,,23.99,29.99,27.00
2026-08-17,,,,,PL/9958/EXP/ES/2015,,23.99,,27.99
2026-08-17,,,,,PL/9957/EXP/ES/2015,,23.95,28.95,27.00
2026-08-17,,,,,PL/9956/EXP/ES/2015,,23.99,27.74,27.00
2026-08-17,,,,,PL/9955/EXP/ES/2015,,23.99,28.99,28.28
2026-08-17,,,,,PL/9954/EXP/ES/2015,,23.99,29.69,25.99
2026-08-17,,,,,PL/9952/EXP/ES/2015,,23.99,27.74,27.00
2026-08-17,,,,,PL/9951/EXP/ES/2015,,23.99,29.79,25.99
2026-08-17,,,,,PL/9950/EXP/ES/2015,,23.99,28.99,27.00
2026-08-17,,,,,PL/995/EXP/ES/2015,,23.99,28.80,27.00
2026-08-17,,,,,PL/9949/EXP/ES/2015,,23.99,28.69,27.00
2026-08-17,,,,,PL/9948/EXP/ES/2015,,23.99,27.74,27.00
2026-08-17,,,,,PL/9947/EXP/ES/2015,,23.99,28.69,27.00
2026-08-17,,,,,PL/9946/EXP/ES/2015,,23.99,28.75,27.00
2026-08-17,,,,,PL/9945/EXP/ES/2015,,23.99,29.99,
2026-08-17,,,,,PL/9944/EXP/ES/2015,,24.00,29.20,27.50
2026-08-17,,,,,PL/9943/EXP/ES/2015,,23.29,28.49,26.49
2026-08-17,,,,,PL/9942/EXP/ES/2015,,21.49,23.99,26.99
2026-08-17,,,,,PL/9941/EXP/ES/2015,,19.25,23.55,25.39
2026-08-17,,,,,PL/9940/EXP/ES/2015,,23.99,29.50,28.40
2026-08-17,,,,,PL/994/EXP/ES/2015,,23.99,28.71,
2026-08-17,,,,,PL/9939/EXP/ES/2015,,23.99,29.39,25.39
2026-08-17,,,,,PL/9938/EXP/ES/2015,,19.39,23.69,25.39
2026-08-17,,,,,PL/9937/EXP/ES/2015,,24.50,30.50,27.00
2026-08-17,,,,,PL/9936/EXP/ES/2015,,24.50,30.50,
2026-08-17,,,,,PL/9935/EXP/ES/2015,,23.99,27.99,27.00
2026-08-17,,,,,PL/9934/EXP/ES/2015,,23.99,28.86,27.00
2026-08-17,,,,,PL/9933/EXP/ES/2015,,23.99,28.86,27.00
2026-08-17,,,,,PL/9932/EXP/ES/2015,,23.99,28.86,27.00
2026-08-17,,,,,PL/9931/EXP/ES/2015,,20.13,24.14,25.15
2026-08-17,,,,,PL/993/EXP/ES/2015,,23.99,29.29,27.00
2026-08-17,,,,,PL/992/EXP/ES/2015,,24.00,29.99,
2026-08-17,,,,,PL/991/EXP/ES/2015,,23.99,,
2026-08-17,,,,,PL/989/EXP/ES/2015,,23.96,28.80,27.00
2026-08-17,,,,,PL/988/EXP/ES/2015,,23.99,28.60,27.00
2026-08-17,,,,,PL/987/EXP/ES/2015,,23.99,28.89,27.00
2026-08-17,,,,,PL/986/EXP/ES/2015,,23.89,28.18,27.00
2026-08-17,,,,,PL/985/EXP/ES/2015,,23.29,27.85,
2026-08-17,,,,,PL/984/EXP/ES/2015,,23.79,28.29,27.00
2026-08-17,,,,,PL/983/EXP/ES/2015,,23.99,29.19,27.00
2026-08-17,,,,,PL/982/EXP/ES/2015,,23.99,29.69,
2026-08-17,,,,,PL/981/EXP/ES/2015,,23.59,27.99,
2026-08-17,,,,,PL/980/EXP/ES/2015,,24.19,29.49,27.00
2026-08-17,,,,,PL/9791/EXP/ES/2015,,23.99,29.99,
2026-08-17,,,,SERVICIOS GASOLINEROS DE MÉXICO S.A. DE C.V.,PL/9790/EXP/ES/2015,Carretera Guadalajara-Morelia Km 36,23.99,29.99,27.00
2026-08-17,,,,,PL/979/EXP/ES/2015,,22.83,27.25,26.48
2026-08-17,,,,,PL/9789/EXP/ES/2015,,23.99,29.99,27.00
2026-08-17,,,,,PL/9788/EXP/ES/2015,,24.65,29.60,28.55
2026-08-17,,,,SERVICIOS GASOLINEROS DE MÉXICO S.A. DE C.V.,PL/9787/EXP/ES/2015,Avenida Adolfo López Mateos Sur No. 2959,23.99,29.99,27.00
2026-08-17,,,,,PL/9786/EXP/ES/2015,,24.49,29.68,27.00
2026-08-17,,,,,PL/9785/EXP/ES/2015,,23.49,28.39,
2026-08-17,,,,,PL/9784/EXP/ES/2015,,24.99,29.29,27.00
2026-08-17,,,,,PL/9783/EXP/ES/2015,,23.99,29.29,27.00
2026-08-17,,,,,PL/9781/EXP/ES/2015,,23.99,29.29,27.00
2026-08-17,,,,,PL/9780/EXP/ES/2015,,24.99,29.29,27.00
2026-08-17,,,,,PL/978/EXP/ES/2015,,,29.09,26.99
2026-08-17,,,,,PL/9779/EXP/ES/2015,,23.99,28.60,27.00
2026-08-17,,,,,PL/9778/EXP/ES/2015,,23.99,29.29,27.00
2026-08-17,,,,,PL/9777/EXP/ES/2015,,23.99,29.29,27.00
2026-08-17,,,,,PL/9776/EXP/ES/2015,,24.99,29.29,27.00
2026-08-17,,,,,PL/9775/EXP/ES/2015,,23.99,29.29,27.00
2026-08-17,,,,,PL/9774/EXP/ES/2015,,23.99,29.29,27.00
2026-08-17,,,,,PL/9773/EXP/ES/2015,,24.99,29.29,27.00
2026-08-17,,,,,PL/9772/EXP/ES/2015,,23.99,29.29,27.00
2026-08-17,,,,,PL/9771/EXP/ES/2015,,23.99,29.29,27.00
2026-08-17,,,,,PL/9770/EXP/ES/2015,,23.99,28.99,27.00
2026-08-17,,,,,PL/977/EXP/ES/2015,,24.19,29.39,
2026-08-17,,,,,PL/9769/EXP/ES/2015,,24.99,29.29,27.00
2026-08-17,,,,,PL/9768/EXP/ES/2015,,23.99,29.69,
2026-08-17,,,,,PL/9767/EXP/ES/2015,,23.99,29.29,27.00
2026-08-17,,,,,PL/9766/EXP/ES/2015,,24.49,29.99,
2026-08-17,,,,,PL/9765/EXP/ES/2015,,23.99,29.99,
2026-08-17,,,,,PL/9764/EXP/ES/2015,,24.00,28.00,27.50
2026-08-17,,,,,PL/9763/EXP/ES/2015,,23.99,27.48,
2026-08-17,,,,,PL/9762/EXP/ES/2015,,23.97,28.93,27.00
2026-08-17,,,,,PL/9761/EXP/ES/2015,,21.47,25.00,26.97
2026-08-17,,,,,PL/976/EXP/ES/2015,,23.00,27.60,26.80
2026-08-17,,,,,PL/9759/EXP/ES/2015,,23.99,28.48,27.00
2026-08-17,,,,,PL/9758/EXP/ES/2015,,23.99,29.58,27.00
2026-08-17,,,,,PL/9757/EXP/ES/2015,,23.96,28.84,27.00
2026-08-17,,,,,PL/9756/EXP/ES/2015,,23.99,28.85,27.00
2026-08-17,,,,,PL/9755/EXP/ES/2015,,23.99,28.99,
2026-08-17,,,,,PL/9754/EXP/ES/2015,,23.99,28.89,27.00
2026-08-17,,,,,PL/9753/EXP/ES/2015,,23.99,28.70,27.00
2026-08-17,,,,,PL/9752/EXP/ES/2015,,24.79,29.49,
2026-08-17,,,,,PL/9751/EXP/ES/2015,,24.79,29.49,26.99
2026-08-17,,,,,PL/9750/EXP/ES/2015,,24.79,29.49,26.99
2026-08-17,,,,,PL/975/EXP/ES/2015,,23.99,28.10,
2026-08-17,,,,,PL/9749/EXP/ES/2015,,23.99,28.85,
2026-08-17,,,,,PL/9748/EXP/ES/2015,,23.99,,27.00
2026-08-17,,,,,PL/9747/EXP/ES/2015,,23.99,28.99,26.99
2026-08-17,,,,SAVLOZ COMPANNY S.A. DE C.V.,PL/9746/EXP/ES/2015,Ejidal Emiliano Zapata No. 10,23.99,29.99,26.99
2026-08-17,,,,,PL/9745/EXP/ES/2015,,23.99,,27.50
2026-08-17,,,,,PL/9744/EXP/ES/2015,,23.15,27.79,
2026-08-17,,,,,PL/9743/EXP/ES/2015,,23.99,29.40,26.99
2026-08-17,,,,,PL/9742/EXP/ES/2015,,23.95,28.65,
2026-08-17,,,,,PL/9741/EXP/ES/2015,,23.99,28.99,26.99
2026-08-17,,,,,PL/974/EXP/ES/2015,,24.19,29.49,27.49
2026-08-17,,,,,PL/9739/EXP/ES/2015,,23.40,27.37,26.99
2026-08-17,,,,,PL/9738/EXP/ES/2015,,23.99,28.65,27.14
2026-08-17,,,,,PL/9737/EXP/ES/2015,,23.98,29.14,27.00
2026-08-17,,,,,PL/9736/EXP/ES/2015,,23.99,,27.00
2026-08-17,,,,,PL/9735/EXP/ES/2015,,21.29,24.79,25.39
2026-08-17,,,,,PL/9734/EXP/ES/2015,,,28.99,27.00
2026-08-17,,,,,PL/9733/EXP/ES/2015,,24.40,29.61,27.99
2026-08-17,,,,,PL/9731/EXP/ES/2015,,23.89,27.99,26.99
2026-08-17,,,,,PL/9730/EXP/ES/2015,,23.98,28.49,27.00
2026-08-17,,,,,PL/973/EXP/ES/2015,,24.19,29.49,27.00
2026-08-17,,,,,PL/9729/EXP/ES/2015,,23.99,29.29,26.99
2026-08-17,,,,,PL/9728/EXP/ES/2015,,24.00,28.70,
2026-08-17,,,,,PL/9727/EXP/ES/2015,,23.99,28.91,27.00
2026-08-17,,,,,PL/9726/EXP/ES/2015,,23.28,28.13,26.99
2026-08-17,,,,,PL/9725/EXP/ES/2015,,22.65,27.00,27.00
2026-08-17,,,,,PL/9724/EXP/ES/2015,,23.99,29.34,27.00
2026-08-17,,,,,PL/9723/EXP/ES/2015,,23.99,29.34,27.00
2026-08-17,,,,,PL/9722/EXP/ES/2015,,24.38,29.58,
2026-08-17,,,,,PL/9721/EXP/ES/2015,,23.99,29.89,
2026-08-17,,,,,PL/9720/EXP/ES/2015,,23.99,29.34,27.00
2026-08-17,,,,,PL/972/EXP/ES/2015,,23.99,29.99,27.00
2026-08-17,,,,,PL/9719/EXP/ES/2015,,23.70,27.50,
2026-08-17,,,,,PL/9718/EXP/ES/2015,,23.97,29.14,27.00
2026-08-17,,,,,PL/9717/EXP/ES/2015,,23.50,27.70,
2026-08-17,,,,,PL/9716/EXP/ES/2015,,23.61,,27.00
2026-08-17,,,,,PL/9715/EXP/ES/2015,,23.99,28.95,
2026-08-17,,,,,PL/9714/EXP/ES/2015,,23.69,27.59,
2026-08-17,,,,,PL/9713/EXP/ES/2015,,23.29,28.48,27.00
2026-08-17,,,,,PL/9712/EXP/ES/2015,,20.15,,26.99
2026-08-17,,,,,PL/9711/EXP/ES/2015,,23.95,27.80,26.98
2026-08-17,,,,,PL/9710/EXP/ES/2015,,23.99,29.99,
2026-08-17,,,,,PL/971/EXP/ES/2015,,23.99,28.80,27.00
2026-08-17,,,,,PL/9709/EXP/ES/2015,,23.99,28.99,27.99
2026-08-17,,,,,PL/9708/EXP/ES/2015,,23.99,28.99,27.99
2026-08-17,,,,,PL/9707/EXP/ES/2015,,23.67,27.47,26.85
2026-08-17,,,,,PL/9706/EXP/ES/2015,,23.44,27.68,
2026-08-17,,,,,PL/9704/EXP/ES/2015,,23.48,28.49,
2026-08-17,,,,,PL/9703/EXP/ES/2015,,23.99,,27.00
2026-08-17,,,,,PL/9702/EXP/ES/2015,,23.75,28.79,
2026-08-17,,,,,PL/9701/EXP/ES/2015,,23.60,27.75,26.85
2026-08-17,,,,,PL/9700/EXP/ES/2015,,23.99,28.30,27.00
2026-08-17,,,,,PL/970/EXP/ES/2015,,23.99,28.84,27.00
2026-08-17,,,,,PL/9699/EXP/ES/2015,,24.49,29.89,27.50
2026-08-17,,,,,PL/9698/EXP/ES/2015,,23.42,27.94,26.85
2026-08-17,,,,,PL/9697/EXP/ES/2015,,24.00,29.59,27.00
2026-08-17,,,,,PL/9696/EXP/ES/2015,,23.99,,27.00
2026-08-17,,,,,PL/9695/EXP/ES/2015,,23.99,27.99,27.00
2026-08-17,,,,,PL/9694/EXP/ES/2015,,23.85,28.80,
2026-08-17,,,,,PL/9693/EXP/ES/2015,,24.00,,27.00
2026-08-17,,,,,PL/9692/EXP/ES/2015,,23.49,28.29,
2026-08-17,,,,,PL/9691/EXP/ES/2015,,23.99,,27.00
2026-08-17,,,,,PL/9690/EXP/ES/2015,,23.99,28.49,27.00
2026-08-17,,,,,PL/969/EXP/ES/2015,,24.00,28.50,27.00
2026-08-17,,,,,PL/9689/EXP/ES/2015,,23.99,29.55,27.49
2026-08-17,,,,,PL/9688/EXP/ES/2015,,22.89,27.99,25.39
2026-08-17,,,,,PL/9687/EXP/ES/2015,,23.39,28.19,26.79
2026-08-17,,,,,PL/9686/EXP/ES/2015,,23.99,24.99,23.29
2026-08-17,,,,,PL/9685/EXP/ES/2015,,22.89,27.99,
2026-08-17,,,,,PL/9684/EXP/ES/2015,,23.99,29.49,26.99
2026-08-17,,,,,PL/9683/EXP/ES/2015,,23.99,28.39,27.00
2026-08-17,,,,,PL/9682/EXP/ES/2015,,22.89,27.29,26.99
2026-08-17,,,,,PL/9681/EXP/ES/2015,,23.99,28.89,27.00
2026-08-17,,,,,PL/9680/EXP/ES/2015,,23.37,27.59,
2026-08-17,,,,,PL/968/EXP/ES/2015,,23.99,28.45,27.00
2026-08-17,,,,,PL/9679/EXP/ES/2015,,23.28,23.97,26.99
2026-08-17,,,,,PL/9678/EXP/ES/2015,,23.99,28.99,27.00
2026-08-17,,,,,PL/9677/EXP/ES/2015,,23.44,27.74,26.85
2026-08-17,,,,,PL/9676/EXP/ES/2015,,23.79,29.99,27.00
2026-08-17,,,,,PL/9675/EXP/ES/2015,,23.99,27.99,27.00
2026-08-17,,,,,PL/9674/EXP/ES/2015,,22.99,26.99,
2026-08-17,,,,,PL/9673/EXP/ES/2015,,22.95,27.50,
2026-08-17,,,,,PL/9672/EXP/ES/2015,,24.99,29.99,
2026-08-17,,,,,PL/9671/EXP/ES/2015,,19.99,22.99,
2026-08-17,,,,,PL/9670/EXP/ES/2015,,24.50,30.50,27.00
2026-08-17,,,,,PL/967/EXP/ES/2015,,21.39,28.99,
2026-08-17,,,,,PL/9669/EXP/ES/2015,,23.98,28.78,27.00
2026-08-17,,,,,PL/9668/EXP/ES/2015,,19.99,,26.99
2026-08-17,,,,,PL/9667/EXP/ES/2015,,23.99,27.99,26.99
2026-08-17,,,,,PL/9666/EXP/ES/2015,,23.65,27.25,
2026-08-17,,,,,PL/9665/EXP/ES/2015,,23.99,29.97,
2026-08-17,,,,,PL/9664/EXP/ES/2015,,23.97,29.63,27.00
2026-08-17,,,,,PL/9663/EXP/ES/2015,,23.99,,26.99
2026-08-17,,,,,PL/9662/EXP/ES/2015,,21.99,26.99,24.99
2026-08-17,,,,,PL/9660/EXP/ES/2015,,23.99,29.97,
2026-08-17,,,,,PL/966/EXP/ES/2015,,23.99,28.89,27.00
2026-08-17,,,,,PL/9659/EXP/ES/2015,,20.59,,26.99
2026-08-17,,,,,PL/9658/EXP/ES/2015,,23.99,27.99,26.99
2026-08-17,,,,,PL/9657/EXP/ES/2015,,19.79,25.39,26.99
2026-08-17,,,,,PL/9656/EXP/ES/2015,,20.15,,26.99
2026-08-17,,,,,PL/9655/EXP/ES/2015,,20.15,25.39,
2026-08-17,,,,,PL/9654/EXP/ES/2015,,19.75,25.39,26.99
2026-08-17,,,,,PL/9653/EXP/ES/2015,,19.79,25.39,26.99
2026-08-17,,,,,PL/9652/EXP/ES/2015,,23.99,28.59,27.29
2026-08-17,,,,,PL/9651/EXP/ES/2015,,20.99,,26.99
2026-08-17,,,,,PL/9650/EXP/ES/2015,,20.70,,26.99
2026-08-17,,,,,PL/965/EXP/ES/2015,,24.19,29.49,27.49
2026-08-17,,,,,PL/9649/EXP/ES/2015,,20.49,,26.99
2026-08-17,,,,,PL/9648/EXP/ES/2015,,20.70,,26.99
2026-08-17,,,,,PL/9647/EXP/ES/2015,,24.49,29.99,27.00
2026-08-17,,,,,PL/9646/EXP/ES/2015,,18.99,22.99,
2026-08-17,,,,,PL/9645/EXP/ES/2015,,23.99,28.69,27.49
2026-08-17,,,,,PL/9644/EXP/ES/2015,,20.15,25.39,26.99
2026-08-17,,,,,PL/9643/EXP/ES/2015,,20.15,25.39,26.99
2026-08-17,,,,,PL/9642/EXP/ES/2015,,19.79,,26.99
2026-08-17,,,,,PL/9641/EXP/ES/2015,,20.15,25.39,
2026-08-17,,,,,PL/9640/EXP/ES/2015,,23.29,27.69,26.99
2026-08-17,,,,,PL/964/EXP/ES/2015,,24.19,29.49,27.49
2026-08-17,,,,,PL/9639/EXP/ES/2015,,23.99,28.89,27.00
2026-08-17,,,,,PL/9638/EXP/ES/2015,,23.99,27.99,
2026-08-17,,,,,PL/9637/EXP/ES/2015,,23.69,27.65,27.00
2026-08-17,,,,,PL/9636/EXP/ES/2015,,23.79,28.09,
2026-08-17,,,,,PL/9635/EXP/ES/2015,,23.70,27.99,
2026-08-17,,,,,PL/9634/EXP/ES/2015,,23.69,28.79,27.00
2026-08-17,,,,,PL/9633/EXP/ES/2015,,24.39,29.72,27.00
2026-08-17,,,,,PL/9632/EXP/ES/2015,,23.99,28.79,27.00
2026-08-17,,,,,PL/9631/EXP/ES/2015,,20.99,23.99,25.50
2026-08-17,,,,,PL/9630/EXP/ES/2015,,23.99,28.79,27.00
2026-08-17,,,,,PL/963/EXP/ES/2015,,24.49,29.69,
2026-08-17,,,,,PL/9629/EXP/ES/2015,,23.50,27.00,27.50
2026-08-17,,,,,PL/9628/EXP/ES/2015,,23.99,28.50,
2026-08-17,,,,,PL/9627/EXP/ES/2015,,23.99,28.50,27.00
2026-08-17,,,,,PL/9626/EXP/ES/2015,,23.99,28.50,27.00
2026-08-17,,,,,PL/9625/EXP/ES/2015,,23.99,28.49,27.00
2026-08-17,,,,,PL/9623/EXP/ES/2015,,22.59,23.89,24.19
2026-08-17,,,,,PL/9622/EXP/ES/2015,,23.79,24.69,25.59
2026-08-17,,,,,PL/9621/EXP/ES/2015,,23.99,28.68,27.00
2026-08-17,,,,,PL/9620/EXP/ES/2015,,23.89,28.69,
2026-08-17,,,,,PL/962/EXP/ES/2015,,25.39,28.89,28.28
2026-08-17,,,,,PL/9619/EXP/ES/2015,,23.45,28.40,26.99
2026-08-17,,,,,PL/9618/EXP/ES/2015,,25.38,,27.99
2026-08-17,,,,,PL/9617/EXP/ES/2015,,23.99,29.99,27.00
2026-08-17,,,,,PL/9616/EXP/ES/2015,,23.55,,26.60
2026-08-17,,,,,PL/9615/EXP/ES/2015,,23.99,29.97,
2026-08-17,,,,,PL/9614/EXP/ES/2015,,23.99,29.97,
2026-08-17,,,,,PL/9613/EXP/ES/2015,,23.99,29.97,
2026-08-17,,,,,PL/9612/EXP/ES/2015,,23.99,29.97,27.00
2026-08-17,,,,,PL/9611/EXP/ES/2015,,23.98,,27.00
2026-08-17,,,,,PL/9610/EXP/ES/2015,,23.29,28.49,25.39
2026-08-17,,,,,PL/961/EXP/ES/2015,,24.49,29.99,27.99
2026-08-17,,,,,PL/9609/EXP/ES/2015,,23.97,28.99,26.99
2026-08-17,,,,,PL/9608/EXP/ES/2015,,23.99,28.29,26.99
2026-08-17,,,,,PL/9607/EXP/ES/2015,,23.97,28.99,26.99
2026-08-17,,,,,PL/9606/EXP/ES/2015,,22.99,28.29,
2026-08-17,,,,,PL/9605/EXP/ES/2015,,23.99,28.48,
2026-08-17,,,,,PL/9604/EXP/ES/2015,,20.97,,
2026-08-17,,,,,PL/9603/EXP/ES/2015,,23.99,29.69,27.20
2026-08-17,,,,,PL/9602/EXP/ES/2015,,23.99,28.95,
2026-08-17,,,,,PL/9601/EXP/ES/2015,,23.99,28.48,
2026-08-17,,,,,PL/9600/EXP/ES/2015,,23.99,28.48,
2026-08-17,,,,,PL/960/EXP/ES/2015,,23.99,29.49,27.00
2026-08-17,,,,,PL/9599/EXP/ES/2015,,22.89,26.69,
2026-08-17,,,,,PL/9598/EXP/ES/2015,,23.99,27.95,27.00
2026-08-17,,,,,PL/9597/EXP/ES/2015,,23.99,28.34,27.00
2026-08-17,,,,,PL/9596/EXP/ES/2015,,23.26,27.70,26.90
2026-08-17,,,,,PL/9595/EXP/ES/2015,,23.99,28.49,28.49
2026-08-17,,,,,PL/9594/EXP/ES/2015,,23.99,28.99,26.99
2026-08-17,,,,,PL/9593/EXP/ES/2015,,23.99,28.99,26.99
2026-08-17,,,,,PL/9592/EXP/ES/2015,,23.49,27.24,27.00
2026-08-17,,,,,PL/9591/EXP/ES/2015,,23.99,28.59,27.00
2026-08-17,,,,,PL/9590/EXP/ES/2015,,23.09,26.99,26.69
2026-08-17,,,,COMBU-EXPRESS S.A. DE C.V.,PL/959/EXP/ES/2015,Carretera Guadalajara - Nogales No. 6755,23.99,29.49,27.00
2026-08-17,,,,,PL/9589/EXP/ES/2015,,23.99,28.80,
2026-08-17,,,,,PL/9588/EXP/ES/2015,,23.99,29.29,27.00
2026-08-17,,,,,PL/9587/EXP/ES/2015,,23.12,27.94,
2026-08-17,,,,,PL/9586/EXP/ES/2015,,23.42,27.94,26.85
2026-08-17,,,,OPERADORA KINZA S.A. DE C.V.,PL/9585/EXP/ES/2015,Avenida Moctezuma Esquina Con Avenida Tepeyac S/N,23.59,28.19,
2026-08-17,,,,,PL/9584/EXP/ES/2015,,23.69,28.39,
2026-08-17,,,,,PL/9583/EXP/ES/2015,,23.99,29.99,
2026-08-17,,,,,PL/9582/EXP/ES/2015,,23.58,28.19,27.00
2026-08-17,,,,,PL/9581/EXP/ES/2015,,23.69,28.19,
2026-08-17,,,,,PL/9580/EXP/ES/2015,,24.00,,27.00
2026-08-17,,,,,PL/958/EXP/ES/2015,,23.99,29.99,27.49
2026-08-17,,,,,PL/9579/EXP/ES/2015,,23.99,29.99,27.00
2026-08-17,,,,,PL/9578/EXP/ES/2015,,23.98,29.14,
2026-08-17,,,,,PL/9577/EXP/ES/2015,,23.99,29.49,
2026-08-17,,,,,PL/9576/EXP/ES/2015,,24.40,,27.49
2026-08-17,,,,,PL/9574/EXP/ES/2015,,23.99,,
2026-08-17,,,,,PL/9573/EXP/ES/2015,,23.98,28.47,
2026-08-17,,,,,PL/9572/EXP/ES/2015,,25.49,30.26,28.87
2026-08-17,,,,,PL/9571/EXP/ES/2015,,19.99,,
2026-08-17,,,,,PL/9570/EXP/ES/2015,,23.99,29.35,27.95
2026-08-17,,,,,PL/957/EXP/ES/2015,,23.99,28.49,27.00
2026-08-17,,,,,PL/9569/EXP/ES/2015,,23.98,29.49,26.98
2026-08-17,,,,,PL/9567/EXP/ES/2015,,23.98,29.09,27.00
2026-08-17,,,,,PL/9566/EXP/ES/2015,,23.98,29.09,27.00
2026-08-17,,,,,PL/9565/EXP/ES/2015,,23.98,29.04,27.00
2026-08-17,,,,,PL/9564/EXP/ES/2015,,23.98,28.84,27.00
2026-08-17,,,,,PL/9563/EXP/ES/2015,,23.99,28.15,27.00
2026-08-17,,,,,PL/9562/EXP/ES/2015,,23.40,26.69,27.00
2026-08-17,,,,,PL/9561/EXP/ES/2015,,23.99,29.99,
2026-08-17,,,,,PL/956/EXP/ES/2015,,23.99,28.99,27.50
2026-08-17,,,,,PL/9559/EXP/ES/2015,,23.99,28.59,27.00
2026-08-17,,,,,PL/9558/EXP/ES/2015,,23.99,29.70,27.00
2026-08-17,,,,,PL/9557/EXP/ES/2015,,23.85,27.79,
2026-08-17,,,,,PL/9556/EXP/ES/2015,,23.85,27.95,
2026-08-17,,,,,PL/9555/EXP/ES/2015,,23.90,27.30,27.00
2026-08-17,,,,,PL/9554/EXP/ES/2015,,23.99,29.99,27.00
2026-08-17,,,,,PL/9553/EXP/ES/2015,,23.99,29.99,
2026-08-17,,,,,PL/9551/EXP/ES/2015,,24.37,27.99,
2026-08-17,,,,,PL/9550/EXP/ES/2015,,23.99,28.49,26.99
2026-08-17,,,,SERVICIO PATRYBACH S.A. DE C.V.,PL/955/EXP/ES/2015,Avenida Patria No. 209,23.99,29.98,
2026-08-17,,,,,PL/9549/EXP/ES/2015,,24.89,28.58,27.70
2026-08-17,,,,,PL/9548/EXP/ES/2015,,23.49,27.19,27.00
2026-08-17,,,,,PL/9546/EXP/ES/2015,,24.00,29.50,
2026-08-17,,,,,PL/9545/EXP/ES/2015,,23.99,28.69,26.99
2026-08-17,,,,,PL/9544/EXP/ES/2015,,23.10,27.39,27.00
2026-08-17,,,,,PL/9543/EXP/ES/2015,,25.49,30.26,28.87
2026-08-17,,,,,PL/9541/EXP/ES/2015,,23.99,28.89,26.49
2026-08-17,,,,,PL/9540/EXP/ES/2015,,23.99,28.99,
2026-08-17,,,,,PL/954/EXP/ES/2015,,23.99,,27.00
2026-08-17,,,,,PL/9539/EXP/ES/2015,,23.99,,27.00
2026-08-17,,,,,PL/9538/EXP/ES/2015,,26.00,,28.00
2026-08-17,,,,,PL/9537/EXP/ES/2015,,23.99,29.19,27.00
2026-08-17,,,,,PL/9536/EXP/ES/2015,,23.98,29.29,26.99
2026-08-17,,,,,PL/9535/EXP/ES/2015,,22.99,28.99,
2026-08-17,,,,,PL/9534/EXP/ES/2015,,22.99,28.99,
2026-08-17,,,,,PL/9533/EXP/ES/2015,,23.99,28.99,
2026-08-17,,,,,PL/9532/EXP/ES/2015,,24.00,29.00,27.00
2026-08-17,,,,,PL/9531/EXP/ES/2015,,23.99,28.55,27.00
2026-08-17,,,,,PL/9530/EXP/ES/2015,,23.99,27.99,26.99
2026-08-17,,,,,PL/953/EXP/ES/2015,,24.19,28.49,27.00
2026-08-17,,,,,PL/9529/EXP/ES/2015,,20.99,24.99,27.00
2026-08-17,,,,,PL/9528/EXP/ES/2015,,23.59,28.49,26.99
2026-08-17,,,,,PL/9527/EXP/ES/2015,,21.79,26.09,
2026-08-17,,,,,PL/9526/EXP/ES/2015,,24.49,29.99,27.00
2026-08-17,,,,,PL/9525/EXP/ES/2015,,24.00,,27.00
2026-08-17,,,,,PL/9524/EXP/ES/2015,,23.99,28.49,
2026-08-17,,,,,PL/9523/EXP/ES/2015,,20.99,26.90,
2026-08-17,,,,,PL/9522/EXP/ES/2015,,20.29,24.99,26.99
2026-08-17,,,,,PL/9521/EXP/ES/2015,,20.79,26.79,25.37
2026-08-17,,,,,PL/9520/EXP/ES/2015,,23.99,28.49,26.99
2026-08-17,,,,,PL/952/EXP/ES/2015,,23.71,27.99,26.99
2026-08-17,,,,,PL/9519/EXP/ES/2015,,21.79,26.79,
2026-08-17,,,,,PL/9518/EXP/ES/2015,,23.37,27.95,
2026-08-17,,,,,PL/9517/EXP/ES/2015,,23.59,29.29,26.99
2026-08-17,,,,,PL/9516/EXP/ES/2015,,23.99,28.49,
2026-08-17,,,,,PL/9515/EXP/ES/2015,,20.79,26.89,26.99
2026-08-17,,,,,PL/9514/EXP/ES/2015,,23.79,,26.99
2026-08-17,,,,,PL/9513/EXP/ES/2015,,22.99,27.49,
2026-08-17,,,,,PL/9512/EXP/ES/2015,,23.99,28.49,
2026-08-17,,,,,PL/9511/EXP/ES/2015,,23.99,28.49,26.99
2026-08-17,,,,,PL/9510/EXP/ES/2015,,23.69,28.28,27.00
2026-08-17,,,,,PL/951/EXP/ES/2015,,19.99,26.05,26.99
2026-08-17,,,,,PL/9508/EXP/ES/2015,,23.99,28.88,27.00
2026-08-17,,,,,PL/9507/EXP/ES/2015,,22.99,27.35,26.96
2026-08-17,,,,,PL/9506/EXP/ES/2015,,23.99,28.95,27.00
2026-08-17,,,,,PL/9505/EXP/ES/2015,,23.99,29.69,26.99
2026-08-17,,,,,PL/9504/EXP/ES/2015,,23.85,28.00,27.00
2026-08-17,,,,,PL/9503/EXP/ES/2015,,23.85,28.25,27.00
2026-08-17,,,,,PL/9502/EXP/ES/2015,,23.99,29.99,27.00
2026-08-17,,,,,PL/9501/EXP/ES/2015,,22.90,27.90,26.90
2026-08-17,,,,,PL/9500/EXP/ES/2015,,23.99,28.49,26.99
2026-08-17,,,,,PL/950/EXP/ES/2015,,23.99,29.12,27.00
2026-08-17,,,,,PL/9499/EXP/ES/2015,,23.99,29.99,27.00
2026-08-17,,,,,PL/9498/EXP/ES/2015,,23.99,29.25,27.00
2026-08-17,,,,,PL/9497/EXP/ES/2015,,23.99,29.99,27.00
2026-08-17,,,,,PL/9496/EXP/ES/2015,,24.59,29.99,26.99
2026-08-17,,,,,PL/9495/EXP/ES/2015,,24.70,29.68,28.50
2026-08-17,,,,,PL/9494/EXP/ES/2015,,23.99,28.50,27.00
2026-08-17,,,,,PL/9493/EXP/ES/2015,,23.89,28.49,
2026-08-17,,,,,PL/9492/EXP/ES/2015,,23.99,29.99,27.00
2026-08-17,,,,,PL/9491/EXP/ES/2015,,23.30,,26.36
2026-08-17,,,,,PL/9490/EXP/ES/2015,,23.69,,26.99
2026-08-17,,,,,PL/949/EXP/ES/2015,,19.95,,
2026-08-17,,,,,PL/9489/EXP/ES/2015,,22.90,27.99,26.95
2026-08-17,,,,,PL/9488/EXP/ES/2015,,23.99,29.40,
2026-08-17,,,,,PL/9487/EXP/ES/2015,,23.99,29.19,
2026-08-17,,,,,PL/9486/EXP/ES/2015,,23.29,28.19,26.79
2026-08-17,,,,,PL/9485/EXP/ES/2015,,24.00,26.49,28.00
2026-08-17,,,,,PL/9484/EXP/ES/2015,,23.99,29.59,27.00
2026-08-17,,,,,PL/9483/EXP/ES/2015,,23.49,27.49,27.00
2026-08-17,,,,,PL/9482/EXP/ES/2015,,23.70,28.50,26.99
2026-08-17,,,,,PL/9481/EXP/ES/2015,,23.98,29.49,26.98
2026-08-17,,,,,PL/9480/EXP/ES/2015,,23.70,28.50,26.99
2026-08-17,,,,,PL/948/EXP/ES/2015,,23.99,29.04,28.28
2026-08-17,,,,,PL/9479/EXP/ES/2015,,23.95,27.70,27.00
2026-08-17,,,,,PL/9478/EXP/ES/2015,,23.99,28.00,27.00
2026-08-17,,,,,PL/9477/EXP/ES/2015,,23.80,27.89,
2026-08-17,,,,,PL/9476/EXP/ES/2015,,23.99,28.30,27.00
2026-08-17,,,,,PL/9475/EXP/ES/2015,,22.82,27.95,
2026-08-17,,,,,PL/9474/EXP/ES/2015,,22.82,27.95,26.88
2026-08-17,,,,,PL/9473/EXP/ES/2015,,23.99,28.39,26.99
2026-08-17,,,,,PL/9472/EXP/ES/2015,,22.82,27.97,26.94
2026-08-17,,,,,PL/9471/EXP/ES/2015,,22.82,27.97,26.88
2026-08-17,,,,,PL/9470/EXP/ES/2015,,23.98,29.14,27.00
2026-08-17,,,,,PL/947/EXP/ES/2015,,23.99,29.59,27.00
2026-08-17,,,,,PL/9469/EXP/ES/2015,,22.92,27.97,26.94
2026-08-17,,,,,PL/9468/EXP/ES/2015,,22.37,27.87,25.30
2026-08-17,,,,,PL/9467/EXP/ES/2015,,23.98,29.14,27.00
2026-08-17,,,,,PL/9465/EXP/ES/2015,,22.39,26.99,26.39
2026-08-17,,,,,PL/9464/EXP/ES/2015,,23.81,27.51,26.99
2026-08-17,,,,,PL/9462/EXP/ES/2015,,23.85,,27.00
2026-08-17,,,,,PL/9461/EXP/ES/2015,,23.99,27.99,26.99
2026-08-17,,,,,PL/9460/EXP/ES/2015,,23.99,27.99,
2026-08-17,,,,,PL/946/EXP/ES/2015,,23.99,29.20,27.00
2026-08-17,,,,,PL/9459/EXP/ES/2015,,23.99,27.99,26.99
2026-08-17,,,,,PL/9458/EXP/ES/2015,,23.99,27.99,
2026-08-17,,,,,PL/9457/EXP/ES/2015,,23.99,29.29,26.99
2026-08-17,,,,,PL/9456/EXP/ES/2015,,22.99,27.55,26.97
2026-08-17,,,,,PL/9455/EXP/ES/2015,,24.99,29.49,26.99
2026-08-17,,,,,PL/9454/EXP/ES/2015,,23.75,27.80,27.00
2026-08-17,,,,,PL/9453/EXP/ES/2015,,23.48,27.45,26.96
2026-08-17,,,,,PL/9452/EXP/ES/2015,,23.99,28.49,
2026-08-17,,,,,PL/9451/EXP/ES/2015,,23.79,28.95,
2026-08-17,,,,,PL/9450/EXP/ES/2015,,23.95,,26.99
2026-08-17,,,,,PL/945/EXP/ES/2015,,23.99,28.85,27.00
2026-08-17,,,,,PL/9449/EXP/ES/2015,,22.99,28.39,26.99
2026-08-17,,,,,PL/9448/EXP/ES/2015,,24.45,28.28,26.99
2026-08-17,,,,,PL/9447/EXP/ES/2015,,23.99,27.69,27.00
2026-08-17,,,,,PL/9445/EXP/ES/2015,,23.89,27.49,27.00
2026-08-17,,,,,PL/9444/EXP/ES/2015,,19.25,23.55,
2026-08-17,,,,,PL/9443/EXP/ES/2015,,21.96,27.48,
2026-08-17,,,,,PL/9442/EXP/ES/2015,,24.49,29.69,26.99
2026-08-17,,,,,PL/9441/EXP/ES/2015,,23.19,26.33,26.90
2026-08-17,,,,,PL/9440/EXP/ES/2015,,23.99,29.69,
2026-08-17,,,,,PL/944/EXP/ES/2015,,22.39,26.99,26.39
2026-08-17,,,,,PL/9439/EXP/ES/2015,,24.49,29.69,26.99
2026-08-17,,,,,PL/9438/EXP/ES/2015,,22.99,,
2026-08-17,,,,,PL/9437/EXP/ES/2015,,23.40,27.64,27.00
2026-08-17,,,,,PL/9436/EXP/ES/2015,,23.80,27.80,27.00
2026-08-17,,,,,PL/9435/EXP/ES/2015,,23.10,,27.00
2026-08-17,,,,,PL/9433/EXP/ES/2015,,21.99,27.99,26.99
2026-08-17,,,,,PL/9432/EXP/ES/2015,,22.89,27.59,26.89
2026-08-17,,,,,PL/9431/EXP/ES/2015,,22.49,27.19,27.00
2026-08-17,,,,,PL/9430/EXP/ES/2015,,23.49,28.09,26.99
2026-08-17,,,,,PL/943/EXP/ES/2015,,23.99,29.20,27.00
2026-08-17,,,,GASOLINERA Y LUBRICANTES REAL DE COLIMA S.A. DE C.V.,PL/9429/EXP/ES/2015,Camino Real a Colima No. 1992,22.99,28.39,26.99
2026-08-17,,,,,PL/9428/EXP/ES/2015,,23.99,27.39,26.99
2026-08-17,,,,,PL/9427/EXP/ES/2015,,23.99,,27.00
2026-08-17,,,,,PL/9426/EXP/ES/2015,,23.89,28.59,26.99
2026-08-17,,,,,PL/9425/EXP/ES/2015,,23.75,28.59,26.99
2026-08-17,,,,,PL/9424/EXP/ES/2015,,23.60,27.53,27.00
2026-08-17,,,,,PL/9423/EXP/ES/2015,,23.89,27.99,
2026-08-17,,,,,PL/9422/EXP/ES/2015,,23.96,29.15,27.00
2026-08-17,,,,,PL/9421/EXP/ES/2015,,23.99,28.42,
2026-08-17,,,,,PL/9420/EXP/ES/2015,,18.79,23.49,25.38
2026-08-17,,,,,PL/942/EXP/ES/2015,,23.99,29.49,
2026-08-17,,,,,PL/9419/EXP/ES/2015,,23.95,,27.00
2026-08-17,,,,,PL/9418/EXP/ES/2015,,23.99,27.99,26.99
2026-08-17,,,,,PL/9417/EXP/ES/2015,,23.99,28.99,27.00
2026-08-17,,,,,PL/9416/EXP/ES/2015,,23.99,,27.00
2026-08-17,,,,,PL/9415/EXP/ES/2015,,23.99,28.49,26.99
2026-08-17,,,,,PL/9414/EXP/ES/2015,,23.99,29.99,
2026-08-17,,,,,PL/9413/EXP/ES/2015,,23.99,28.49,26.99
2026-08-17,,,,,PL/9412/EXP/ES/2015,,,,27.00
2026-08-17,,,,,PL/9411/EXP/ES/2015,,23.99,28.55,27.00
2026-08-17,,,,,PL/9410/EXP/ES/2015,,21.99,27.99,
2026-08-17,,,,,PL/941/EXP/ES/2015,,23.99,28.99,27.00
2026-08-17,,,,,PL/9409/EXP/ES/2015,,23.80,27.80,27.00
2026-08-17,,,,,PL/9408/EXP/ES/2015,,23.99,28.82,27.00
2026-08-17,,,,,PL/9407/EXP/ES/2015,,22.99,27.49,26.99
2026-08-17,,,,,PL/9406/EXP/ES/2015,,18.79,23.49,25.38
2026-08-17,,,,,PL/9405/EXP/ES/2015,,23.99,,
2026-08-17,,,,,PL/9404/EXP/ES/2015,,23.99,28.49,
2026-08-17,,,,,PL/9403/EXP/ES/2015,,23.99,28.48,26.99
2026-08-17,,,,,PL/9402/EXP/ES/2015,,23.99,28.99,26.99
2026-08-17,,,,,PL/9401/EXP/ES/2015,,23.39,27.99,
2026-08-17,,,,,PL/940/EXP/ES/2015,,23.99,28.99,26.99
2026-08-17,,,,,PL/9399/EXP/ES/2015,,23.91,27.69,26.99
2026-08-17,,,,,PL/9398/EXP/ES/2015,,23.99,29.69,26.99
2026-08-17,,,,,PL/9397/EXP/ES/2015,,23.91,27.65,26.99
2026-08-17,,,,,PL/9396/EXP/ES/2015,,23.99,28.63,27.00
2026-08-17,,,,,PL/9395/EXP/ES/2015,,23.99,28.49,27.00
2026-08-17,,,,,PL/9394/EXP/ES/2015,,23.99,,27.00
2026-08-17,,,,,PL/9393/EXP/ES/2015,,23.60,29.45,26.99
2026-08-17,,,,,PL/9392/EXP/ES/2015,,23.59,27.69,27.00
2026-08-17,,,,,PL/9391/EXP/ES/2015,,23.99,28.00,27.00
2026-08-17,,,,,PL/9390/EXP/ES/2015,,23.99,28.00,27.00
2026-08-17,,,,,PL/939/EXP/ES/2015,,22.99,28.99,26.99
2026-08-17,,,,,PL/9389/EXP/ES/2015,,23.97,28.17,27.00
2026-08-17,,,,,PL/9388/EXP/ES/2015,,23.87,28.39,27.00
2026-08-17,,,,,PL/9387/EXP/ES/2015,,23.99,29.99,27.00
2026-08-17,,,,,PL/9386/EXP/ES/2015,,23.95,28.90,27.00
2026-08-17,,,,,PL/9385/EXP/ES/2015,,23.95,28.90,27.00
2026-08-17,,,,,PL/9384/EXP/ES/2015,,23.98,28.95,26.99
2026-08-17,,,,,PL/9383/EXP/ES/2015,,23.95,28.25,27.00
2026-08-17,,,,,PL/9382/EXP/ES/2015,,23.99,29.99,27.00
2026-08-17,,,,,PL/9381/EXP/ES/2015,,19.88,24.77,25.39
2026-08-17,,,,,PL/9380/EXP/ES/2015,,21.27,24.77,25.39
2026-08-17,,,,,PL/938/EXP/ES/2015,,23.99,29.99,27.00
2026-08-17,,,,,PL/9379/EXP/ES/2015,,24.78,30.48,28.27
2026-08-17,,,,,PL/9378/EXP/ES/2015,,21.27,24.77,25.39
2026-08-17,,,,,PL/9377/EXP/ES/2015,,21.27,24.77,
2026-08-17,,,,,PL/9376/EXP/ES/2015,,21.27,24.77,25.39
2026-08-17,,,,GASOLINERAS FAST DE OCCIDENTE S. DE R. L. DE C. V.,PL/9375/EXP/ES/2015,Prolongación 8 de Julio No. 575,23.99,28.99,26.99
2026-08-17,,,,,PL/9374/EXP/ES/2015,,24.49,29.99,28.29
2026-08-17,,,,,PL/9373/EXP/ES/2015,,23.99,29.99,27.99
2026-08-17,,,,,PL/9372/EXP/ES/2015,,23.99,28.28,28.74
2026-08-17,,,,,PL/9371/EXP/ES/2015,,23.39,28.39,26.89
2026-08-17,,,,,PL/9370/EXP/ES/2015,,23.39,28.39,26.89
2026-08-17,,,,,PL/937/EXP/ES/2015,,21.99,28.99,26.99
2026-08-17,,,,GRUPO GASOLINERO SAMARA S.A. DE C.V.,PL/9369/EXP/ES/2015,Prolongación Avenida Guadalupe N. 3439,22.99,28.39,26.99
2026-08-17,,,,,PL/9368/EXP/ES/2015,,23.99,28.99,28.99
2026-08-17,,,,,PL/9367/EXP/ES/2015,,23.99,27.80,27.00
2026-08-17,,,,,PL/9366/EXP/ES/2015,,22.99,27.99,26.99
2026-08-17,,,,,PL/9365/EXP/ES/2015,,22.99,27.99,26.99
2026-08-17,,,,,PL/9364/EXP/ES/2015,,22.99,27.99,
2026-08-17,,,,,PL/9363/EXP/ES/2015,,23.95,28.37,27.00
2026-08-17,,,,,PL/9362/EXP/ES/2015,,23.99,29.27,26.85
2026-08-17,,,,,PL/9361/EXP/ES/2015,,22.99,27.99,26.99
2026-08-17,,,,,PL/9360/EXP/ES/2015,,22.99,27.99,26.99
2026-08-17,,,,,PL/936/EXP/ES/2015,,23.49,28.99,26.99
2026-08-17,,,,,PL/9359/EXP/ES/2015,,23.91,28.19,27.19
2026-08-17,,,,,PL/9357/EXP/ES/2015,,23.99,28.99,27.00
2026-08-17,,,,,PL/9356/EXP/ES/2015,,29.90,28.90,
2026-08-17,,,,,PL/9353/EXP/ES/2015,,22.99,27.99,
2026-08-17,,,,JORIMAR GASOLINEROS S.A. DE C.V.,PL/9351/EXP/ES/2015,Carretera a Toluquilla Ingreso Al Fraccionamientola Fortuna N. 5600,22.99,28.39,26.99
2026-08-17,,,,,PL/9350/EXP/ES/2015,,23.99,27.99,26.85
2026-08-17,,,,,PL/935/EXP/ES/2015,,22.99,29.49,26.99
2026-08-17,,,,,PL/9349/EXP/ES/2015,,22.99,28.39,26.99
2026-08-17,,,,,PL/9348/EXP/ES/2015,,23.94,28.10,26.80
2026-08-17,,,,,PL/9347/EXP/ES/2015,,23.99,29.99,27.00
2026-08-17,,,,JORIMAR GASOLINEROS S.A. DE C.V.,PL/9346/EXP/ES/2015,Carretera Cuescomatitlán - Cajititlán N-301,22.99,28.39,26.99
2026-08-17,,,,,PL/9344/EXP/ES/2015,,23.90,28.84,26.99
2026-08-17,,,,,PL/9343/EXP/ES/2015,,24.94,28.84,27.99
2026-08-17,,,,,PL/9342/EXP/ES/2015,,22.99,27.99,26.99
2026-08-17,,,,,PL/9341/EXP/ES/2015,,23.98,28.16,27.00
2026-08-17,,,,,PL/9340/EXP/ES/2015,,23.99,29.49,27.29
2026-08-17,,,,,PL/934/EXP/ES/2015,,21.99,28.59,26.99
2026-08-17,,,,,PL/9339/EXP/ES/2015,,23.99,27.19,27.00
2026-08-17,,,,,PL/9338/EXP/ES/2015,,23.99,28.98,27.00
2026-08-17,,,,,PL/9337/EXP/ES/2015,,23.99,29.99,27.99
2026-08-17,,,,,PL/9336/EXP/ES/2015,,23.35,27.99,26.99
2026-08-17,,,,,PL/9335/EXP/ES/2015,,23.99,28.98,27.20
2026-08-17,,,,,PL/9334/EXP/ES/2015,,23.69,28.49,26.99
2026-08-17,,,,,PL/9333/EXP/ES/2015,,23.97,28.37,26.99
2026-08-17,,,,,PL/9332/EXP/ES/2015,,23.29,27.57,
2026-08-17,,,,,PL/9331/EXP/ES/2015,,23.29,28.29,27.00
2026-08-17,,,,,PL/9330/EXP/ES/2015,,23.99,28.29,26.99
2026-08-17,,,,,PL/933/EXP/ES/2015,,23.99,29.99,27.00
2026-08-17,,,,,PL/9329/EXP/ES/2015,,23.39,28.52,26.99
2026-08-17,,,,,PL/9328/EXP/ES/2015,,23.99,29.00,27.00
2026-08-17,,,,,PL/9327/EXP/ES/2015,,22.66,28.36,26.99
2026-08-17,,,,,PL/9326/EXP/ES/2015,,23.49,28.39,
2026-08-17,,,,,PL/9325/EXP/ES/2015,,23.99,29.49,27.00
2026-08-17,,,,,PL/9324/EXP/ES/2015,,23.29,28.49,27.00
2026-08-17,,,,,PL/9322/EXP/ES/2015,,22.78,27.99,26.88
2026-08-17,,,,VALCOOP Y ASOCIADOS S.A. DE C.V.,PL/9321/EXP/ES/2015,Carretera Guadalajara-Chapala Km 15.50 No. 10001,23.80,28.70,26.99
2026-08-17,,,,,PL/9320/EXP/ES/2015,,23.79,27.49,27.00
2026-08-17,,,,,PL/932/EXP/ES/2015,,22.99,28.99,26.99
2026-08-17,,,,,PL/9319/EXP/ES/2015,,23.80,28.28,27.00
2026-08-17,,,,,PL/9318/EXP/ES/2015,,24.29,28.59,27.00
2026-08-17,,,,,PL/9317/EXP/ES/2015,,23.89,28.79,27.00
2026-08-17,,,,,PL/9316/EXP/ES/2015,,23.99,28.59,27.00
2026-08-17,,,,,PL/9315/EXP/ES/2015,,23.99,28.59,27.00
2026-08-17,,,,,PL/9314/EXP/ES/2015,,23.99,28.59,27.00
2026-08-17,,,,,PL/9313/EXP/ES/2015,,23.79,28.59,27.00
2026-08-17,,,,,PL/9312/EXP/ES/2015,,24.19,28.89,27.00
2026-08-17,,,,,PL/9311/EXP/ES/2015,,23.70,28.39,
2026-08-17,,,,,PL/9310/EXP/ES/2015,,23.79,28.59,27.00
2026-08-17,,,,,PL/931/EXP/ES/2015,,20.69,28.59,26.99
2026-08-17,,,,,PL/9309/EXP/ES/2015,,20.35,23.99,26.69
2026-08-17,,,,,PL/9308/EXP/ES/2015,,19.99,23.29,26.69
2026-08-17,,,,,PL/9307/EXP/ES/2015,,20.50,23.99,
2026-08-17,,,,,PL/9306/EXP/ES/2015,,20.70,23.99,26.69
2026-08-17,,,,,PL/9305/EXP/ES/2015,,23.99,29.99,
2026-08-17,,,,,PL/9304/EXP/ES/2015,,23.99,29.99,
2026-08-17,,,,,PL/9303/EXP/ES/2015,,23.99,29.99,27.00
2026-08-17,,,,,PL/9302/EXP/ES/2015,,23.99,29.99,27.00
2026-08-17,,,,,PL/9301/EXP/ES/2015,,23.99,29.99,27.00
2026-08-17,,,,,PL/9300/EXP/ES/2015,,23.99,29.99,27.00
2026-08-17,,,,,PL/930/EXP/ES/2015,,23.49,28.99,26.99
2026-08-17,,,,,PL/9299/EXP/ES/2015,,24.99,29.69,27.00
2026-08-17,,,,,PL/9298/EXP/ES/2015,,23.99,29.99,27.00
2026-08-17,,,,,PL/9297/EXP/ES/2015,,23.50,28.50,
2026-08-17,,,,,PL/9296/EXP/ES/2015,,22.99,28.69,
2026-08-17,,,,,PL/9295/EXP/ES/2015,,23.99,28.69,27.00
2026-08-17,,,,,PL/9294/EXP/ES/2015,,23.99,28.69,27.00
2026-08-17,,,,,PL/9293/EXP/ES/2015,,23.96,28.09,26.97
2026-08-17,,,,,PL/9292/EXP/ES/2015,,23.69,28.20,27.00
2026-08-17,,,,,PL/9291/EXP/ES/2015,,23.49,27.99,26.99
2026-08-17,,,,,PL/9290/EXP/ES/2015,,23.05,27.65,26.70
2026-08-17,,,,,PL/929/EXP/ES/2015,,21.99,28.59,26.99
2026-08-17,,,,,PL/9289/EXP/ES/2015,,19.99,25.99,26.99
2026-08-17,,,,,PL/9288/EXP/ES/2015,,23.99,29.89,
2026-08-17,,,,,PL/9287/EXP/ES/2015,,23.99,28.28,28.74
2026-08-17,,,,,PL/9286/EXP/ES/2015,,23.99,29.89,27.00
2026-08-17,,,,,PL/9285/EXP/ES/2015,,24.99,29.99,27.99
2026-08-17,,,,,PL/9284/EXP/ES/2015,,23.99,28.79,26.86
2026-08-17,,,,,PL/9283/EXP/ES/2015,,20.49,23.49,
2026-08-17,,,,,PL/9282/EXP/ES/2015,,24.49,28.99,
2026-08-17,,,,,PL/9281/EXP/ES/2015,,23.14,26.88,26.89
2026-08-17,,,,,PL/9280/EXP/ES/2015,,24.79,28.59,27.89
2026-08-17,,,,,PL/928/EXP/ES/2015,,23.49,28.99,26.99
2026-08-17,,,,,PL/9279/EXP/ES/2015,,23.99,28.69,27.00
2026-08-17,,,,,PL/9278/EXP/ES/2015,,23.89,27.99,
2026-08-17,,,,,PL/9277/EXP/ES/2015,,23.99,28.69,27.00
2026-08-17,,,,,PL/9276/EXP/ES/2015,,24.38,29.99,27.48
2026-08-17,,,,,PL/9275/EXP/ES/2015,,24.38,29.99,27.48
2026-08-17,,,,,PL/9274/EXP/ES/2015,,24.38,29.99,27.48
2026-08-17,,,,,PL/9273/EXP/ES/2015,,23.99,29.49,
2026-08-17,,,,,PL/9272/EXP/ES/2015,,23.99,29.49,
2026-08-17,,,,,PL/9271/EXP/ES/2015,,23.99,28.69,27.00
2026-08-17,,,,,PL/9270/EXP/ES/2015,,24.69,29.99,27.00
2026-08-17,,,,,PL/927/EXP/ES/2015,,22.99,28.99,26.99
2026-08-17,,,,,PL/9269/EXP/ES/2015,,24.60,,29.20
2026-08-17,,,,,PL/9268/EXP/ES/2015,,23.94,28.82,27.00
2026-08-17,,,,,PL/9266/EXP/ES/2015,,24.99,,30.99
2026-08-17,,,,,PL/9265/EXP/ES/2015,,23.99,28.95,27.00
2026-08-17,,,,,PL/9264/EXP/ES/2015,,23.99,28.89,27.00
2026-08-17,,,,,PL/9263/EXP/ES/2015,,23.99,29.99,27.00
2026-08-17,,,,,PL/9261/EXP/ES/2015,,23.69,27.68,26.99
2026-08-17,,,,,PL/9260/EXP/ES/2015,,23.99,27.99,
2026-08-17,,,,,PL/926/EXP/ES/2015,,22.99,27.99,26.99
2026-08-17,,,,,PL/9259/EXP/ES/2015,,23.99,29.78,27.00
2026-08-17,,,,,PL/9258/EXP/ES/2015,,23.39,28.29,
2026-08-17,,,,,PL/9257/EXP/ES/2015,,23.99,29.49,
2026-08-17,,,,,PL/9256/EXP/ES/2015,,23.98,28.85,26.85
2026-08-17,,,,,PL/925/EXP/ES/2015,,25.39,28.99,
2026-08-17,,,,,PL/924/EXP/ES/2015,,25.39,28.99,28.28
2026-08-17,,,,,PL/923/EXP/ES/2015,,23.99,28.49,26.99
2026-08-17,,,,,PL/922/EXP/ES/2015,,25.37,28.97,
2026-08-17,,,,,PL/921/EXP/ES/2015,,23.99,29.38,
2026-08-17,,,,,PL/9205/EXP/ES/2015,,24.50,30.50,27.00
2026-08-17,,,,,PL/9204/EXP/ES/2015,,23.15,27.50,26.99
2026-08-17,,,,,PL/9203/EXP/ES/2015,,23.15,27.50,26.99
2026-08-17,,,,,PL/9202/EXP/ES/2015,,23.98,29.24,27.00
2026-08-17,,,,,PL/9201/EXP/ES/2015,,23.95,28.45,26.99
2026-08-17,,,,,PL/9200/EXP/ES/2015,,23.98,29.14,27.00
2026-08-17,,,,,PL/920/EXP/ES/2015,,23.99,28.48,27.00
2026-08-17,,,,,PL/9199/EXP/ES/2015,,23.95,,26.99
2026-08-17,,,,,PL/9198/EXP/ES/2015,,19.99,,26.99
2026-08-17,,,,,PL/9197/EXP/ES/2015,,23.98,29.00,27.00
2026-08-17,,,,,PL/9196/EXP/ES/2015,,23.99,28.99,
2026-08-17,,,,,PL/9195/EXP/ES/2015,,23.98,29.24,27.00
2026-08-17,,,,,PL/9194/EXP/ES/2015,,23.89,28.90,27.00
2026-08-17,,,,,PL/9193/EXP/ES/2015,,23.59,28.85,26.89
2026-08-17,,,,,PL/9192/EXP/ES/2015,,23.99,,27.00
2026-08-17,,,,,PL/9191/EXP/ES/2015,,23.89,27.94,26.99
2026-08-17,,,,,PL/9190/EXP/ES/2015,,23.30,27.60,
2026-08-17,,,,,PL/919/EXP/ES/2015,,23.99,28.49,
2026-08-17,,,,,PL/9189/EXP/ES/2015,,23.89,27.94,27.00
2026-08-17,,,,,PL/9188/EXP/ES/2015,,23.79,28.09,27.00
2026-08-17,,,,,PL/9186/EXP/ES/2015,,23.99,27.94,27.00
2026-08-17,,,,,PL/9185/EXP/ES/2015,,23.99,27.52,27.00
2026-08-17,,,,,PL/9184/EXP/ES/2015,,23.99,28.42,27.00
2026-08-17,,,,,PL/9183/EXP/ES/2015,,23.99,28.88,27.00
2026-08-17,,,,,PL/9182/EXP/ES/2015,,22.75,27.99,
2026-08-17,,,,,PL/9181/EXP/ES/2015,,20.99,26.99,
2026-08-17,,,,,PL/9180/EXP/ES/2015,,23.99,28.59,27.00
2026-08-17,,,,,PL/918/EXP/ES/2015,,24.19,29.59,27.00
2026-08-17,,,,,PL/9179/EXP/ES/2015,,24.29,28.59,27.00
2026-08-17,,,,,PL/9178/EXP/ES/2015,,23.59,28.59,27.00
2026-08-17,,,,,PL/9177/EXP/ES/2015,,23.99,28.59,27.00
2026-08-17,,,,,PL/9176/EXP/ES/2015,,24.59,28.59,27.00
2026-08-17,,,,,PL/9175/EXP/ES/2015,,24.49,29.99,27.00
2026-08-17,,,,,PL/9174/EXP/ES/2015,,23.99,29.99,27.00
2026-08-17,,,,,PL/9173/EXP/ES/2015,,23.99,29.99,27.00
2026-08-17,,,,,PL/9172/EXP/ES/2015,,23.99,29.99,27.00
2026-08-17,,,,,PL/9171/EXP/ES/2015,,23.99,27.20,27.00
2026-08-17,,,,,PL/9170/EXP/ES/2015,,24.49,29.99,27.00
2026-08-17,,,,,PL/917/EXP/ES/2015,,23.99,29.96,
2026-08-17,,,,,PL/9169/EXP/ES/2015,,24.99,29.99,27.00
2026-08-17,,,,,PL/9168/EXP/ES/2015,,24.49,29.99,
2026-08-17,,,,,PL/9167/EXP/ES/2015,,23.99,29.99,
2026-08-17,,,,,PL/9166/EXP/ES/2015,,23.29,27.45,26.79
2026-08-17,,,,,PL/9165/EXP/ES/2015,,23.45,27.85,26.85
2026-08-17,,,,,PL/9164/EXP/ES/2015,,24.99,29.99,
2026-08-17,,,,,PL/9163/EXP/ES/2015,,23.99,29.99,
2026-08-17,,,,,PL/9162/EXP/ES/2015,,23.99,28.19,27.00
2026-08-17,,,,,PL/9161/EXP/ES/2015,,23.99,29.99,
2026-08-17,,,,,PL/9160/EXP/ES/2015,,23.99,29.49,
2026-08-17,,,,,PL/916/EXP/ES/2015,,23.41,27.70,26.97
2026-08-17,,,,,PL/9159/EXP/ES/2015,,23.99,29.99,
2026-08-17,,,,,PL/9158/EXP/ES/2015,,23.99,29.99,
2026-08-17,,,,,PL/9157/EXP/ES/2015,,23.99,29.99,
2026-08-17,,,,,PL/9156/EXP/ES/2015,,24.49,29.99,27.00
2026-08-17,,,,,PL/9155/EXP/ES/2015,,23.99,29.99,
2026-08-17,,,,,PL/9154/EXP/ES/2015,,23.99,29.99,
2026-08-17,,,,,PL/9153/EXP/ES/2015,,23.99,29.99,
2026-08-17,,,,,PL/9152/EXP/ES/2015,,23.99,29.99,
2026-08-17,,,,,PL/9151/EXP/ES/2015,,23.99,29.99,27.00
2026-08-17,,,,,PL/9150/EXP/ES/2015,,23.99,29.99,
2026-08-17,,,,,PL/915/EXP/ES/2015,,24.00,29.00,27.00
2026-08-17,,,,,PL/9149/EXP/ES/2015,,23.99,29.99,
2026-08-17,,,,,PL/9148/EXP/ES/2015,,23.99,24.10,24.50
2026-08-17,,,,,PL/9147/EXP/ES/2015,,23.74,27.20,27.00
2026-08-17,,,,,PL/9146/EXP/ES/2015,,23.99,27.99,27.00
2026-08-17,,,,,PL/9145/EXP/ES/2015,,23.79,28.29,
2026-08-17,,,,,PL/9144/EXP/ES/2015,,23.99,28.89,26.99
2026-08-17,,,,,PL/9143/EXP/ES/2015,,23.99,28.15,27.00
2026-08-17,,,,,PL/9142/EXP/ES/2015,,23.40,27.60,
2026-08-17,,,,,PL/9141/EXP/ES/2015,,22.99,27.99,26.99
2026-08-17,,,,,PL/9140/EXP/ES/2015,,23.75,27.85,26.98
2026-08-17,,,,,PL/914/EXP/ES/2015,,23.82,28.24,26.99
2026-08-17,,,,,PL/9139/EXP/ES/2015,,23.30,27.50,26.98
2026-08-17,,,,,PL/9138/EXP/ES/2015,,23.99,29.39,26.99
2026-08-17,,,,,PL/9137/EXP/ES/2015,,23.76,27.86,26.98
2026-08-17,,,,,PL/9136/EXP/ES/2015,,24.14,28.64,28.43
2026-08-17,,,,,PL/9135/EXP/ES/2015,,21.29,24.79,25.39
2026-08-17,,,,,PL/9134/EXP/ES/2015,,23.98,27.98,26.98
2026-08-17,,,,,PL/9132/EXP/ES/2015,,23.99,,26.99
2026-08-17,,,,,PL/9131/EXP/ES/2015,,22.99,27.89,
2026-08-17,,,,,PL/9130/EXP/ES/2015,,23.95,27.95,
2026-08-17,,,,,PL/913/EXP/ES/2015,,23.69,28.18,
2026-08-17,,,,,PL/9129/EXP/ES/2015,,23.98,,27.00
2026-08-17,,,,,PL/9128/EXP/ES/2015,,23.93,28.33,27.00
2026-08-17,,,,,PL/9127/EXP/ES/2015,,23.29,27.99,26.99
2026-08-17,,,,,PL/9126/EXP/ES/2015,,24.59,29.99,28.10
2026-08-17,,,,,PL/9125/EXP/ES/2015,,18.78,,
2026-08-17,,,,,PL/9124/EXP/ES/2015,,23.69,27.99,26.99
2026-08-17,,,,,PL/9123/EXP/ES/2015,,23.89,27.99,26.99
2026-08-17,,,,,PL/9122/EXP/ES/2015,,20.59,,26.99
2026-08-17,,,,,PL/9121/EXP/ES/2015,,23.94,27.99,26.99
2026-08-17,,,,,PL/9120/EXP/ES/2015,,23.99,,27.00
2026-08-17,,,,,PL/912/EXP/ES/2015,,25.39,28.98,28.29
2026-08-17,,,,,PL/9119/EXP/ES/2015,,24.00,29.80,27.50
2026-08-17,,,,,PL/9118/EXP/ES/2015,,23.49,27.89,27.00
2026-08-17,,,,,PL/9117/EXP/ES/2015,,24.00,,27.20
2026-08-17,,,,,PL/9116/EXP/ES/2015,,23.99,29.19,26.99
2026-08-17,,,,,PL/9115/EXP/ES/2015,,23.99,26.99,27.00
2026-08-17,,,,,PL/9114/EXP/ES/2015,,23.80,27.40,27.00
2026-08-17,,,,,PL/9113/EXP/ES/2015,,23.55,27.70,27.00
2026-08-17,,,,,PL/9112/EXP/ES/2015,,23.55,27.70,27.00
2026-08-17,,,,,PL/9111/EXP/ES/2015,,23.99,29.42,26.99
2026-08-17,,,,,PL/9110/EXP/ES/2015,,23.99,29.99,27.00
2026-08-17,,,,,PL/911/EXP/ES/2015,,23.99,29.96,26.99
2026-08-17,,,,,PL/9109/EXP/ES/2015,,23.99,29.99,27.00
2026-08-17,,,,,PL/9108/EXP/ES/2015,,23.99,29.99,
2026-08-17,,,,,PL/9107/EXP/ES/2015,,23.99,29.99,27.00
2026-08-17,,,,,PL/9106/EXP/ES/2015,,23.99,28.27,27.00
2026-08-17,,,,,PL/9105/EXP/ES/2015,,18.65,,19.39
2026-08-17,,,,,PL/9104/EXP/ES/2015,,24.50,30.50,
2026-08-17,,,,,PL/9103/EXP/ES/2015,,18.78,,
2026-08-17,,,,,PL/9102/EXP/ES/2015,,23.75,28.45,
2026-08-17,,,,,PL/9100/EXP/ES/2015,,23.99,28.59,27.00
2026-08-17,,,,,PL/910/EXP/ES/2015,,25.37,28.99,
2026-08-17,,,,,PL/9099/EXP/ES/2015,,23.99,28.70,27.00
2026-08-17,,,,,PL/9098/EXP/ES/2015,,23.85,29.55,26.96
2026-08-17,,,,,PL/9097/EXP/ES/2015,,23.99,28.59,
2026-08-17,,,,,PL/9096/EXP/ES/2015,,23.90,28.59,27.00
2026-08-17,,,,,PL/9095/EXP/ES/2015,,23.99,28.59,
2026-08-17,,,,,PL/9094/EXP/ES/2015,,23.99,28.59,27.00
2026-08-17,,,,,PL/9093/EXP/ES/2015,,23.99,28.59,27.00
2026-08-17,,,,,PL/9092/EXP/ES/2015,,23.99,28.59,27.00
2026-08-17,,,,,PL/9091/EXP/ES/2015,,23.59,28.59,
2026-08-17,,,,,PL/9090/EXP/ES/2015,,23.99,28.59,27.00
2026-08-17,,,,,PL/9089/EXP/ES/2015,,23.85,29.55,26.96
2026-08-17,,,,,PL/9088/EXP/ES/2015,,24.49,28.59,27.00
2026-08-17,,,,,PL/9087/EXP/ES/2015,,23.99,28.59,27.00
2026-08-17,,,,,PL/9086/EXP/ES/2015,,23.69,27.54,
2026-08-17,,,,,PL/9085/EXP/ES/2015,,23.99,27.20,26.99
2026-08-17,,,,,PL/9084/EXP/ES/2015,,23.95,,26.99
2026-08-17,,,,,PL/9083/EXP/ES/2015,,24.50,,27.00
2026-08-17,,,,,PL/9082/EXP/ES/2015,,23.59,27.99,27.00
2026-08-17,,,,,PL/9081/EXP/ES/2015,,23.97,,26.99
2026-08-17,,,,,PL/9080/EXP/ES/2015,,23.49,28.49,
2026-08-17,,,,,PL/908/EXP/ES/2015,,23.89,,26.99
2026-08-17,,,,,PL/9079/EXP/ES/2015,,23.20,27.57,26.80
2026-08-17,,,,,PL/9078/EXP/ES/2015,,23.99,,26.95
2026-08-17,,,,,PL/9077/EXP/ES/2015,,23.99,28.19,27.00
2026-08-17,,,,,PL/9076/EXP/ES/2015,,23.99,28.79,27.00
2026-08-17,,,,,PL/9075/EXP/ES/2015,,23.99,29.29,27.00
2026-08-17,,,,,PL/9074/EXP/ES/2015,,23.49,26.99,27.00
2026-08-17,,,,,PL/9073/EXP/ES/2015,,23.14,23.38,26.95
2026-08-17,,,,,PL/9072/EXP/ES/2015,,24.00,,27.50
2026-08-17,,,,GASOLINERA LA CAPACHA S.A. DE C.V.,PL/9071/EXP/ES/2015,Carretera San Sebastian Santa María No. 383,23.99,29.99,26.90
2026-08-17,,,,,PL/9070/EXP/ES/2015,,21.29,24.79,
2026-08-17,,,,,PL/907/EXP/ES/2015,,23.97,28.69,
2026-08-17,,,,,PL/9069/EXP/ES/2015,,23.99,,26.99
2026-08-17,,,,,PL/9068/EXP/ES/2015,,23.99,29.25,27.50
2026-08-17,,,,,PL/9067/EXP/ES/2015,,19.99,24.79,25.39
2026-08-17,,,,,PL/9066/EXP/ES/2015,,23.75,26.30,26.99
2026-08-17,,,,,PL/9065/EXP/ES/2015,,19.95,22.85,
2026-08-17,,,,,PL/9064/EXP/ES/2015,,24.19,27.94,27.00
2026-08-17,,,,,PL/9063/EXP/ES/2015,,22.99,27.99,
2026-08-17,,,,,PL/9062/EXP/ES/2015,,22.98,27.99,26.89
2026-08-17,,,,,PL/9061/EXP/ES/2015,,23.95,27.95,27.00
2026-08-17,,,,,PL/9060/EXP/ES/2015,,23.99,28.49,26.99
2026-08-17,,,,,PL/9059/EXP/ES/2015,,24.19,28.09,27.39
2026-08-17,,,,,PL/9058/EXP/ES/2015,,22.99,27.99,26.99
2026-08-17,,,,,PL/9057/EXP/ES/2015,,22.94,27.46,26.72
2026-08-17,,,,,PL/9056/EXP/ES/2015,,23.90,27.50,27.00
2026-08-17,,,,,PL/9055/EXP/ES/2015,,23.99,29.25,26.99
2026-08-17,,,,,PL/9054/EXP/ES/2015,,22.99,27.89,26.99
2026-08-17,,,,,PL/9053/EXP/ES/2015,,23.99,28.89,26.99
2026-08-17,,,,,PL/9052/EXP/ES/2015,,23.65,27.95,26.99
2026-08-17,,,,,PL/9051/EXP/ES/2015,,23.58,28.49,26.99
2026-08-17,,,,,PL/9050/EXP/ES/2015,,23.99,28.80,27.00
2026-08-17,,,,,PL/905/EXP/ES/2015,,23.99,29.69,27.00
2026-08-17,,,,,PL/9049/EXP/ES/2015,,22.99,27.99,26.99
2026-08-17,,,,,PL/9048/EXP/ES/2015,,23.59,27.99,26.99
2026-08-17,,,,,PL/9047/EXP/ES/2015,,23.99,29.29,26.99
2026-08-17,,,,,PL/9046/EXP/ES/2015,,23.99,29.89,27.00
2026-08-17,,,,,PL/9045/EXP/ES/2015,,23.99,29.29,
2026-08-17,,,,,PL/9044/EXP/ES/2015,,23.80,28.18,
2026-08-17,,,,,PL/9043/EXP/ES/2015,,23.44,28.19,
2026-08-17,,,,,PL/9042/EXP/ES/2015,,23.91,27.99,
2026-08-17,,,,,PL/9041/EXP/ES/2015,,22.99,28.69,26.99
2026-08-17,,,,,PL/9040/EXP/ES/2015,,22.89,26.94,26.69
2026-08-17,,,,,PL/904/EXP/ES/2015,,23.39,27.99,26.99
2026-08-17,,,,,PL/9039/EXP/ES/2015,,22.79,26.74,
2026-08-17,,,,,PL/9038/EXP/ES/2015,,23.99,28.09,26.99
2026-08-17,,,,,PL/9037/EXP/ES/2015,,23.30,27.43,26.60
2026-08-17,,,,,PL/9036/EXP/ES/2015,,22.84,26.99,
2026-08-17,,,,,PL/9035/EXP/ES/2015,,23.94,28.59,26.99
2026-08-17,,,,,PL/9033/EXP/ES/2015,,23.99,28.19,
2026-08-17,,,,,PL/9032/EXP/ES/2015,,23.99,27.99,27.00
2026-08-17,,,,,PL/9031/EXP/ES/2015,,23.90,29.00,
2026-08-17,,,,,PL/903/EXP/ES/2015,,23.99,28.97,27.00
2026-08-17,,,,,PL/9029/EXP/ES/2015,,23.37,26.45,27.00
2026-08-17,,,,,PL/9028/EXP/ES/2015,,23.99,27.69,26.99
2026-08-17,,,,,PL/9027/EXP/ES/2015,,25.39,28.99,
2026-08-17,,,,,PL/9026/EXP/ES/2015,,23.89,28.09,27.00
2026-08-17,,,,,PL/9025/EXP/ES/2015,,23.99,28.89,26.99
2026-08-17,,,,,PL/9024/EXP/ES/2015,,23.99,28.65,26.99
2026-08-17,,,,,PL/9023/EXP/ES/2015,,23.99,29.30,27.47
2026-08-17,,,,,PL/9022/EXP/ES/2015,,23.99,28.19,26.99
2026-08-17,,,,,PL/9021/EXP/ES/2015,,23.99,29.70,27.00
2026-08-17,,,,,PL/9020/EXP/ES/2015,,22.40,26.60,25.39
2026-08-17,,,,,PL/902/EXP/ES/2015,,23.99,28.39,26.99
2026-08-17,,,,,PL/9019/EXP/ES/2015,,23.50,28.40,26.99
2026-08-17,,,,,PL/9018/EXP/ES/2015,,23.99,28.99,27.00
2026-08-17,,,,,PL/9017/EXP/ES/2015,,23.99,29.89,
2026-08-17,,,,,PL/9016/EXP/ES/2015,,23.50,28.40,
2026-08-17,,,,,PL/9015/EXP/ES/2015,,23.75,27.95,
2026-08-17,,,,,PL/9014/EXP/ES/2015,,23.98,28.29,
2026-08-17,,,,,PL/9013/EXP/ES/2015,,23.99,28.99,27.00
2026-08-17,,,,,PL/9012/EXP/ES/2015,,23.50,28.35,
2026-08-17,,,,,PL/9011/EXP/ES/2015,,22.27,,25.66
2026-08-17,,,,Servicios Ecológicos Chichen Itza S.A. de C.V.,PL/9010/EXP/ES/2015,Adolfo López Mateos No. 1300 Local 11,23.99,29.49,
2026-08-17,,,,,PL/901/EXP/ES/2015,,24.00,29.01,27.00
2026-08-17,,,,,PL/9009/EXP/ES/2015,,23.98,28.17,
2026-08-17,,,,,PL/9008/EXP/ES/2015,,23.48,28.49,
2026-08-17,,,,,PL/9006/EXP/ES/2015,,22.99,28.49,26.99
2026-08-17,,,,,PL/9005/EXP/ES/2015,,23.49,29.49,26.99
2026-08-17,,,,,PL/9004/EXP/ES/2015,,23.89,28.82,26.99
2026-08-17,,,,,PL/9003/EXP/ES/2015,,23.99,,27.00
2026-08-17,,,,,PL/9002/EXP/ES/2015,,23.89,,25.38
2026-08-17,,,,,PL/9001/EXP/ES/2015,,23.99,28.49,27.99
2026-08-17,,,,,PL/9000/EXP/ES/2015,,23.99,28.65,26.99
2026-08-17,,,,,PL/900/EXP/ES/2015,,23.99,29.34,26.99
2026-08-17,,,,,PL/8999/EXP/ES/2015,,24.00,,27.32
2026-08-17,,,,,PL/8998/EXP/ES/2015,,23.99,28.98,27.68
2026-08-17,,,,,PL/8997/EXP/ES/2015,,23.85,28.50,27.00
2026-08-17,,,,,PL/8996/EXP/ES/2015,,22.59,26.29,
2026-08-17,,,,,PL/8995/EXP/ES/2015,,24.00,,27.50
2026-08-17,,,,,PL/8994/EXP/ES/2015,,23.99,29.79,27.00
2026-08-17,,,,,PL/8993/EXP/ES/2015,,24.50,,28.50
2026-08-17,,,,,PL/8992/EXP/ES/2015,,,28.49,26.98
2026-08-17,,,,,PL/8991/EXP/ES/2015,,23.99,27.50,27.00
2026-08-17,,,,,PL/8990/EXP/ES/2015,,23.99,,27.00
2026-08-17,,,,,PL/899/EXP/ES/2015,,22.99,29.19,
2026-08-17,,,,,PL/8989/EXP/ES/2015,,23.99,29.80,27.00
2026-08-17,,,,,PL/8988/EXP/ES/2015,,23.98,29.39,
2026-08-17,,,,,PL/8987/EXP/ES/2015,,23.69,,27.00
2026-08-17,,,,,PL/8986/EXP/ES/2015,,23.94,29.39,27.00
2026-08-17,,,,,PL/8985/EXP/ES/2015,,23.99,28.59,26.99
2026-08-17,,,,,PL/8984/EXP/ES/2015,,24.39,27.99,27.00
2026-08-17,,,,,PL/8983/EXP/ES/2015,,23.99,28.10,
2026-08-17,,,,ENERGÍA FATIMA S.A. DE C.V.,PL/8982/EXP/ES/2015,Avenida Valle de Atemajac No. 2323,23.99,28.99,
2026-08-17,,,,,PL/8981/EXP/ES/2015,,23.99,28.10,26.99
2026-08-17,,,,,PL/8980/EXP/ES/2015,,23.79,28.59,26.99
2026-08-17,,,,,PL/898/EXP/ES/2015,,23.99,29.19,27.00
2026-08-17,,,,,PL/8979/EXP/ES/2015,,24.97,,27.00
2026-08-17,,,,SERVICIO LOS DELFINES S.A. DE C.V.,PL/8978/EXP/ES/2015,Avenida Acueducto 1555,23.99,28.99,26.99
2026-08-17,,,,,PL/8977/EXP/ES/2015,,23.99,29.29,27.00
2026-08-17,,,,,PL/8976/EXP/ES/2015,,23.99,28.48,27.00
2026-08-17,,,,,PL/8975/EXP/ES/2015,,22.99,26.99,26.99
2026-08-17,,,,,PL/8974/EXP/ES/2015,,20.49,23.40,
2026-08-17,,,,,PL/8973/EXP/ES/2015,,23.99,,
2026-08-17,,,,,PL/8972/EXP/ES/2015,,23.99,28.99,26.99
2026-08-17,,,,,PL/8971/EXP/ES/2015,,23.05,27.65,26.70
2026-08-17,,,,,PL/8970/EXP/ES/2015,,23.27,27.57,26.87
2026-08-17,,,,,PL/897/EXP/ES/2015,,23.59,28.29,
2026-08-17,,,,,PL/8969/EXP/ES/2015,,23.27,27.57,26.87
2026-08-17,,,,,PL/8968/EXP/ES/2015,,23.99,28.29,26.99
2026-08-17,,,,,PL/8967/EXP/ES/2015,,20.55,23.15,25.39
2026-08-17,,,,,PL/8966/EXP/ES/2015,,21.28,24.79,25.39
2026-08-17,,,,,PL/8965/EXP/ES/2015,,21.28,24.79,25.39
2026-08-17,,,,,PL/8964/EXP/ES/2015,,23.75,26.30,26.99
2026-08-17,,,,,PL/8963/EXP/ES/2015,,23.99,29.99,27.99
2026-08-17,,,,,PL/8962/EXP/ES/2015,,23.99,,25.99
2026-08-17,,,,,PL/8960/EXP/ES/2015,,23.50,26.99,26.50
2026-08-17,,,,,PL/896/EXP/ES/2015,,23.99,28.85,27.00
2026-08-17,,,,,PL/8959/EXP/ES/2015,,23.67,27.30,27.00
2026-08-17,,,,,PL/8958/EXP/ES/2015,,19.99,25.75,
2026-08-17,,,,,PL/8957/EXP/ES/2015,,24.00,,27.00
2026-08-17,,,,,PL/8956/EXP/ES/2015,,22.99,27.89,26.99
2026-08-17,,,,,PL/8955/EXP/ES/2015,,23.99,29.59,26.99
2026-08-17,,,,,PL/8954/EXP/ES/2015,,,28.99,
2026-08-17,,,,,PL/8953/EXP/ES/2015,,23.99,29.04,26.90
2026-08-17,,,,,PL/8952/EXP/ES/2015,,23.99,28.49,26.99
2026-08-17,,,,,PL/8951/EXP/ES/2015,,23.99,29.20,27.00
2026-08-17,,,,,PL/8950/EXP/ES/2015,,23.99,29.20,27.00
2026-08-17,,,,,PL/895/EXP/ES/2015,,23.89,28.42,
2026-08-17,,,,,PL/8949/EXP/ES/2015,,23.99,28.75,
2026-08-17,,,,,PL/8948/EXP/ES/2015,,23.99,29.20,27.00
2026-08-17,,,,,PL/8947/EXP/ES/2015,,23.99,28.35,26.99
2026-08-17,,,,,PL/8946/EXP/ES/2015,,23.99,28.49,26.99
2026-08-17,,,,,PL/8945/EXP/ES/2015,,23.30,28.00,26.90
2026-08-17,,,,,PL/8944/EXP/ES/2015,,23.60,28.69,26.99
2026-08-17,,,,,PL/8943/EXP/ES/2015,,23.99,29.99,27.00
2026-08-17,,,,,PL/8942/EXP/ES/2015,,24.00,28.98,27.24
2026-08-17,,,,,PL/894/EXP/ES/2015,,23.49,,27.00
2026-08-17,,,,,PL/8939/EXP/ES/2015,,22.59,27.99,
2026-08-17,,,,,PL/8938/EXP/ES/2015,,23.99,29.69,
2026-08-17,,,,,PL/8937/EXP/ES/2015,,23.79,27.99,26.99
2026-08-17,,,,,PL/8936/EXP/ES/2015,,23.99,28.55,27.00
2026-08-17,,,,,PL/8935/EXP/ES/2015,,23.99,28.49,27.49
2026-08-17,,,,,PL/8934/EXP/ES/2015,,23.99,29.29,27.00
2026-08-17,,,,,PL/8933/EXP/ES/2015,,19.85,24.99,25.39
2026-08-17,,,,,PL/8932/EXP/ES/2015,,23.99,29.29,27.00
2026-08-17,,,,,PL/8931/EXP/ES/2015,,22.99,27.99,
2026-08-17,,,,,PL/8930/EXP/ES/2015,,23.99,29.29,27.00
2026-08-17,,,,,PL/893/EXP/ES/2015,,23.99,28.82,27.00
2026-08-17,,,,,PL/8929/EXP/ES/2015,,23.99,29.49,26.99
2026-08-17,,,,,PL/8928/EXP/ES/2015,,23.99,29.49,26.99
2026-08-17,,,,,PL/8927/EXP/ES/2015,,23.99,29.69,
2026-08-17,,,,,PL/8926/EXP/ES/2015,,23.99,29.69,
2026-08-17,,,,,PL/8925/EXP/ES/2015,,23.99,29.69,26.99
2026-08-17,,,,,PL/8924/EXP/ES/2015,,23.99,29.69,26.99
2026-08-17,,,,,PL/8923/EXP/ES/2015,,23.99,29.69,26.99
2026-08-17,,,,,PL/8922/EXP/ES/2015,,23.99,29.25,
2026-08-17,,,,,PL/8921/EXP/ES/2015,,24.69,29.99,27.00
2026-08-17,,,,,PL/8920/EXP/ES/2015,,23.99,27.89,27.00
2026-08-17,,,,,PL/892/EXP/ES/2015,,23.99,28.99,26.99
2026-08-17,,,,,PL/8918/EXP/ES/2015,,23.69,27.39,27.00
2026-08-17,,,,,PL/8917/EXP/ES/2015,,23.69,28.59,26.99
2026-08-17,,,,,PL/8916/EXP/ES/2015,,23.69,27.99,
2026-08-17,,,,,PL/8915/EXP/ES/2015,,24.00,28.99,27.80
2026-08-17,,,,,PL/8914/EXP/ES/2015,,23.99,29.49,27.00
2026-08-17,,,,,PL/8913/EXP/ES/2015,,23.99,27.99,
2026-08-17,,,,,PL/8912/EXP/ES/2015,,22.92,28.75,26.99
2026-08-17,,,,,PL/8911/EXP/ES/2015,,21.00,26.99,
2026-08-17,,,,,PL/8910/EXP/ES/2015,,22.99,27.99,27.00
2026-08-17,,,,,PL/891/EXP/ES/2015,,19.98,24.39,26.39
2026-08-17,,,,,PL/8908/EXP/ES/2015,,24.00,26.20,
2026-08-17,,,,,PL/8907/EXP/ES/2015,,23.99,29.69,
2026-08-17,,,,GASOLINERA PATRIA S.A. DE C.V.,PL/8906/EXP/ES/2015,Avenida Patria No. 2495,22.99,27.99,27.00
2026-08-17,,,,,PL/8905/EXP/ES/2015,,23.97,28.99,26.99
2026-08-17,,,,,PL/8904/EXP/ES/2015,,22.98,25.38,
2026-08-17,,,,,PL/8903/EXP/ES/2015,,22.99,27.99,26.99
2026-08-17,,,,,PL/8902/EXP/ES/2015,,22.99,,26.99
2026-08-17,,,,,PL/8901/EXP/ES/2015,,23.99,29.10,28.00
2026-08-17,,,,,PL/8900/EXP/ES/2015,,23.99,27.99,26.99
2026-08-17,,,,,PL/890/EXP/ES/2015,,24.99,29.69,26.99
2026-08-17,,,,,PL/8899/EXP/ES/2015,,23.97,28.97,26.99
2026-08-17,,,,,PL/8898/EXP/ES/2015,,23.79,27.99,26.99
2026-08-17,,,,,PL/8897/EXP/ES/2015,,23.99,28.89,27.00
2026-08-17,,,,,PL/8896/EXP/ES/2015,,23.97,28.79,26.99
2026-08-17,,,,,PL/8895/EXP/ES/2015,,23.39,28.39,26.98
2026-08-17,,,,,PL/8894/EXP/ES/2015,,19.19,25.46,25.89
2026-08-17,,,,,PL/8892/EXP/ES/2015,,23.89,27.49,27.00
2026-08-17,,,,,PL/8891/EXP/ES/2015,,23.99,27.89,27.39
2026-08-17,,,,,PL/889/EXP/ES/2015,,25.39,28.99,
2026-08-17,,,,,PL/8889/EXP/ES/2015,,24.40,,27.35
2026-08-17,,,,,PL/8888/EXP/ES/2015,,24.69,29.99,
2026-08-17,,,,,PL/8887/EXP/ES/2015,,19.19,23.29,
2026-08-17,,,,,PL/8886/EXP/ES/2015,,24.00,,27.00
2026-08-17,,,,,PL/8885/EXP/ES/2015,,23.95,28.99,27.00
2026-08-17,,,,,PL/8884/EXP/ES/2015,,23.80,,26.00
2026-08-17,,,,,PL/8883/EXP/ES/2015,,24.49,29.99,27.00
2026-08-17,,,,,PL/8882/EXP/ES/2015,,23.99,29.99,27.00
2026-08-17,,,,,PL/8881/EXP/ES/2015,,24.49,29.99,
2026-08-17,,,,,PL/8880/EXP/ES/2015,,23.84,28.84,
2026-08-17,,,,,PL/888/EXP/ES/2015,,25.39,28.99,
2026-08-17,,,,,PL/8879/EXP/ES/2015,,23.79,28.69,27.39
2026-08-17,,,,,PL/8878/EXP/ES/2015,,22.99,27.99,
2026-08-17,,,,,PL/8877/EXP/ES/2015,,23.49,28.49,
2026-08-17,,,,,PL/8876/EXP/ES/2015,,23.27,28.93,
2026-08-17,,,,,PL/8875/EXP/ES/2015,,24.49,29.69,27.00
2026-08-17,,,,,PL/8874/EXP/ES/2015,,23.79,29.99,27.00
2026-08-17,,,,,PL/8873/EXP/ES/2015,,23.99,,26.99
2026-08-17,,,,,PL/8872/EXP/ES/2015,,23.99,,27.00
2026-08-17,,,,,PL/8871/EXP/ES/2015,,23.99,29.29,26.99
2026-08-17,,,,,PL/8870/EXP/ES/2015,,23.99,,27.00
2026-08-17,,,,,PL/887/EXP/ES/2015,,23.99,28.99,27.00
2026-08-17,,,,,PL/8869/EXP/ES/2015,,23.99,29.45,26.98
2026-08-17,,,,,PL/886/EXP/ES/2015,,23.99,29.38,26.99
2026-08-17,,,,,PL/885/EXP/ES/2015,,23.99,28.99,27.00
2026-08-17,,,,,PL/884/EXP/ES/2015,,25.39,28.99,
2026-08-17,,,,,PL/883/EXP/ES/2015,,23.99,29.49,
2026-08-17,,,,,PL/882/EXP/ES/2015,,23.99,26.39,
2026-08-17,,,,,PL/881/EXP/ES/2015,,23.99,28.79,27.00
2026-08-17,,,,,PL/880/EXP/ES/2015,,23.99,29.99,27.00
2026-08-17,,,,,PL/879/EXP/ES/2015,,23.99,28.99,27.00
2026-08-17,,,,,PL/878/EXP/ES/2015,,23.99,29.99,27.00
2026-08-17,,,,,PL/8779/EXP/ES/2015,,23.99,28.90,27.00
2026-08-17,,,,,PL/8778/EXP/ES/2015,,20.59,26.79,
2026-08-17,,,,,PL/8777/EXP/ES/2015,,23.99,27.99,
2026-08-17,,,,,PL/8776/EXP/ES/2015,,23.49,28.49,
2026-08-17,,,,,PL/8775/EXP/ES/2015,,23.99,28.99,27.00
2026-08-17,,,,,PL/8774/EXP/ES/2015,,23.99,27.99,26.99
2026-08-17,,,,,PL/8773/EXP/ES/2015,,22.99,28.49,26.99
2026-08-17,,,,,PL/8772/EXP/ES/2015,,23.80,28.20,27.00
2026-08-17,,,,,PL/8771/EXP/ES/2015,,22.99,28.49,26.99
2026-08-17,,,,,PL/8770/EXP/ES/2015,,22.99,28.49,26.99
2026-08-17,,,,,PL/877/EXP/ES/2015,,23.99,29.99,27.00
2026-08-17,,,,,PL/8769/EXP/ES/2015,,23.99,27.39,
2026-08-17,,,,,PL/8768/EXP/ES/2015,,23.99,29.49,27.00
2026-08-17,,,,,PL/8767/EXP/ES/2015,,23.99,27.82,27.00
2026-08-17,,,,,PL/8766/EXP/ES/2015,,23.99,27.82,27.00
2026-08-17,,,,,PL/8765/EXP/ES/2015,,23.99,27.33,27.00
2026-08-17,,,,,PL/8764/EXP/ES/2015,,23.99,29.19,26.99
2026-08-17,,,,,PL/8763/EXP/ES/2015,,23.99,29.19,26.99
2026-08-17,,,,,PL/8762/EXP/ES/2015,,21.29,24.79,25.39
2026-08-17,,,,,PL/8761/EXP/ES/2015,,23.99,28.85,27.00
2026-08-17,,,,,PL/8760/EXP/ES/2015,,24.00,29.30,
2026-08-17,,,,,PL/876/EXP/ES/2015,,22.99,28.99,26.99
2026-08-17,,,,,PL/8759/EXP/ES/2015,,22.99,26.99,
2026-08-17,,,,,PL/8758/EXP/ES/2015,,23.99,28.99,26.99
2026-08-17,,,,,PL/8757/EXP/ES/2015,,24.79,29.99,27.00
2026-08-17,,,,,PL/8756/EXP/ES/2015,,22.85,26.85,26.45
2026-08-17,,,,,PL/8755/EXP/ES/2015,,23.98,29.24,27.00
2026-08-17,,,,,PL/8754/EXP/ES/2015,,24.79,29.99,27.00
2026-08-17,,,,,PL/8753/EXP/ES/2015,,23.25,28.05,26.85
2026-08-17,,,,,PL/8752/EXP/ES/2015,,23.99,28.99,26.99
2026-08-17,,,,,PL/8751/EXP/ES/2015,,24.79,29.99,27.99
2026-08-17,,,,,PL/8750/EXP/ES/2015,,23.98,29.14,27.00
2026-08-17,,,,,PL/875/EXP/ES/2015,,23.99,29.49,26.99
2026-08-17,,,,,PL/8748/EXP/ES/2015,,23.39,27.95,26.98
2026-08-17,,,,,PL/8747/EXP/ES/2015,,23.99,29.59,
2026-08-17,,,,,PL/8746/EXP/ES/2015,,23.99,29.59,27.00
2026-08-17,,,,,PL/8745/EXP/ES/2015,,23.39,27.99,26.99
2026-08-17,,,,,PL/8744/EXP/ES/2015,,23.99,29.59,27.00
2026-08-17,,,,,PL/8743/EXP/ES/2015,,23.99,29.59,
2026-08-17,,,,,PL/8742/EXP/ES/2015,,23.69,28.36,
2026-08-17,,,,,PL/8741/EXP/ES/2015,,23.99,28.99,27.00
2026-08-17,,,,,PL/8740/EXP/ES/2015,,23.99,29.29,26.99
2026-08-17,,,,,PL/8739/EXP/ES/2015,,24.19,29.29,26.99
2026-08-17,,,,,PL/8738/EXP/ES/2015,,23.99,29.29,26.99
2026-08-17,,,,,PL/8737/EXP/ES/2015,,23.99,29.29,26.99
2026-08-17,,,,,PL/8736/EXP/ES/2015,,23.99,29.29,26.99
2026-08-17,,,,,PL/8735/EXP/ES/2015,,23.99,29.29,26.99
2026-08-17,,,,,PL/8734/EXP/ES/2015,,24.09,29.29,26.99
2026-08-17,,,,,PL/8733/EXP/ES/2015,,23.99,29.29,
2026-08-17,,,,,PL/8732/EXP/ES/2015,,24.55,28.75,
2026-08-17,,,,,PL/8731/EXP/ES/2015,,23.57,27.85,26.99
2026-08-17,,,,,PL/8730/EXP/ES/2015,,22.99,28.99,
2026-08-17,,,,,PL/873/EXP/ES/2015,,23.99,29.59,27.00
2026-08-17,,,,,PL/8729/EXP/ES/2015,,20.59,26.79,25.39
2026-08-17,,,,,PL/8728/EXP/ES/2015,,24.00,29.30,27.45
2026-08-17,,,,,PL/8727/EXP/ES/2015,,23.99,28.85,27.00
2026-08-17,,,,,PL/8726/EXP/ES/2015,,24.00,,27.45
2026-08-17,,,,,PL/8725/EXP/ES/2015,,20.69,26.79,
2026-08-17,,,,,PL/8724/EXP/ES/2015,,23.89,28.82,26.99
2026-08-17,,,,,PL/8723/EXP/ES/2015,,20.59,26.79,25.39
2026-08-17,,,,,PL/8722/EXP/ES/2015,,20.59,26.79,25.39
2026-08-17,,,,,PL/8721/EXP/ES/2015,,23.99,28.39,27.29
2026-08-17,,,,,PL/8720/EXP/ES/2015,,20.59,26.79,
2026-08-17,,,,,PL/872/EXP/ES/2015,,23.97,26.98,27.00
2026-08-17,,,,,PL/8719/EXP/ES/2015,,23.99,28.99,
2026-08-17,,,,,PL/8716/EXP/ES/2015,,23.29,27.79,
2026-08-17,,,,,PL/8715/EXP/ES/2015,,23.99,29.49,
2026-08-17,,,,,PL/8714/EXP/ES/2015,,23.30,27.97,
2026-08-17,,,,,PL/8713/EXP/ES/2015,,23.29,27.57,26.98
2026-08-17,,,,,PL/8712/EXP/ES/2015,,23.65,28.99,27.00
2026-08-17,,,,,PL/8711/EXP/ES/2015,,23.49,28.49,
2026-08-17,,,,,PL/8710/EXP/ES/2015,,23.99,28.30,27.00
2026-08-17,,,,,PL/871/EXP/ES/2015,,23.99,29.38,26.99
2026-08-17,,,,,PL/8709/EXP/ES/2015,,23.89,,27.00
2026-08-17,,,,,PL/8708/EXP/ES/2015,,23.39,28.19,
2026-08-17,,,,,PL/8707/EXP/ES/2015,,23.98,29.24,27.00
2026-08-17,,,,,PL/8706/EXP/ES/2015,,23.89,28.79,26.89
2026-08-17,,,,,PL/8705/EXP/ES/2015,,23.49,28.49,27.00
2026-08-17,,,,,PL/8704/EXP/ES/2015,,23.98,28.79,
2026-08-17,,,,,PL/8703/EXP/ES/2015,,23.99,29.49,27.00
2026-08-17,,,,,PL/8702/EXP/ES/2015,,23.59,27.10,27.00
2026-08-17,,,,,PL/8701/EXP/ES/2015,,23.69,27.89,26.99
2026-08-17,,,,,PL/8700/EXP/ES/2015,,23.99,29.14,27.00
2026-08-17,,,,,PL/870/EXP/ES/2015,,18.29,23.29,
2026-08-17,,,,,PL/8699/EXP/ES/2015,,23.37,28.35,26.99
2026-08-17,,,,,PL/8698/EXP/ES/2015,,23.85,28.60,27.00
2026-08-17,,,,,PL/8697/EXP/ES/2015,,23.85,28.38,27.00
2026-08-17,,,,,PL/8696/EXP/ES/2015,,23.99,29.00,27.00
2026-08-17,,,,,PL/8695/EXP/ES/2015,,23.98,29.24,27.00
2026-08-17,,,,,PL/8694/EXP/ES/2015,,23.80,27.50,27.00
2026-08-17,,,,,PL/8693/EXP/ES/2015,,20.59,26.79,25.39
2026-08-17,,,,,PL/8692/EXP/ES/2015,,23.29,27.49,27.00
2026-08-17,,,,,PL/8691/EXP/ES/2015,,24.99,29.99,27.00
2026-08-17,,,,,PL/8690/EXP/ES/2015,,22.99,28.99,
2026-08-17,,,,,PL/869/EXP/ES/2015,,22.99,28.99,26.99
2026-08-17,,,,,PL/8689/EXP/ES/2015,,22.99,28.89,
2026-08-17,,,,,PL/8688/EXP/ES/2015,,23.99,29.99,
2026-08-17,,,,,PL/8687/EXP/ES/2015,,23.99,29.99,
2026-08-17,,,,,PL/8686/EXP/ES/2015,,24.00,28.99,27.00
2026-08-17,,,,,PL/8685/EXP/ES/2015,,23.89,29.69,26.99
2026-08-17,,,,,PL/8684/EXP/ES/2015,,23.99,29.48,26.99
2026-08-17,,,,,PL/8683/EXP/ES/2015,,23.39,27.49,26.99
2026-08-17,,,,,PL/8682/EXP/ES/2015,,23.80,27.90,27.00
2026-08-17,,,,,PL/8681/EXP/ES/2015,,23.99,29.09,26.99
2026-08-17,,,,,PL/8680/EXP/ES/2015,,23.75,27.20,
2026-08-17,,,,,PL/868/EXP/ES/2015,,23.99,28.49,
2026-08-17,,,,,PL/8679/EXP/ES/2015,,23.99,29.09,27.00
2026-08-17,,,,,PL/8678/EXP/ES/2015,,23.99,28.99,27.00
2026-08-17,,,,,PL/8677/EXP/ES/2015,,24.79,29.49,26.99
2026-08-17,,,,,PL/8676/EXP/ES/2015,,23.99,28.89,26.49
2026-08-17,,,,,PL/8675/EXP/ES/2015,,23.89,28.49,26.89
2026-08-17,,,,,PL/8674/EXP/ES/2015,,22.99,28.99,25.99
2026-08-17,,,,,PL/8672/EXP/ES/2015,,23.99,29.59,
2026-08-17,,,,,PL/8671/EXP/ES/2015,,23.99,29.59,
2026-08-17,,,,,PL/8670/EXP/ES/2015,,23.97,28.29,26.99
2026-08-17,,,,,PL/867/EXP/ES/2015,,24.19,28.29,
2026-08-17,,,,,PL/8669/EXP/ES/2015,,23.97,,
2026-08-17,,,,,PL/8668/EXP/ES/2015,,23.89,28.69,
2026-08-17,,,,,PL/8667/EXP/ES/2015,,23.99,28.99,27.00
2026-08-17,,,,,PL/8666/EXP/ES/2015,,23.99,28.90,28.00
2026-08-17,,,,,PL/8665/EXP/ES/2015,,23.99,28.98,
2026-08-17,,,,,PL/8664/EXP/ES/2015,,23.50,29.27,
2026-08-17,,,,,PL/8663/EXP/ES/2015,,24.49,29.99,
2026-08-17,,,,,PL/8662/EXP/ES/2015,,23.99,29.89,27.00
2026-08-17,,,,,PL/8661/EXP/ES/2015,,24.89,28.58,
2026-08-17,,,,,PL/8660/EXP/ES/2015,,23.39,,27.00
2026-08-17,,,,,PL/866/EXP/ES/2015,,23.99,29.49,
2026-08-17,,,,,PL/8659/EXP/ES/2015,,23.90,28.19,27.00
2026-08-17,,,,,PL/8658/EXP/ES/2015,,23.99,29.89,27.00
2026-08-17,,,,,PL/8657/EXP/ES/2015,,23.90,29.25,27.00
2026-08-17,,,,,PL/8655/EXP/ES/2015,,23.99,29.35,27.00
2026-08-17,,,,,PL/8654/EXP/ES/2015,,22.89,27.99,26.95
2026-08-17,,,,,PL/8653/EXP/ES/2015,,23.99,26.09,
2026-08-17,,,,,PL/8652/EXP/ES/2015,,23.49,28.69,26.99
2026-08-17,,,,,PL/8651/EXP/ES/2015,,23.99,28.75,27.00
2026-08-17,,,,,PL/8650/EXP/ES/2015,,23.99,27.99,27.34
2026-08-17,,,,,PL/865/EXP/ES/2015,,23.99,28.49,
2026-08-17,,,,,PL/8649/EXP/ES/2015,,23.99,28.49,27.19
2026-08-17,,,,,PL/8648/EXP/ES/2015,,24.00,29.55,27.00
2026-08-17,,,,,PL/8647/EXP/ES/2015,,24.00,,27.00
2026-08-17,,,,,PL/8646/EXP/ES/2015,,23.96,27.98,
2026-08-17,,,,,PL/8645/EXP/ES/2015,,23.95,28.30,27.40
2026-08-17,,,,,PL/8644/EXP/ES/2015,,23.99,28.99,26.99
2026-08-17,,,,,PL/8643/EXP/ES/2015,,20.99,26.90,
2026-08-17,,,,,PL/8642/EXP/ES/2015,,23.99,28.99,26.99
2026-08-17,,,,,PL/8641/EXP/ES/2015,,24.00,29.88,27.00
2026-08-17,,,,,PL/8640/EXP/ES/2015,,23.97,27.89,27.20
2026-08-17,,,,,PL/864/EXP/ES/2015,,24.19,29.39,
2026-08-17,,,,,PL/8639/EXP/ES/2015,,23.99,28.99,26.99
2026-08-17,,,,,PL/8638/EXP/ES/2015,,24.49,28.58,27.70
2026-08-17,,,,,PL/8637/EXP/ES/2015,,23.99,28.99,26.99
2026-08-17,,,,,PL/8636/EXP/ES/2015,,23.97,27.90,27.00
2026-08-17,,,,,PL/8635/EXP/ES/2015,,20.79,26.89,26.99
2026-08-17,,,,,PL/8634/EXP/ES/2015,,23.99,28.99,26.89
2026-08-17,,,,,PL/8633/EXP/ES/2015,,22.99,28.99,26.89
2026-08-17,,,,,PL/8632/EXP/ES/2015,,24.89,28.58,
2026-08-17,,,,,PL/8631/EXP/ES/2015,,23.99,29.95,27.00
2026-08-17,,,,,PL/8630/EXP/ES/2015,,23.99,29.95,
2026-08-17,,,,,PL/863/EXP/ES/2015,,21.99,27.99,26.99
2026-08-17,,,,,PL/8629/EXP/ES/2015,,23.98,28.45,27.00
2026-08-17,,,,,PL/8628/EXP/ES/2015,,23.99,27.50,27.00
2026-08-17,,,,,PL/8627/EXP/ES/2015,,23.99,27.79,26.99
2026-08-17,,,,,PL/8626/EXP/ES/2015,,23.95,28.90,27.00
2026-08-17,,,,,PL/8625/EXP/ES/2015,,24.49,29.79,26.99
2026-08-17,,,,,PL/8623/EXP/ES/2015,,24.00,29.00,27.00
2026-08-17,,,,,PL/8622/EXP/ES/2015,,23.83,28.10,26.89
2026-08-17,,,,,PL/8621/EXP/ES/2015,,23.99,28.90,27.00
2026-08-17,,,,,PL/8620/EXP/ES/2015,,23.99,28.49,
2026-08-17,,,,,PL/862/EXP/ES/2015,,18.29,23.29,
2026-08-17,,,,,PL/8619/EXP/ES/2015,,23.99,28.24,26.99
2026-08-17,,,,,PL/8618/EXP/ES/2015,,23.64,27.99,26.99
2026-08-17,,,,,PL/8617/EXP/ES/2015,,22.98,26.99,26.59
2026-08-17,,,,,PL/8616/EXP/ES/2015,,23.52,27.39,25.39
2026-08-17,,,,,PL/8615/EXP/ES/2015,,23.89,27.49,27.00
2026-08-17,,,,,PL/8614/EXP/ES/2015,,23.60,28.40,26.90
2026-08-17,,,,,PL/8613/EXP/ES/2015,,23.99,,27.00
2026-08-17,,,,,PL/8611/EXP/ES/2015,,23.99,29.19,
2026-08-17,,,,,PL/8610/EXP/ES/2015,,23.42,27.17,26.97
2026-08-17,,,,,PL/861/EXP/ES/2015,,22.99,28.99,26.99
2026-08-17,,,,,PL/8609/EXP/ES/2015,,24.00,29.99,27.29
2026-08-17,,,,,PL/8608/EXP/ES/2015,,23.20,26.90,
2026-08-17,,,,,PL/8607/EXP/ES/2015,,24.00,29.99,27.29
2026-08-17,,,,,PL/8606/EXP/ES/2015,,23.95,28.90,27.00
2026-08-17,,,,,PL/8605/EXP/ES/2015,,23.99,28.00,27.00
2026-08-17,,,,,PL/8604/EXP/ES/2015,,23.85,,21.50
2026-08-17,,,,,PL/8603/EXP/ES/2015,,23.19,28.49,27.00
2026-08-17,,,,,PL/8602/EXP/ES/2015,,24.00,29.90,27.00
2026-08-17,,,,,PL/8601/EXP/ES/2015,,23.99,27.95,27.00
2026-08-17,,,,,PL/8600/EXP/ES/2015,,23.30,26.90,27.00
2026-08-17,,,,,PL/860/EXP/ES/2015,,22.99,28.70,26.99
2026-08-17,,,,,PL/8599/EXP/ES/2015,,23.99,27.27,27.00
2026-08-17,,,,,PL/8597/EXP/ES/2015,,23.99,29.19,26.99
2026-08-17,,,,,PL/8596/EXP/ES/2015,,,,27.00
2026-08-17,,,,,PL/8594/EXP/ES/2015,,23.79,28.39,26.99
2026-08-17,,,,,PL/8593/EXP/ES/2015,,22.80,26.70,
2026-08-17,,,,,PL/8592/EXP/ES/2015,,24.10,29.99,28.89
2026-08-17,,,,,PL/8591/EXP/ES/2015,,23.99,28.89,26.99
2026-08-17,,,,,PL/8590/EXP/ES/2015,,23.99,,27.04
2026-08-17,,,,,PL/859/EXP/ES/2015,,23.99,29.99,27.00
2026-08-17,,,,,PL/8589/EXP/ES/2015,,22.99,26.77,26.89
2026-08-17,,,,,PL/8588/EXP/ES/2015,,23.99,29.14,26.99
2026-08-17,,,,,PL/8587/EXP/ES/2015,,23.99,28.20,27.00
2026-08-17,,,,,PL/8586/EXP/ES/2015,,23.70,28.50,27.00
2026-08-17,,,,,PL/8585/EXP/ES/2015,,24.00,29.30,27.00
2026-08-17,,,,,PL/8584/EXP/ES/2015,,24.49,29.39,26.99
2026-08-17,,,,,PL/8583/EXP/ES/2015,,24.00,29.10,27.00
2026-08-17,,,,,PL/8582/EXP/ES/2015,,24.49,28.99,26.99
2026-08-17,,,,,PL/8581/EXP/ES/2015,,24.39,27.84,
2026-08-17,,,,,PL/8580/EXP/ES/2015,,23.99,29.57,27.00
2026-08-17,,,,,PL/858/EXP/ES/2015,,18.29,23.29,25.39
2026-08-17,,,,,PL/8579/EXP/ES/2015,,23.99,28.49,26.99
2026-08-17,,,,,PL/8578/EXP/ES/2015,,23.98,29.40,
2026-08-17,,,,,PL/8577/EXP/ES/2015,,23.99,29.40,
2026-08-17,,,,,PL/8576/EXP/ES/2015,,23.99,28.49,27.00
2026-08-17,,,,,PL/8575/EXP/ES/2015,,19.12,23.29,25.39
2026-08-17,,,,,PL/8574/EXP/ES/2015,,23.99,28.95,27.00
2026-08-17,,,,,PL/8573/EXP/ES/2015,,24.68,29.90,
2026-08-17,,,,,PL/8572/EXP/ES/2015,,24.68,29.90,
2026-08-17,,,,,PL/8571/EXP/ES/2015,,23.88,28.71,27.00
2026-08-17,,,,,PL/857/EXP/ES/2015,,18.29,23.29,25.39
2026-08-17,,,,,PL/8569/EXP/ES/2015,,23.99,27.99,27.00
2026-08-17,,,,,PL/8567/EXP/ES/2015,,22.97,27.49,
2026-08-17,,,,,PL/8566/EXP/ES/2015,,23.99,29.89,
2026-08-17,,,,,PL/8565/EXP/ES/2015,,23.89,28.55,27.00
2026-08-17,,,,,PL/8564/EXP/ES/2015,,23.99,28.20,28.50
2026-08-17,,,,,PL/8563/EXP/ES/2015,,19.11,23.26,
2026-08-17,,,,,PL/8562/EXP/ES/2015,,23.99,29.59,26.99
2026-08-17,,,,,PL/8561/EXP/ES/2015,,23.99,28.29,26.99
2026-08-17,,,,,PL/8560/EXP/ES/2015,,23.89,28.29,26.99
2026-08-17,,,,,PL/856/EXP/ES/2015,,23.99,29.38,26.99
2026-08-17,,,,,PL/8559/EXP/ES/2015,,23.99,27.99,27.00
2026-08-17,,,,,PL/8558/EXP/ES/2015,,23.99,28.84,27.00
2026-08-17,,,,,PL/8557/EXP/ES/2015,,24.00,28.89,27.00
2026-08-17,,,,,PL/8556/EXP/ES/2015,,24.00,28.50,27.00
2026-08-17,,,,,PL/8555/EXP/ES/2015,,22.90,26.99,26.79
2026-08-17,,,,,PL/8554/EXP/ES/2015,,23.99,28.95,28.00
2026-08-17,,,,,PL/8553/EXP/ES/2015,,23.95,26.10,26.98
2026-08-17,,,,,PL/8552/EXP/ES/2015,,23.99,,26.99
2026-08-17,,,,,PL/8551/EXP/ES/2015,,24.00,29.92,26.99
2026-08-17,,,,,PL/8550/EXP/ES/2015,,22.99,28.99,26.99
2026-08-17,,,,,PL/855/EXP/ES/2015,,23.99,29.39,
2026-08-17,,,,,PL/8549/EXP/ES/2015,,22.99,28.49,26.99
2026-08-17,,,,,PL/8548/EXP/ES/2015,,22.89,28.49,26.99
2026-08-17,,,,,PL/8547/EXP/ES/2015,,23.95,28.99,27.00
2026-08-17,,,,,PL/8546/EXP/ES/2015,,23.99,27.99,26.99
2026-08-17,,,,,PL/8545/EXP/ES/2015,,23.20,27.60,26.60
2026-08-17,,,,,PL/8544/EXP/ES/2015,,23.99,28.78,27.00
2026-08-17,,,,,PL/8543/EXP/ES/2015,,23.39,28.59,
2026-08-17,,,,,PL/8542/EXP/ES/2015,,22.80,27.30,
2026-08-17,,,,,PL/8541/EXP/ES/2015,,23.99,28.63,27.00
2026-08-17,,,,,PL/8540/EXP/ES/2015,,23.29,28.29,25.39
2026-08-17,,,,,PL/854/EXP/ES/2015,,23.94,28.89,27.00
2026-08-17,,,,,PL/8539/EXP/ES/2015,,23.99,27.99,26.99
2026-08-17,,,,,PL/8538/EXP/ES/2015,,23.99,29.19,26.99
2026-08-17,,,,,PL/8537/EXP/ES/2015,,23.99,28.33,26.99
2026-08-17,,,,,PL/8536/EXP/ES/2015,,25.66,,
2026-08-17,,,,,PL/8535/EXP/ES/2015,,23.39,27.79,
2026-08-17,,,,,PL/8534/EXP/ES/2015,,23.90,28.89,26.99
2026-08-17,,,,,PL/8533/EXP/ES/2015,,22.99,28.99,
2026-08-17,,,,,PL/8532/EXP/ES/2015,,23.99,28.99,27.00
2026-08-17,,,,,PL/8531/EXP/ES/2015,,19.12,,25.39
2026-08-17,,,,,PL/8530/EXP/ES/2015,,19.12,,25.39
2026-08-17,,,,,PL/853/EXP/ES/2015,,23.99,28.79,27.00
2026-08-17,,,,,PL/8529/EXP/ES/2015,,21.99,27.99,
2026-08-17,,,,,PL/8528/EXP/ES/2015,,22.99,28.49,
2026-08-17,,,,,PL/8527/EXP/ES/2015,,23.99,,26.99
2026-08-17,,,,,PL/8526/EXP/ES/2015,,22.99,27.89,
2026-08-17,,,,,PL/8525/EXP/ES/2015,,19.12,,
2026-08-17,,,,,PL/8524/EXP/ES/2015,,22.99,28.49,26.99
2026-08-17,,,,,PL/8523/EXP/ES/2015,,23.69,28.25,27.00
2026-08-17,,,,,PL/8521/EXP/ES/2015,,23.99,29.89,
2026-08-17,,,,,PL/8520/EXP/ES/2015,,23.99,29.49,26.99
2026-08-17,,,,,PL/852/EXP/ES/2015,,23.99,29.39,26.99
2026-08-17,,,,,PL/8519/EXP/ES/2015,,23.99,29.69,
2026-08-17,,,,,PL/8518/EXP/ES/2015,,23.99,29.99,27.00
2026-08-17,,,,,PL/8517/EXP/ES/2015,,23.99,29.89,
2026-08-17,,,,,PL/8516/EXP/ES/2015,,23.99,28.95,26.99
2026-08-17,,,,,PL/8515/EXP/ES/2015,,23.99,28.99,
2026-08-17,,,,,PL/8514/EXP/ES/2015,,23.59,27.99,
2026-08-17,,,,,PL/8513/EXP/ES/2015,,20.89,26.39,25.39
2026-08-17,,,,,PL/8512/EXP/ES/2015,,23.98,27.59,26.94
2026-08-17,,,,,PL/8511/EXP/ES/2015,,23.99,29.89,27.00
2026-08-17,,,,,PL/8510/EXP/ES/2015,,24.50,29.37,28.76
2026-08-17,,,,,PL/851/EXP/ES/2015,,23.99,29.99,27.00
2026-08-17,,,,,PL/8509/EXP/ES/2015,,23.39,28.99,
2026-08-17,,,,,PL/8508/EXP/ES/2015,,23.99,29.49,26.99
2026-08-17,,,,,PL/8507/EXP/ES/2015,,23.82,27.45,
2026-08-17,,,,,PL/8506/EXP/ES/2015,,23.99,27.99,27.00
2026-08-17,,,,,PL/8505/EXP/ES/2015,,23.99,28.95,26.99
2026-08-17,,,,,PL/8504/EXP/ES/2015,,23.99,28.50,27.00
2026-08-17,,,,,PL/8503/EXP/ES/2015,,21.04,,27.89
2026-08-17,,,,,PL/8502/EXP/ES/2015,,23.99,28.49,26.99
2026-08-17,,,,,PL/8501/EXP/ES/2015,,23.49,27.99,
2026-08-17,,,,,PL/8500/EXP/ES/2015,,22.59,27.99,
2026-08-17,,,,,PL/850/EXP/ES/2015,,21.79,27.99,26.99
2026-08-17,,,,,PL/8499/EXP/ES/2015,,23.99,29.69,
2026-08-17,,,,,PL/8498/EXP/ES/2015,,23.99,27.99,
2026-08-17,,,,,PL/8496/EXP/ES/2015,,21.79,26.79,
2026-08-17,,,,,PL/8495/EXP/ES/2015,,23.99,27.99,
2026-08-17,,,,,PL/8494/EXP/ES/2015,,22.99,26.41,
2026-08-17,,,,,PL/8493/EXP/ES/2015,,23.42,27.72,27.00
2026-08-17,,,,,PL/8492/EXP/ES/2015,,23.34,27.67,27.00
2026-08-17,,,,,PL/8491/EXP/ES/2015,,23.47,24.71,26.31
2026-08-17,,,,,PL/8490/EXP/ES/2015,,23.31,27.46,27.00
2026-08-17,,,,,PL/849/EXP/ES/2015,,21.69,28.59,26.99
2026-08-17,,,,,PL/8489/EXP/ES/2015,,23.99,27.99,27.00
2026-08-17,,,,,PL/8488/EXP/ES/2015,,23.99,28.88,27.69
2026-08-17,,,,,PL/8487/EXP/ES/2015,,23.80,28.70,27.00
2026-08-17,,,,,PL/8486/EXP/ES/2015,,24.00,29.70,
2026-08-17,,,,,PL/8485/EXP/ES/2015,,23.95,,27.00
2026-08-17,,,,,PL/8484/EXP/ES/2015,,23.99,29.69,
2026-08-17,,,,,PL/8483/EXP/ES/2015,,19.12,23.29,
2026-08-17,,,,,PL/8482/EXP/ES/2015,,23.95,,27.00
2026-08-17,,,,,PL/8481/EXP/ES/2015,,23.83,28.86,27.00
2026-08-17,,,,,PL/8480/EXP/ES/2015,,23.99,28.99,
2026-08-17,,,,,PL/848/EXP/ES/2015,,23.79,28.49,27.00
2026-08-17,,,,,PL/8478/EXP/ES/2015,,23.99,28.99,
2026-08-17,,,,,PL/8477/EXP/ES/2015,,23.99,29.59,27.50
2026-08-17,,,,,PL/8476/EXP/ES/2015,,23.97,,27.00
2026-08-17,,,,,PL/8475/EXP/ES/2015,,23.99,29.59,
2026-08-17,,,,,PL/8474/EXP/ES/2015,,24.99,29.49,27.99
2026-08-17,,,,,PL/8473/EXP/ES/2015,,24.00,,
2026-08-17,,,,,PL/8472/EXP/ES/2015,,19.12,,
2026-08-17,,,,,PL/8471/EXP/ES/2015,,23.78,27.77,27.00
2026-08-17,,,,,PL/8470/EXP/ES/2015,,22.98,26.99,
2026-08-17,,,,,PL/847/EXP/ES/2015,,18.29,23.29,25.39
2026-08-17,,,,,PL/8469/EXP/ES/2015,,19.11,23.26,25.39
2026-08-17,,,,,PL/8468/EXP/ES/2015,,24.60,29.00,28.50
2026-08-17,,,,,PL/8467/EXP/ES/2015,,22.99,27.99,
2026-08-17,,,,,PL/8466/EXP/ES/2015,,18.69,23.99,
2026-08-17,,,,,PL/8465/EXP/ES/2015,,23.89,27.99,
2026-08-17,,,,,PL/8464/EXP/ES/2015,,24.99,29.69,
2026-08-17,,,,,PL/8463/EXP/ES/2015,,23.99,28.35,27.00
2026-08-17,,,,,PL/8462/EXP/ES/2015,,22.79,27.15,
2026-08-17,,,,,PL/8461/EXP/ES/2015,,23.99,,27.00
2026-08-17,,,,,PL/8460/EXP/ES/2015,,23.09,,26.79
2026-08-17,,,,,PL/846/EXP/ES/2015,,18.29,23.29,
2026-08-17,,,,,PL/8459/EXP/ES/2015,,23.99,28.29,27.24
2026-08-17,,,,,PL/8458/EXP/ES/2015,,23.99,28.99,27.99
2026-08-17,,,,,PL/8457/EXP/ES/2015,,23.80,27.90,27.00
2026-08-17,,,,,PL/8456/EXP/ES/2015,,23.56,27.78,26.94
2026-08-17,,,,,PL/8455/EXP/ES/2015,,23.59,27.39,27.00
2026-08-17,,,,,PL/8454/EXP/ES/2015,,23.29,26.99,26.79
2026-08-17,,,,,PL/8453/EXP/ES/2015,,22.99,26.89,26.99
2026-08-17,,,,,PL/8452/EXP/ES/2015,,22.97,27.58,
2026-08-17,,,,,PL/8451/EXP/ES/2015,,23.99,28.85,27.00
2026-08-17,,,,,PL/8450/EXP/ES/2015,,23.99,29.24,26.99
2026-08-17,,,,,PL/845/EXP/ES/2015,,23.99,29.49,27.00
2026-08-17,,,,,PL/8448/EXP/ES/2015,,23.99,29.45,26.98
2026-08-17,,,,,PL/8447/EXP/ES/2015,,24.50,30.50,27.00
2026-08-17,,,,,PL/8446/EXP/ES/2015,,23.99,29.99,27.00
2026-08-17,,,,,PL/8445/EXP/ES/2015,,23.99,29.99,
2026-08-17,,,,,PL/8444/EXP/ES/2015,,23.99,29.99,27.00
2026-08-17,,,,,PL/8443/EXP/ES/2015,,23.99,29.99,27.00
2026-08-17,,,,,PL/8442/EXP/ES/2015,,23.99,29.99,
2026-08-17,,,,,PL/8441/EXP/ES/2015,,23.99,29.45,26.99
2026-08-17,,,,,PL/8440/EXP/ES/2015,,23.99,29.99,
2026-08-17,,,,,PL/844/EXP/ES/2015,,23.99,28.50,27.00
2026-08-17,,,,,PL/8439/EXP/ES/2015,,24.00,28.90,27.00
2026-08-17,,,,,PL/8438/EXP/ES/2015,,23.99,29.45,
2026-08-17,,,,,PL/8437/EXP/ES/2015,,23.99,29.99,27.00
2026-08-17,,,,,PL/8436/EXP/ES/2015,,23.99,29.24,26.98
2026-08-17,,,,,PL/8435/EXP/ES/2015,,24.84,29.00,28.40
2026-08-17,,,,,PL/8434/EXP/ES/2015,,23.84,28.70,27.00
2026-08-17,,,,,PL/8433/EXP/ES/2015,,24.49,29.99,
2026-08-17,,,,,PL/8432/EXP/ES/2015,,24.49,29.99,27.00
2026-08-17,,,,,PL/8431/EXP/ES/2015,,23.99,29.24,26.98
2026-08-17,,,,,PL/8430/EXP/ES/2015,,24.49,29.99,
2026-08-17,,,,,PL/843/EXP/ES/2015,,23.99,29.69,
2026-08-17,,,,,PL/8429/EXP/ES/2015,,23.98,29.24,
2026-08-17,,,,,PL/8428/EXP/ES/2015,,24.49,29.99,
2026-08-17,,,,,PL/8427/EXP/ES/2015,,23.99,29.99,
2026-08-17,,,,,PL/8426/EXP/ES/2015,,23.99,29.99,27.00
2026-08-17,,,,,PL/8425/EXP/ES/2015,,23.99,29.99,27.00
2026-08-17,,,,,PL/8424/EXP/ES/2015,,23.99,29.24,26.98
2026-08-17,,,,,PL/8423/EXP/ES/2015,,24.49,,27.99
2026-08-17,,,,,PL/8422/EXP/ES/2015,,24.49,29.99,27.00
2026-08-17,,,,,PL/8421/EXP/ES/2015,,24.49,29.99,27.69
2026-08-17,,,,,PL/8420/EXP/ES/2015,,23.99,29.45,26.99
2026-08-17,,,,,PL/842/EXP/ES/2015,,23.29,28.99,
2026-08-17,,,,,PL/8419/EXP/ES/2015,,23.99,29.48,
2026-08-17,,,,,PL/8418/EXP/ES/2015,,23.99,28.30,26.96
2026-08-17,,,,,PL/8417/EXP/ES/2015,,23.99,27.99,
2026-08-17,,,,,PL/8416/EXP/ES/2015,,24.69,29.99,27.00
2026-08-17,,,,,PL/8415/EXP/ES/2015,,23.99,29.99,26.99
2026-08-17,,,,,PL/8414/EXP/ES/2015,,23.99,28.59,27.00
2026-08-17,,,,,PL/8413/EXP/ES/2015,,24.29,28.59,27.00
2026-08-17,,,,,PL/8412/EXP/ES/2015,,23.99,28.59,27.00
2026-08-17,,,,,PL/8411/EXP/ES/2015,,23.99,28.59,27.00
2026-08-17,,,,,PL/8410/EXP/ES/2015,,23.99,28.40,26.99
2026-08-17,,,,,PL/841/EXP/ES/2015,,23.99,29.99,
2026-08-17,,,,,PL/8409/EXP/ES/2015,,23.79,,27.20
2026-08-17,,,,,PL/8408/EXP/ES/2015,,23.99,28.40,26.99
2026-08-17,,,,,PL/8407/EXP/ES/2015,,23.99,30.49,28.28
2026-08-17,,,,,PL/8406/EXP/ES/2015,,24.19,28.59,27.00
2026-08-17,,,,,PL/8405/EXP/ES/2015,,24.00,28.98,27.50
2026-08-17,,,,,PL/8404/EXP/ES/2015,,23.95,,27.00
2026-08-17,,,,,PL/8403/EXP/ES/2015,,23.99,29.99,27.00
2026-08-17,,,,,PL/8402/EXP/ES/2015,,23.99,19.50,27.59
2026-08-17,,,,,PL/8401/EXP/ES/2015,,23.99,27.99,
2026-08-17,,,,,PL/8400/EXP/ES/2015,,23.99,28.59,27.00
2026-08-17,,,,,PL/840/EXP/ES/2015,,23.99,29.99,27.00
2026-08-17,,,,,PL/8399/EXP/ES/2015,,23.99,,27.00
2026-08-17,,,,,PL/8398/EXP/ES/2015,,23.99,30.85,27.97
2026-08-17,,,,SERVICIOS Y COMBUSTIBLES TEPEYAC S.A. DE C.V.,PL/8397/EXP/ES/2015,Calle Paseo de Los Virreyes No. 4279,23.99,29.99,
2026-08-17,,,,,PL/8396/EXP/ES/2015,,24.69,29.99,27.00
2026-08-17,,,,,PL/8395/EXP/ES/2015,,23.99,29.49,26.99
2026-08-17,,,,,PL/8394/EXP/ES/2015,,24.29,,27.89
2026-08-17,,,,,PL/8393/EXP/ES/2015,,23.99,29.59,27.00
2026-08-17,,,,,PL/8392/EXP/ES/2015,,24.09,29.79,27.28
2026-08-17,,,,,PL/8391/EXP/ES/2015,,24.39,28.59,27.00
2026-08-17,,,,,PL/8390/EXP/ES/2015,,24.49,,27.00
2026-08-17,,,,,PL/839/EXP/ES/2015,,23.99,29.99,27.00
2026-08-17,,,,,PL/8389/EXP/ES/2015,,21.99,,
2026-08-17,,,,,PL/8388/EXP/ES/2015,,23.99,28.99,27.00
2026-08-17,,,,,PL/8387/EXP/ES/2015,,23.99,28.59,27.00
2026-08-17,,,,,PL/8386/EXP/ES/2015,,24.59,,27.00
2026-08-17,,,,,PL/8385/EXP/ES/2015,,23.98,28.85,
2026-08-17,,,,,PL/8384/EXP/ES/2015,,23.39,28.52,26.99
2026-08-17,,,,,PL/8383/EXP/ES/2015,,23.99,28.99,27.00
2026-08-17,,,,,PL/8382/EXP/ES/2015,,24.95,30.75,27.00
2026-08-17,,,,,PL/8380/EXP/ES/2015,,24.39,29.45,27.00
2026-08-17,,,,,PL/838/EXP/ES/2015,,23.99,29.99,27.00
2026-08-17,,,,,PL/8379/EXP/ES/2015,,24.19,27.99,27.00
2026-08-17,,,,GASEGURO S.A. DE C.V.,PL/8378/EXP/ES/2015,Boulevard Iztaccihuatl Y/O Camino San Sebastian-Sta Fe 4987,23.90,28.90,
2026-08-17,,,,,PL/8377/EXP/ES/2015,,23.99,29.50,26.99
2026-08-17,,,,,PL/8376/EXP/ES/2015,,23.95,27.99,26.90
2026-08-17,,,,,PL/8375/EXP/ES/2015,,25.54,,29.99
2026-08-17,,,,,PL/8374/EXP/ES/2015,,23.99,29.99,27.00
2026-08-17,,,,,PL/8373/EXP/ES/2015,,23.99,29.69,26.95
2026-08-17,,,,,PL/8372/EXP/ES/2015,,23.29,28.19,
2026-08-17,,,,,PL/8371/EXP/ES/2015,,23.99,27.99,27.00
2026-08-17,,,,,PL/8370/EXP/ES/2015,,23.99,,27.00
2026-08-17,,,,,PL/837/EXP/ES/2015,,22.79,27.59,27.00
2026-08-17,,,,,PL/8369/EXP/ES/2015,,23.99,28.99,
2026-08-17,,,,,PL/8368/EXP/ES/2015,,23.99,29.69,
2026-08-17,,,,,PL/8366/EXP/ES/2015,,23.10,27.70,26.95
2026-08-17,,,,,PL/8365/EXP/ES/2015,,21.99,,
2026-08-17,,,,,PL/8364/EXP/ES/2015,,23.99,27.89,
2026-08-17,,,,,PL/8363/EXP/ES/2015,,23.99,29.89,27.00
2026-08-17,,,,,PL/8362/EXP/ES/2015,,23.99,28.50,27.00
2026-08-17,,,,,PL/8361/EXP/ES/2015,,21.29,24.79,25.39
2026-08-17,,,,,PL/8360/EXP/ES/2015,,23.49,27.99,26.99
2026-08-17,,,,,PL/836/EXP/ES/2015,,23.99,28.79,27.00
2026-08-17,,,,,PL/8359/EXP/ES/2015,,24.00,29.60,27.00
2026-08-17,,,,,PL/8357/EXP/ES/2015,,23.99,28.39,
2026-08-17,,,,,PL/8356/EXP/ES/2015,,23.39,27.69,27.00
2026-08-17,,,,,PL/8355/EXP/ES/2015,,23.99,28.99,27.00
2026-08-17,,,,,PL/8354/EXP/ES/2015,,23.99,,29.29
2026-08-17,,,,,PL/8353/EXP/ES/2015,,23.97,27.40,26.99
2026-08-17,,,,,PL/8352/EXP/ES/2015,,23.99,28.49,
2026-08-17,,,,,PL/8351/EXP/ES/2015,,23.57,27.65,26.99
2026-08-17,,,,,PL/8350/EXP/ES/2015,,23.99,28.40,27.00
2026-08-17,,,,,PL/835/EXP/ES/2015,,24.19,28.49,27.00
2026-08-17,,,,,PL/8349/EXP/ES/2015,,23.60,28.40,27.00
2026-08-17,,,,,PL/8348/EXP/ES/2015,,23.99,28.00,27.99
2026-08-17,,,,,PL/8347/EXP/ES/2015,,24.49,29.99,
2026-08-17,,,,,PL/8346/EXP/ES/2015,,23.99,29.99,
2026-08-17,,,,,PL/8345/EXP/ES/2015,,22.99,,27.00
2026-08-17,,,,,PL/8344/EXP/ES/2015,,23.99,29.99,
2026-08-17,,,,,PL/8343/EXP/ES/2015,,23.25,27.45,26.89
2026-08-17,,,,OTON ZAZUETA BELTRAN,PL/8342/EXP/ES/2015,Avenida Guadalupe No. 9500,23.98,27.98,
2026-08-17,,,,,PL/8341/EXP/ES/2015,,24.00,29.60,27.00
2026-08-17,,,,,PL/8340/EXP/ES/2015,,24.49,29.99,
2026-08-17,,,,,PL/834/EXP/ES/2015,,20.39,26.50,26.79
2026-08-17,,,,,PL/8338/EXP/ES/2015,,23.90,28.44,26.81
2026-08-17,,,,,PL/8337/EXP/ES/2015,,23.99,29.99,
2026-08-17,,,,,PL/8336/EXP/ES/2015,,23.99,29.99,
2026-08-17,,,,,PL/8335/EXP/ES/2015,,23.99,29.89,27.00
2026-08-17,,,,,PL/8334/EXP/ES/2015,,23.99,27.99,27.00
2026-08-17,,,,,PL/8333/EXP/ES/2015,,23.97,28.67,26.99
2026-08-17,,,,COMBUSTIBLES LAS URRACAS S.A. DE C.V.,PL/8332/EXP/ES/2015,Camino a San Sebastian El Grande-Tlajomulco No. 1575,23.99,29.99,27.99
2026-08-17,,,,,PL/8331/EXP/ES/2015,,23.98,28.48,26.99
2026-08-17,,,,,PL/8330/EXP/ES/2015,,23.83,27.74,27.00
2026-08-17,,,,,PL/833/EXP/ES/2015,,20.99,26.70,
2026-08-17,,,,,PL/8329/EXP/ES/2015,,23.97,28.79,27.00
2026-08-17,,,,,PL/8328/EXP/ES/2015,,24.45,28.58,27.49
2026-08-17,,,,,PL/8327/EXP/ES/2015,,23.97,28.79,
2026-08-17,,,,,PL/8326/EXP/ES/2015,,23.98,28.48,26.99
2026-08-17,,,,,PL/8325/EXP/ES/2015,,23.98,28.48,26.99
2026-08-17,,,,,PL/8324/EXP/ES/2015,,22.90,27.09,26.90
2026-08-17,,,,,PL/8323/EXP/ES/2015,,23.69,27.34,26.90
2026-08-17,,,,,PL/8322/EXP/ES/2015,,23.99,28.99,26.84
2026-08-17,,,,,PL/8321/EXP/ES/2015,,23.98,28.20,26.98
2026-08-17,,,,,PL/8320/EXP/ES/2015,,24.89,28.58,
2026-08-17,,,,,PL/832/EXP/ES/2015,,20.99,26.99,26.39
2026-08-17,,,,,PL/8318/EXP/ES/2015,,19.98,,25.39
2026-08-17,,,,,PL/8317/EXP/ES/2015,,23.99,,27.50
2026-08-17,,,,,PL/8316/EXP/ES/2015,,22.98,27.98,26.98
2026-08-17,,,,,PL/8315/EXP/ES/2015,,23.99,,27.00
2026-08-17,,,,,PL/8314/EXP/ES/2015,,23.55,27.79,26.95
2026-08-17,,,,,PL/8313/EXP/ES/2015,,23.99,27.99,27.00
2026-08-17,,,,,PL/8312/EXP/ES/2015,,23.99,29.59,
2026-08-17,,,,,PL/8311/EXP/ES/2015,,23.99,,26.55
2026-08-17,,,,,PL/8310/EXP/ES/2015,,24.00,28.69,27.20
2026-08-17,,,,,PL/831/EXP/ES/2015,,23.99,29.36,
2026-08-17,,,,,PL/8308/EXP/ES/2015,,23.92,27.70,27.00
2026-08-17,,,,,PL/8307/EXP/ES/2015,,23.69,28.50,
2026-08-17,,,,,PL/8306/EXP/ES/2015,,22.99,28.99,25.99
2026-08-17,,,,,PL/8305/EXP/ES/2015,,24.69,29.99,
2026-08-17,,,,,PL/8304/EXP/ES/2015,,23.69,28.69,26.99
2026-08-17,,,,,PL/8303/EXP/ES/2015,,23.99,27.99,26.99
2026-08-17,,,,,PL/8302/EXP/ES/2015,,23.99,27.99,26.99
2026-08-17,,,,,PL/8301/EXP/ES/2015,,21.99,27.99,25.37
2026-08-17,,,,,PL/8300/EXP/ES/2015,,19.95,23.99,25.38
2026-08-17,,,,,PL/830/EXP/ES/2015,,18.29,23.29,
2026-08-17,,,,,PL/8299/EXP/ES/2015,,23.78,27.98,
2026-08-17,,,,,PL/8298/EXP/ES/2015,,23.99,27.99,
2026-08-17,,,,,PL/8297/EXP/ES/2015,,23.83,27.99,27.00
2026-08-17,,,,,PL/8296/EXP/ES/2015,,23.99,29.80,27.00
2026-08-17,,,,,PL/8295/EXP/ES/2015,,23.79,28.49,
2026-08-17,,,,,PL/8294/EXP/ES/2015,,24.70,29.68,28.50
2026-08-17,,,,,PL/8293/EXP/ES/2015,,23.99,27.99,26.99
2026-08-17,,,,,PL/8292/EXP/ES/2015,,22.69,28.49,
2026-08-17,,,,,PL/8291/EXP/ES/2015,,23.99,28.49,26.99
2026-08-17,,,,,PL/8290/EXP/ES/2015,,23.99,29.64,27.00
2026-08-17,,,,,PL/829/EXP/ES/2015,,23.79,29.99,27.00
2026-08-17,,,,,PL/8289/EXP/ES/2015,,24.79,,28.89
2026-08-17,,,,,PL/8288/EXP/ES/2015,,23.99,28.50,
2026-08-17,,,,,PL/8287/EXP/ES/2015,,23.99,28.39,27.00
2026-08-17,,,,,PL/8286/EXP/ES/2015,,24.00,28.78,27.24
2026-08-17,,,,,PL/8285/EXP/ES/2015,,23.99,29.69,
2026-08-17,,,,,PL/8284/EXP/ES/2015,,23.99,28.15,27.00
2026-08-17,,,,,PL/8283/EXP/ES/2015,,23.99,27.99,27.00
2026-08-17,,,,,PL/8282/EXP/ES/2015,,21.25,24.90,25.39
2026-08-17,,,,,PL/8281/EXP/ES/2015,,23.99,28.60,27.00
2026-08-17,,,,,PL/8280/EXP/ES/2015,,23.88,28.88,26.99
2026-08-17,,,,,PL/828/EXP/ES/2015,,23.99,29.90,26.99
2026-08-17,,,,,PL/8279/EXP/ES/2015,,23.97,28.65,27.00
2026-08-17,,,,,PL/8278/EXP/ES/2015,,22.99,27.99,
2026-08-17,,,,,PL/8277/EXP/ES/2015,,23.99,27.79,27.00
2026-08-17,,,,,PL/8276/EXP/ES/2015,,22.99,27.99,
2026-08-17,,,,,PL/8275/EXP/ES/2015,,22.99,,26.99
2026-08-17,,,,,PL/8274/EXP/ES/2015,,23.99,28.49,27.00
2026-08-17,,,,,PL/8273/EXP/ES/2015,,23.99,28.79,27.49
2026-08-17,,,,,PL/8272/EXP/ES/2015,,23.49,27.99,
2026-08-17,,,,,PL/8271/EXP/ES/2015,,21.25,24.85,
2026-08-17,,,,,PL/8270/EXP/ES/2015,,23.89,27.99,27.00
2026-08-17,,,,,PL/827/EXP/ES/2015,,23.99,28.82,26.99
2026-08-17,,,,,PL/8269/EXP/ES/2015,,23.99,29.30,27.00
2026-08-17,,,,,PL/8268/EXP/ES/2015,,23.59,27.99,
2026-08-17,,,,,PL/8267/EXP/ES/2015,,23.65,28.19,27.00
2026-08-17,,,,,PL/8266/EXP/ES/2015,,21.25,24.85,25.39
2026-08-17,,,,,PL/8265/EXP/ES/2015,,23.99,29.20,27.00
2026-08-17,,,,,PL/8264/EXP/ES/2015,,23.39,27.65,
2026-08-17,,,,,PL/8263/EXP/ES/2015,,24.58,29.49,28.51
2026-08-17,,,,,PL/8262/EXP/ES/2015,,23.99,27.99,27.00
2026-08-17,,,,TLAJOGAS S.A. DE C.V.,PL/8261/EXP/ES/2015,Higuera No. 114,23.95,29.70,26.95
2026-08-17,,,,,PL/8260/EXP/ES/2015,,23.29,27.99,26.99
2026-08-17,,,,,PL/826/EXP/ES/2015,,24.19,28.89,27.00
2026-08-17,,,,,PL/8259/EXP/ES/2015,,24.49,29.49,26.99
2026-08-17,,,,,PL/8258/EXP/ES/2015,,23.99,27.39,26.99
2026-08-17,,,,,PL/8257/EXP/ES/2015,,21.09,,22.29
2026-08-17,,,,,PL/8256/EXP/ES/2015,,23.99,28.89,27.00
2026-08-17,,,,,PL/8255/EXP/ES/2015,,23.99,28.99,27.00
2026-08-17,,,,,PL/8254/EXP/ES/2015,,23.99,29.69,
2026-08-17,,,,,PL/8253/EXP/ES/2015,,23.99,27.99,
2026-08-17,,,,,PL/8252/EXP/ES/2015,,23.29,27.99,
2026-08-17,,,,,PL/8251/EXP/ES/2015,,23.99,29.70,27.00
2026-08-17,,,,,PL/8250/EXP/ES/2015,,23.99,28.99,
2026-08-17,,,,,PL/825/EXP/ES/2015,,23.99,29.69,27.00
2026-08-17,,,,,PL/8249/EXP/ES/2015,,23.99,28.99,27.00
2026-08-17,,,,,PL/8248/EXP/ES/2015,,23.99,28.99,
2026-08-17,,,,,PL/8247/EXP/ES/2015,,23.99,28.10,26.99
2026-08-17,,,,,PL/8246/EXP/ES/2015,,23.29,,
2026-08-17,,,,,PL/8245/EXP/ES/2015,,22.99,29.69,
2026-08-17,,,,,PL/8244/EXP/ES/2015,,24.00,29.89,26.85
2026-08-17,,,,,PL/8243/EXP/ES/2015,,23.99,29.99,27.00
2026-08-17,,,,,PL/8242/EXP/ES/2015,,23.99,27.99,
2026-08-17,,,,,PL/8241/EXP/ES/2015,,24.49,29.99,27.00
2026-08-17,,,,,PL/8240/EXP/ES/2015,,23.99,29.59,27.00
2026-08-17,,,,,PL/824/EXP/ES/2015,,24.19,28.39,27.00
2026-08-17,,,,,PL/8239/EXP/ES/2015,,22.99,27.99,
2026-08-17,,,,,PL/8238/EXP/ES/2015,,23.99,27.99,27.00
2026-08-17,,,,,PL/8237/EXP/ES/2015,,20.99,26.99,
2026-08-17,,,,,PL/8236/EXP/ES/2015,,23.99,28.99,
2026-08-17,,,,,PL/8235/EXP/ES/2015,,20.99,26.99,25.29
2026-08-17,,,,,PL/8234/EXP/ES/2015,,23.99,29.90,28.00
2026-08-17,,,,,PL/8233/EXP/ES/2015,,22.54,25.77,25.37
2026-08-17,,,,,PL/8232/EXP/ES/2015,,23.65,27.60,27.00
2026-08-17,,,,,PL/8231/EXP/ES/2015,,23.99,,28.00
2026-08-17,,,,,PL/8230/EXP/ES/2015,,24.50,29.99,27.00
2026-08-17,,,,,PL/823/EXP/ES/2015,,23.99,28.55,27.00
2026-08-17,,,,,PL/8229/EXP/ES/2015,,20.97,25.58,25.19
2026-08-17,,,,,PL/8228/EXP/ES/2015,,23.60,28.20,27.00
2026-08-17,,,,,PL/8227/EXP/ES/2015,,23.69,27.89,
2026-08-17,,,,,PL/8226/EXP/ES/2015,,22.39,26.99,26.39
2026-08-17,,,,,PL/8225/EXP/ES/2015,,23.74,,
2026-08-17,,,,,PL/8224/EXP/ES/2015,,22.79,27.29,
2026-08-17,,,,,PL/8223/EXP/ES/2015,,23.99,27.99,26.99
2026-08-17,,,,,PL/8222/EXP/ES/2015,,23.99,28.30,
2026-08-17,,,,,PL/8221/EXP/ES/2015,,23.99,29.89,
2026-08-17,,,,,PL/8220/EXP/ES/2015,,23.97,28.89,27.00
2026-08-17,,,,,PL/822/EXP/ES/2015,,24.19,28.99,27.00
2026-08-17,,,,,PL/8219/EXP/ES/2015,,23.99,29.59,27.00
2026-08-17,,,,,PL/8218/EXP/ES/2015,,22.89,27.89,27.00
2026-08-17,,,,,PL/8217/EXP/ES/2015,,23.69,27.80,26.99
2026-08-17,,,,,PL/8216/EXP/ES/2015,,23.99,29.19,
2026-08-17,,,,,PL/8215/EXP/ES/2015,,23.99,28.29,26.99
2026-08-17,,,,,PL/8214/EXP/ES/2015,,23.89,28.79,27.00
2026-08-17,,,,,PL/8213/EXP/ES/2015,,23.99,29.19,26.99
2026-08-17,,,,,PL/8212/EXP/ES/2015,,23.99,29.90,27.49
2026-08-17,,,,,PL/8211/EXP/ES/2015,,23.99,29.19,26.99
2026-08-17,,,,,PL/8210/EXP/ES/2015,,24.49,29.99,
2026-08-17,,,,,PL/821/EXP/ES/2015,,23.99,27.59,27.00
2026-08-17,,,,,PL/8209/EXP/ES/2015,,24.49,29.99,27.00
2026-08-17,,,,,PL/8208/EXP/ES/2015,,21.99,27.29,
2026-08-17,,,,,PL/8207/EXP/ES/2015,,23.99,29.99,
2026-08-17,,,,,PL/8206/EXP/ES/2015,,23.99,29.99,
2026-08-17,,,,,PL/8205/EXP/ES/2015,,21.15,23.25,22.34
2026-08-17,,,,,PL/8204/EXP/ES/2015,,23.99,29.99,
2026-08-17,,,,,PL/8203/EXP/ES/2015,,24.49,29.99,27.00
2026-08-17,,,,,PL/8202/EXP/ES/2015,,22.95,26.75,24.95
2026-08-17,,,,,PL/8201/EXP/ES/2015,,23.99,28.29,26.99
2026-08-17,,,,,PL/8200/EXP/ES/2015,,23.99,29.99,
2026-08-17,,,,,PL/820/EXP/ES/2015,,23.99,29.39,27.00
2026-08-17,,,,,PL/8199/EXP/ES/2015,,23.99,29.99,
2026-08-17,,,,,PL/8198/EXP/ES/2015,,23.99,29.99,
2026-08-17,,,,,PL/8197/EXP/ES/2015,,23.99,29.99,27.00
2026-08-17,,,,,PL/8196/EXP/ES/2015,,24.49,29.99,
2026-08-17,,,,,PL/8195/EXP/ES/2015,,23.99,29.99,
2026-08-17,,,,,PL/8194/EXP/ES/2015,,23.99,28.29,
2026-08-17,,,,,PL/8192/EXP/ES/2015,,23.99,28.10,
2026-08-17,,,,,PL/8191/EXP/ES/2015,,22.79,27.49,
2026-08-17,,,,,PL/8190/EXP/ES/2015,,23.99,29.70,27.45
2026-08-17,,,,,PL/819/EXP/ES/2015,,23.99,28.49,27.00
2026-08-17,,,,,PL/8189/EXP/ES/2015,,23.99,28.23,26.99
2026-08-17,,,,,PL/8188/EXP/ES/2015,,23.70,28.50,26.99
2026-08-17,,,,,PL/8187/EXP/ES/2015,,23.99,26.89,26.99
2026-08-17,,,,,PL/8186/EXP/ES/2015,,23.47,28.17,26.79
2026-08-17,,,,,PL/8185/EXP/ES/2015,,23.99,27.49,26.90
2026-08-17,,,,,PL/8184/EXP/ES/2015,,23.99,27.99,
2026-08-17,,,,,PL/8183/EXP/ES/2015,,22.59,27.99,
2026-08-17,,,,,PL/8182/EXP/ES/2015,,23.99,28.29,26.99
2026-08-17,,,,,PL/8181/EXP/ES/2015,,23.49,27.99,
2026-08-17,,,,,PL/8180/EXP/ES/2015,,23.99,,25.97
2026-08-17,,,,,PL/818/EXP/ES/2015,,23.89,28.59,
2026-08-17,,,,,PL/8179/EXP/ES/2015,,23.99,28.99,
2026-08-17,,,,,PL/8178/EXP/ES/2015,,23.99,28.99,27.00
2026-08-17,,,,,PL/8177/EXP/ES/2015,,22.79,27.99,
2026-08-17,,,,,PL/8176/EXP/ES/2015,,23.99,29.99,27.69
2026-08-17,,,,,PL/8175/EXP/ES/2015,,23.99,28.29,26.99
2026-08-17,,,,,PL/8174/EXP/ES/2015,,23.99,28.99,
2026-08-17,,,,,PL/8173/EXP/ES/2015,,23.99,28.99,
2026-08-17,,,,,PL/8172/EXP/ES/2015,,24.49,29.99,27.00
2026-08-17,,,,,PL/8171/EXP/ES/2015,,23.29,29.69,
2026-08-17,,,,,PL/8170/EXP/ES/2015,,24.49,29.99,
2026-08-17,,,,,PL/817/EXP/ES/2015,,23.99,29.99,26.99
2026-08-17,,,,,PL/8169/EXP/ES/2015,,23.79,29.99,26.99
2026-08-17,,,,,PL/8168/EXP/ES/2015,,23.99,29.99,
2026-08-17,,,,,PL/8167/EXP/ES/2015,,24.19,29.49,
2026-08-17,,,,,PL/8166/EXP/ES/2015,,23.99,28.99,26.99
2026-08-17,,,,,PL/8165/EXP/ES/2015,,23.98,29.19,
2026-08-17,,,,,PL/8164/EXP/ES/2015,,23.99,29.09,26.99
2026-08-17,,,,,PL/8163/EXP/ES/2015,,23.99,28.59,26.99
2026-08-17,,,,,PL/8162/EXP/ES/2015,,23.99,28.49,29.99
2026-08-17,,,,,PL/8161/EXP/ES/2015,,23.98,28.95,27.00
2026-08-17,,,,,PL/816/EXP/ES/2015,,19.98,24.10,
2026-08-17,,,,,PL/8159/EXP/ES/2015,,24.60,29.50,27.99
2026-08-17,,,,,PL/8158/EXP/ES/2015,,23.99,29.99,
2026-08-17,,,,,PL/8157/EXP/ES/2015,,23.99,29.99,27.00
2026-08-17,,,,,PL/8156/EXP/ES/2015,,23.99,29.89,
2026-08-17,,,,,PL/8155/EXP/ES/2015,,23.88,27.40,26.99
2026-08-17,,,,,PL/8154/EXP/ES/2015,,23.99,27.99,26.99
2026-08-17,,,,,PL/8153/EXP/ES/2015,,24.50,30.50,
2026-08-17,,,,,PL/8152/EXP/ES/2015,,23.73,27.99,27.00
2026-08-17,,,,,PL/8151/EXP/ES/2015,,23.99,29.19,26.99
2026-08-17,,,,,PL/8150/EXP/ES/2015,,23.99,24.99,25.69
2026-08-17,,,,,PL/815/EXP/ES/2015,,24.69,29.99,
2026-08-17,,,,,PL/8149/EXP/ES/2015,,23.99,28.50,26.99
2026-08-17,,,,,PL/8148/EXP/ES/2015,,23.99,29.48,27.00
2026-08-17,,,,,PL/8147/EXP/ES/2015,,24.29,28.89,
2026-08-17,,,,,PL/8146/EXP/ES/2015,,23.53,27.73,26.90
2026-08-17,,,,,PL/8145/EXP/ES/2015,,23.49,27.79,27.00
2026-08-17,,,,,PL/8144/EXP/ES/2015,,23.99,28.49,
2026-08-17,,,,,PL/8143/EXP/ES/2015,,22.99,28.39,25.39
2026-08-17,,,,,PL/8142/EXP/ES/2015,,24.00,29.99,27.47
2026-08-17,,,,,PL/8141/EXP/ES/2015,,23.98,29.98,
2026-08-17,,,,,PL/8140/EXP/ES/2015,,23.09,28.19,26.89
2026-08-17,,,,,PL/814/EXP/ES/2015,,24.59,29.99,26.99
2026-08-17,,,,,PL/8139/EXP/ES/2015,,23.99,29.59,27.00
2026-08-17,,,,,PL/8138/EXP/ES/2015,,24.65,29.70,27.00
2026-08-17,,,,,PL/8137/EXP/ES/2015,,,29.49,27.00
2026-08-17,,,,,PL/8136/EXP/ES/2015,,24.19,28.79,27.19
2026-08-17,,,,,PL/8135/EXP/ES/2015,,23.99,29.59,
2026-08-17,,,,,PL/8133/EXP/ES/2015,,23.99,29.14,26.99
2026-08-17,,,,,PL/8132/EXP/ES/2015,,23.99,29.79,25.39
2026-08-17,,,,,PL/813/EXP/ES/2015,,23.67,26.67,28.28
2026-08-17,,,,,PL/812/EXP/ES/2015,,24.69,29.99,
2026-08-17,,,,,PL/811/EXP/ES/2015,,22.66,24.50,23.92
2026-08-17,,,,,PL/810/EXP/ES/2015,,19.98,24.10,
2026-08-17,,,,,PL/8099/EXP/ES/2015,,23.79,28.39,
2026-08-17,,,,,PL/8098/EXP/ES/2015,,23.99,,27.00
2026-08-17,,,,,PL/8097/EXP/ES/2015,,23.99,29.39,27.00
2026-08-17,,,,,PL/8096/EXP/ES/2015,,23.99,29.99,27.00
2026-08-17,,,,,PL/8095/EXP/ES/2015,,24.49,29.99,
2026-08-17,,,,,PL/8094/EXP/ES/2015,,23.99,28.99,
2026-08-17,,,,,PL/8093/EXP/ES/2015,,23.99,29.99,
2026-08-17,,,,,PL/8092/EXP/ES/2015,,23.99,29.69,
2026-08-17,,,,,PL/8091/EXP/ES/2015,,24.49,29.99,
2026-08-17,,,,,PL/8090/EXP/ES/2015,,24.39,27.99,27.00
2026-08-17,,,,,PL/809/EXP/ES/2015,,19.98,24.10,26.97
2026-08-17,,,,,PL/8089/EXP/ES/2015,,23.99,29.69,
2026-08-17,,,,,PL/8088/EXP/ES/2015,,24.49,29.99,
2026-08-17,,,,,PL/8087/EXP/ES/2015,,24.39,27.99,27.00
2026-08-17,,,,,PL/8086/EXP/ES/2015,,23.95,28.29,26.99
2026-08-17,,,,,PL/8085/EXP/ES/2015,,24.49,29.99,
2026-08-17,,,,,PL/8084/EXP/ES/2015,,23.99,29.99,
2026-08-17,,,,,PL/8083/EXP/ES/2015,,22.89,27.79,26.79
2026-08-17,,,,,PL/8081/EXP/ES/2015,,23.99,29.99,
2026-08-17,,,,,PL/8080/EXP/ES/2015,,23.99,28.19,
2026-08-17,,,,,PL/808/EXP/ES/2015,,19.98,24.10,26.97
2026-08-17,,,,,PL/8079/EXP/ES/2015,,23.99,29.99,27.99
2026-08-17,,,,,PL/8078/EXP/ES/2015,,23.49,26.69,
2026-08-17,,,,,PL/8077/EXP/ES/2015,,24.99,29.99,
2026-08-17,,,,,PL/8076/EXP/ES/2015,,23.99,29.99,
2026-08-17,,,,,PL/8075/EXP/ES/2015,,23.69,28.59,26.99
2026-08-17,,,,,PL/8074/EXP/ES/2015,,24.49,29.99,
2026-08-17,,,,,PL/8073/EXP/ES/2015,,24.99,29.38,27.00
2026-08-17,,,,,PL/8072/EXP/ES/2015,,23.90,28.95,26.99
2026-08-17,,,,,PL/8071/EXP/ES/2015,,23.99,29.99,
2026-08-17,,,,,PL/8070/EXP/ES/2015,,23.99,29.99,
2026-08-17,,,,,PL/807/EXP/ES/2015,,21.39,24.10,
2026-08-17,,,,,PL/8069/EXP/ES/2015,,23.99,29.99,
2026-08-17,,,,,PL/8068/EXP/ES/2015,,23.99,29.19,26.99
2026-08-17,,,,,PL/8067/EXP/ES/2015,,23.99,29.19,27.00
2026-08-17,,,,,PL/8066/EXP/ES/2015,,23.99,29.99,
2026-08-17,,,,,PL/8064/EXP/ES/2015,,23.39,26.62,26.99
2026-08-17,,,,,PL/8063/EXP/ES/2015,,23.99,29.99,
2026-08-17,,,,,PL/8062/EXP/ES/2015,,23.99,28.09,26.89
2026-08-17,,,,,PL/8061/EXP/ES/2015,,23.99,29.39,27.00
2026-08-17,,,,,PL/8060/EXP/ES/2015,,23.99,29.19,26.99
2026-08-17,,,,,PL/806/EXP/ES/2015,,21.39,24.10,
2026-08-17,,,,,PL/8059/EXP/ES/2015,,23.99,29.99,
2026-08-17,,,,,PL/8058/EXP/ES/2015,,23.55,28.75,27.00
2026-08-17,,,,,PL/8057/EXP/ES/2015,,23.95,28.90,27.00
2026-08-17,,,,,PL/8056/EXP/ES/2015,,23.79,27.79,26.99
2026-08-17,,,,,PL/8055/EXP/ES/2015,,23.99,27.79,27.00
2026-08-17,,,,,PL/8053/EXP/ES/2015,,23.79,28.39,27.00
2026-08-17,,,,,PL/8052/EXP/ES/2015,,23.79,28.39,27.00
2026-08-17,,,,,PL/8051/EXP/ES/2015,,24.49,29.99,
2026-08-17,,,,,PL/8050/EXP/ES/2015,,23.99,28.19,26.99
2026-08-17,,,,,PL/805/EXP/ES/2015,,23.99,28.79,27.00
2026-08-17,,,,,PL/8049/EXP/ES/2015,,23.99,29.99,
2026-08-17,,,,,PL/8048/EXP/ES/2015,,24.99,29.59,27.00
2026-08-17,,,,,PL/8047/EXP/ES/2015,,22.69,24.59,24.79
2026-08-17,,,,,PL/8046/EXP/ES/2015,,23.99,28.88,27.00
2026-08-17,,,,,PL/8045/EXP/ES/2015,,22.78,27.99,26.99
2026-08-17,,,,,PL/8044/EXP/ES/2015,,21.29,24.90,
2026-08-17,,,,,PL/8042/EXP/ES/2015,,23.99,29.99,27.00
2026-08-17,,,,,PL/8041/EXP/ES/2015,,23.99,29.99,27.00
2026-08-17,,,,,PL/8040/EXP/ES/2015,,24.50,29.80,
2026-08-17,,,,,PL/804/EXP/ES/2015,,23.33,,26.99
2026-08-17,,,,,PL/8039/EXP/ES/2015,,22.99,28.70,25.99
2026-08-17,,,,,PL/8038/EXP/ES/2015,,22.79,25.99,
2026-08-17,,,,,PL/8037/EXP/ES/2015,,23.90,28.00,
2026-08-17,,,,,PL/8036/EXP/ES/2015,,24.99,29.69,26.99
2026-08-17,,,,,PL/8035/EXP/ES/2015,,23.42,26.95,26.99
2026-08-17,,,,,PL/8034/EXP/ES/2015,,23.99,28.50,27.00
2026-08-17,,,,,PL/8033/EXP/ES/2015,,24.86,29.90,27.99
2026-08-17,,,,DELFINA ORTIZ REGALADO,PL/8032/EXP/ES/2015,Prolongación Calle 1r0. de Mayo S/N,23.99,28.79,27.00
2026-08-17,,,,,PL/8031/EXP/ES/2015,,24.19,29.89,27.49
2026-08-17,,,,,PL/8030/EXP/ES/2015,,22.99,27.90,26.90
2026-08-17,,,,,PL/803/EXP/ES/2015,,21.39,24.10,26.99
2026-08-17,,,,,PL/8029/EXP/ES/2015,,23.99,29.89,27.00
2026-08-17,,,,,PL/8028/EXP/ES/2015,,23.99,29.59,27.00
2026-08-17,,,,,PL/8027/EXP/ES/2015,,22.55,26.95,
2026-08-17,,,,,PL/8026/EXP/ES/2015,,23.59,28.29,26.99
2026-08-17,,,,,PL/8025/EXP/ES/2015,,23.80,28.90,27.00
2026-08-17,,,,,PL/8024/EXP/ES/2015,,23.99,26.98,26.99
2026-08-17,,,,,PL/8023/EXP/ES/2015,,23.99,28.92,
2026-08-17,,,,,PL/8022/EXP/ES/2015,,23.98,,26.99
2026-08-17,,,,,PL/8021/EXP/ES/2015,,22.99,27.69,26.79
2026-08-17,,,,,PL/8020/EXP/ES/2015,,23.99,29.59,27.00
2026-08-17,,,,,PL/802/EXP/ES/2015,,23.23,,
2026-08-17,,,,,PL/8018/EXP/ES/2015,,23.96,28.55,27.07
2026-08-17,,,,,PL/8017/EXP/ES/2015,,23.99,27.49,
2026-08-17,,,,,PL/8016/EXP/ES/2015,,23.99,28.69,
2026-08-17,,,,,PL/8015/EXP/ES/2015,,21.28,24.79,26.70
2026-08-17,,,,,PL/8013/EXP/ES/2015,,23.80,28.99,27.00
2026-08-17,,,,,PL/8012/EXP/ES/2015,,19.99,,25.39
2026-08-17,,,,,PL/8011/EXP/ES/2015,,23.48,26.99,
2026-08-17,,,,,PL/8010/EXP/ES/2015,,24.99,,29.99
2026-08-17,,,,,PL/801/EXP/ES/2015,,19.98,24.10,26.97
2026-08-17,,,,,PL/8008/EXP/ES/2015,,24.39,28.89,26.99
2026-08-17,,,,,PL/8007/EXP/ES/2015,,23.92,28.79,27.43
2026-08-17,,,,,PL/8006/EXP/ES/2015,,23.99,28.95,26.99
2026-08-17,,,,,PL/8005/EXP/ES/2015,,24.40,,27.25
2026-08-17,,,,,PL/8004/EXP/ES/2015,,23.99,29.45,27.00
2026-08-17,,,,,PL/8003/EXP/ES/2015,,23.99,29.00,27.00
2026-08-17,,,,,PL/8002/EXP/ES/2015,,23.99,29.99,27.00
2026-08-17,,,,,PL/8001/EXP/ES/2015,,23.99,29.00,27.00
2026-08-17,,,,,PL/8000/EXP/ES/2015,,23.99,29.80,27.00
2026-08-17,,,,,PL/800/EXP/ES/2015,,23.09,28.65,26.99
2026-08-17,,,,,PL/7999/EXP/ES/2015,,23.45,28.88,26.99
2026-08-17,,,,,PL/7998/EXP/ES/2015,,23.99,29.99,
2026-08-17,,,,,PL/7997/EXP/ES/2015,,23.99,29.99,27.00
2026-08-17,,,,,PL/7996/EXP/ES/2015,,23.99,29.99,27.00
2026-08-17,,,,,PL/7995/EXP/ES/2015,,23.80,27.70,27.60
2026-08-17,,,,,PL/7994/EXP/ES/2015,,24.00,28.90,27.00
2026-08-17,,,,,PL/7993/EXP/ES/2015,,20.29,24.99,
2026-08-17,,,,,PL/7992/EXP/ES/2015,,23.99,28.79,27.00
2026-08-17,,,,,PL/7991/EXP/ES/2015,,22.99,28.49,26.99
2026-08-17,,,,,PL/7990/EXP/ES/2015,,22.39,26.99,
2026-08-17,,,,,PL/799/EXP/ES/2015,,21.39,24.10,26.99
2026-08-17,,,,,PL/7989/EXP/ES/2015,,20.79,26.89,26.99
2026-08-17,,,,,PL/7988/EXP/ES/2015,,23.34,27.99,26.99
2026-08-17,,,,,PL/7987/EXP/ES/2015,,23.89,29.50,26.99
2026-08-17,,,,,PL/7986/EXP/ES/2015,,23.85,28.15,27.00
2026-08-17,,,,,PL/7985/EXP/ES/2015,,23.99,29.49,27.00
2026-08-17,,,,,PL/7984/EXP/ES/2015,,23.99,29.99,
2026-08-17,,,,,PL/7983/EXP/ES/2015,,23.99,29.59,26.99
2026-08-17,,,,,PL/7982/EXP/ES/2015,,23.35,27.50,26.90
2026-08-17,,,,,PL/7981/EXP/ES/2015,,23.99,29.99,
2026-08-17,,,,,PL/7980/EXP/ES/2015,,23.99,29.99,
2026-08-17,,,,,PL/798/EXP/ES/2015,,21.39,24.10,
2026-08-17,,,,,PL/7979/EXP/ES/2015,,23.99,29.99,
2026-08-17,,,,,PL/7978/EXP/ES/2015,,23.99,29.99,
2026-08-17,,,,,PL/7976/EXP/ES/2015,,23.99,29.99,
2026-08-17,,,,,PL/7975/EXP/ES/2015,,23.35,,27.00
2026-08-17,,,,,PL/7974/EXP/ES/2015,,24.49,29.99,
2026-08-17,,,,,PL/7972/EXP/ES/2015,,24.49,29.99,
2026-08-17,,,,,PL/7971/EXP/ES/2015,,24.49,29.99,
2026-08-17,,,,,PL/7970/EXP/ES/2015,,23.99,29.99,
2026-08-17,,,,,PL/797/EXP/ES/2015,,23.99,29.60,
2026-08-17,,,,,PL/7969/EXP/ES/2015,,23.99,29.99,
2026-08-17,,,,,PL/7968/EXP/ES/2015,,23.99,29.99,
2026-08-17,,,,,PL/7966/EXP/ES/2015,,23.99,29.99,
2026-08-17,,,,,PL/7964/EXP/ES/2015,,24.69,29.99,28.69
2026-08-17,,,,,PL/7963/EXP/ES/2015,,24.09,28.99,27.00
2026-08-17,,,,,PL/7962/EXP/ES/2015,,24.69,29.99,
2026-08-17,,,,,PL/7961/EXP/ES/2015,,24.49,29.99,
2026-08-17,,,,,PL/7960/EXP/ES/2015,,20.71,,25.99
2026-08-17,,,,,PL/796/EXP/ES/2015,,20.99,24.49,26.99
2026-08-17,,,,,PL/7959/EXP/ES/2015,,24.57,28.98,28.49
2026-08-17,,,,,PL/7958/EXP/ES/2015,,23.99,29.29,26.99
2026-08-17,,,,,PL/7957/EXP/ES/2015,,23.99,29.99,
2026-08-17,,,,,PL/7956/EXP/ES/2015,,23.99,29.99,
2026-08-17,,,,,PL/7955/EXP/ES/2015,,24.55,,28.28
2026-08-17,,,,,PL/7954/EXP/ES/2015,,23.99,29.99,
2026-08-17,,,,,PL/7953/EXP/ES/2015,,24.49,29.75,27.50
2026-08-17,,,,,PL/7952/EXP/ES/2015,,23.99,29.19,
2026-08-17,,,,,PL/7951/EXP/ES/2015,,23.99,28.69,27.00
2026-08-17,,,,,PL/7950/EXP/ES/2015,,23.99,29.99,
2026-08-17,,,,,PL/795/EXP/ES/2015,,23.99,27.99,26.99
2026-08-17,,,,,PL/7949/EXP/ES/2015,,24.39,28.79,27.49
2026-08-17,,,,,PL/7948/EXP/ES/2015,,23.99,28.69,27.00
2026-08-17,,,,,PL/7947/EXP/ES/2015,,23.99,29.99,
2026-08-17,,,,,PL/7946/EXP/ES/2015,,20.79,26.89,26.99
2026-08-17,,,,,PL/7945/EXP/ES/2015,,22.79,27.99,
2026-08-17,,,,,PL/7944/EXP/ES/2015,,24.99,29.99,
2026-08-17,,,,,PL/7943/EXP/ES/2015,,23.99,28.99,
2026-08-17,,,,,PL/7941/EXP/ES/2015,,23.29,28.14,26.99
2026-08-17,,,,,PL/7940/EXP/ES/2015,,23.48,27.39,27.00
2026-08-17,,,,,PL/794/EXP/ES/2015,,19.25,23.55,25.39
2026-08-17,,,,,PL/7939/EXP/ES/2015,,23.99,29.99,
2026-08-17,,,,,PL/7938/EXP/ES/2015,,22.89,26.49,26.80
2026-08-17,,,,,PL/7937/EXP/ES/2015,,23.99,29.89,27.00
2026-08-17,,,,,PL/7936/EXP/ES/2015,,24.00,,27.50
2026-08-17,,,,,PL/7935/EXP/ES/2015,,24.00,29.00,27.50
2026-08-17,,,,,PL/7934/EXP/ES/2015,,24.00,29.00,27.50
2026-08-17,,,,,PL/7933/EXP/ES/2015,,24.00,29.00,27.50
2026-08-17,,,,,PL/7932/EXP/ES/2015,,24.00,29.00,27.50
2026-08-17,,,,,PL/7931/EXP/ES/2015,,23.79,28.49,
2026-08-17,,,,,PL/7930/EXP/ES/2015,,23.99,28.99,26.99
2026-08-17,,,,,PL/793/EXP/ES/2015,,19.39,23.69,
2026-08-17,,,,,PL/7929/EXP/ES/2015,,24.00,28.80,28.10
2026-08-17,,,,,PL/7928/EXP/ES/2015,,23.95,28.90,27.00
2026-08-17,,,,,PL/7927/EXP/ES/2015,,23.99,28.40,28.28
2026-08-17,,,,,PL/7926/EXP/ES/2015,,23.99,28.99,26.99
2026-08-17,,,,,PL/7925/EXP/ES/2015,,22.89,28.99,
2026-08-17,,,,,PL/7924/EXP/ES/2015,,23.99,29.15,26.99
2026-08-17,,,,,PL/7923/EXP/ES/2015,,24.50,30.50,27.00
2026-08-17,,,,,PL/7922/EXP/ES/2015,,23.99,29.26,27.00
2026-08-17,,,,,PL/7921/EXP/ES/2015,,23.39,28.99,
2026-08-17,,,,,PL/7920/EXP/ES/2015,,23.99,29.28,27.00
2026-08-17,,,,,PL/792/EXP/ES/2015,,21.89,27.89,25.37
2026-08-17,,,,,PL/7919/EXP/ES/2015,,23.99,29.28,27.00
2026-08-17,,,,,PL/7918/EXP/ES/2015,,22.99,29.24,
2026-08-17,,,,,PL/7917/EXP/ES/2015,,23.99,29.24,27.00
2026-08-17,,,,,PL/7916/EXP/ES/2015,,24.50,30.50,
2026-08-17,,,,,PL/7915/EXP/ES/2015,,23.10,27.43,
2026-08-17,,,,,PL/7914/EXP/ES/2015,,23.99,29.24,27.00
2026-08-17,,,,,PL/7913/EXP/ES/2015,,23.99,29.24,27.00
2026-08-17,,,,,PL/7912/EXP/ES/2015,,23.99,29.28,27.00
2026-08-17,,,,,PL/7911/EXP/ES/2015,,24.00,,27.00
2026-08-17,,,,,PL/7910/EXP/ES/2015,,23.99,27.90,27.00
2026-08-17,,,,,PL/791/EXP/ES/2015,,19.98,23.99,
2026-08-17,,,,,PL/7909/EXP/ES/2015,,24.50,30.50,
2026-08-17,,,,,PL/7908/EXP/ES/2015,,23.99,29.24,27.00
2026-08-17,,,,,PL/7907/EXP/ES/2015,,23.99,27.85,27.00
2026-08-17,,,,,PL/7906/EXP/ES/2015,,23.99,28.19,27.00
2026-08-17,,,,,PL/7905/EXP/ES/2015,,23.99,28.49,26.99
2026-08-17,,,,,PL/7904/EXP/ES/2015,,23.99,28.49,
2026-08-17,,,,,PL/7903/EXP/ES/2015,,23.99,27.85,27.00
2026-08-17,,,,,PL/7902/EXP/ES/2015,,23.99,29.24,27.00
2026-08-17,,,,,PL/7901/EXP/ES/2015,,23.99,28.49,26.99
2026-08-17,,,,,PL/7900/EXP/ES/2015,,23.99,27.49,27.00
2026-08-17,,,,,PL/790/EXP/ES/2015,,18.87,20.69,
2026-08-17,,,,,PL/7899/EXP/ES/2015,,23.99,29.24,27.00
2026-08-17,,,,,PL/7898/EXP/ES/2015,,24.99,29.99,
2026-08-17,,,,,PL/7896/EXP/ES/2015,,22.99,27.99,26.99
2026-08-17,,,,,PL/7895/EXP/ES/2015,,23.99,28.99,27.49
2026-08-17,,,,,PL/7894/EXP/ES/2015,,23.99,29.55,27.99
2026-08-17,,,,,PL/7893/EXP/ES/2015,,23.19,27.19,27.00
2026-08-17,,,,,PL/7892/EXP/ES/2015,,23.69,27.29,
2026-08-17,,,,,PL/7891/EXP/ES/2015,,23.79,27.99,26.99
2026-08-17,,,,,PL/7890/EXP/ES/2015,,23.85,,26.99
2026-08-17,,,,,PL/789/EXP/ES/2015,,23.99,27.99,26.99
2026-08-17,,,,,PL/7889/EXP/ES/2015,,23.99,27.99,26.99
2026-08-17,,,,,PL/7887/EXP/ES/2015,,24.00,28.89,27.20
2026-08-17,,,,,PL/7886/EXP/ES/2015,,23.99,29.99,27.00
2026-08-17,,,,,PL/7885/EXP/ES/2015,,22.99,27.99,27.99
2026-08-17,,,,,PL/7884/EXP/ES/2015,,23.99,29.99,27.00
2026-08-17,,,,,PL/7883/EXP/ES/2015,,23.99,29.99,27.00
2026-08-17,,,,,PL/7882/EXP/ES/2015,,23.99,29.99,27.00
2026-08-17,,,,,PL/7881/EXP/ES/2015,,23.99,28.99,26.99
2026-08-17,,,,,PL/7880/EXP/ES/2015,,23.99,29.99,27.00
2026-08-17,,,,,PL/788/EXP/ES/2015,,23.99,29.69,25.39
2026-08-17,,,,,PL/7879/EXP/ES/2015,,23.99,29.99,
2026-08-17,,,,,PL/7878/EXP/ES/2015,,24.49,29.99,
2026-08-17,,,,,PL/7877/EXP/ES/2015,,23.99,28.99,
2026-08-17,,,,,PL/7876/EXP/ES/2015,,23.99,29.99,
2026-08-17,,,,,PL/7875/EXP/ES/2015,,23.99,29.99,27.00
2026-08-17,,,,,PL/7874/EXP/ES/2015,,24.99,29.99,
2026-08-17,,,,,PL/7873/EXP/ES/2015,,23.99,29.99,
2026-08-17,,,,,PL/7872/EXP/ES/2015,,23.99,29.99,
2026-08-17,,,,,PL/7871/EXP/ES/2015,,23.99,29.99,27.00
2026-08-17,,,,,PL/7870/EXP/ES/2015,,23.99,29.99,
2026-08-17,,,,,PL/787/EXP/ES/2015,,22.89,25.99,
2026-08-17,,,,,PL/7869/EXP/ES/2015,,24.49,29.99,
2026-08-17,,,,,PL/7868/EXP/ES/2015,,23.99,28.59,27.00
2026-08-17,,,,,PL/7867/EXP/ES/2015,,23.99,29.99,
2026-08-17,,,,,PL/7866/EXP/ES/2015,,23.99,29.99,
2026-08-17,,,,,PL/7865/EXP/ES/2015,,23.99,29.99,27.00
2026-08-17,,,,,PL/7864/EXP/ES/2015,,23.99,29.99,27.00
2026-08-17,,,,,PL/7863/EXP/ES/2015,,23.99,28.30,27.00
2026-08-17,,,,,PL/7862/EXP/ES/2015,,24.49,29.49,26.99
2026-08-17,,,,,PL/7861/EXP/ES/2015,,19.19,23.29,
2026-08-17,,,,,PL/7860/EXP/ES/2015,,20.79,26.89,
2026-08-17,,,,,PL/786/EXP/ES/2015,,22.29,26.89,25.39
2026-08-17,,,,,PL/7859/EXP/ES/2015,,20.79,26.89,26.99
2026-08-17,,,,,PL/7857/EXP/ES/2015,,22.99,28.99,
2026-08-17,,,,,PL/7856/EXP/ES/2015,,22.99,27.99,
2026-08-17,,,,,PL/7855/EXP/ES/2015,,23.99,28.29,27.00
2026-08-17,,,,,PL/7854/EXP/ES/2015,,20.99,23.99,
2026-08-17,,,,,PL/7853/EXP/ES/2015,,23.29,27.99,
2026-08-17,,,,,PL/7852/EXP/ES/2015,,19.79,23.99,
2026-08-17,,,,,PL/7851/EXP/ES/2015,,24.49,29.19,26.99
2026-08-17,,,,,PL/7850/EXP/ES/2015,,23.59,27.99,
2026-08-17,,,,,PL/785/EXP/ES/2015,,23.99,27.99,26.99
2026-08-17,,,,,PL/7849/EXP/ES/2015,,23.99,29.89,
2026-08-17,,,,,PL/7848/EXP/ES/2015,,20.99,26.90,
2026-08-17,,,,,PL/7847/EXP/ES/2015,,19.99,23.99,
2026-08-17,,,,,PL/7846/EXP/ES/2015,,21.26,24.76,25.38
2026-08-17,,,,,PL/7845/EXP/ES/2015,,21.26,24.79,25.38
2026-08-17,,,,,PL/7844/EXP/ES/2015,,19.99,23.99,25.38
2026-08-17,,,,,PL/7843/EXP/ES/2015,,21.26,24.90,25.38
2026-08-17,,,,,PL/7842/EXP/ES/2015,,23.99,29.89,27.00
2026-08-17,,,,,PL/7841/EXP/ES/2015,,23.99,28.59,27.00
2026-08-17,,,,,PL/7840/EXP/ES/2015,,23.99,,27.00
2026-08-17,,,,,PL/784/EXP/ES/2015,,23.99,29.09,26.99
2026-08-17,,,,,PL/7839/EXP/ES/2015,,23.99,29.99,27.00
2026-08-17,,,,,PL/7837/EXP/ES/2015,,23.99,29.99,27.00
2026-08-17,,,,,PL/7836/EXP/ES/2015,,23.99,29.99,27.00
2026-08-17,,,,,PL/7835/EXP/ES/2015,,23.99,29.99,27.00
2026-08-17,,,,,PL/7834/EXP/ES/2015,,23.99,29.20,26.50
2026-08-17,,,,,PL/7833/EXP/ES/2015,,23.99,29.99,27.00
2026-08-17,,,,,PL/7832/EXP/ES/2015,,23.99,29.99,27.00
2026-08-17,,,,,PL/7831/EXP/ES/2015,,24.99,29.99,27.00
2026-08-17,,,,,PL/7830/EXP/ES/2015,,18.99,23.99,
2026-08-17,,,,,PL/783/EXP/ES/2015,,23.99,29.99,27.00
2026-08-17,,,,,PL/7829/EXP/ES/2015,,19.99,25.99,
2026-08-17,,,,,PL/7828/EXP/ES/2015,,23.64,27.59,27.00
2026-08-17,,,,,PL/7827/EXP/ES/2015,,23.79,28.45,26.85
2026-08-17,,,,,PL/7826/EXP/ES/2015,,19.95,22.85,
2026-08-17,,,,,PL/7825/EXP/ES/2015,,23.99,28.59,
2026-08-17,,,,,PL/7824/EXP/ES/2015,,19.99,25.99,
2026-08-17,,,,,PL/7823/EXP/ES/2015,,19.99,24.19,
2026-08-17,,,,,PL/7822/EXP/ES/2015,,23.99,28.59,27.49
2026-08-17,,,,,PL/7821/EXP/ES/2015,,23.99,28.89,27.00
2026-08-17,,,,,PL/7820/EXP/ES/2015,,19.99,25.99,
2026-08-17,,,,,PL/782/EXP/ES/2015,,23.69,29.49,
2026-08-17,,,,,PL/7819/EXP/ES/2015,,23.71,27.64,27.00
2026-08-17,,,,,PL/7817/EXP/ES/2015,,23.99,29.99,27.00
2026-08-17,,,,,PL/7816/EXP/ES/2015,,23.80,27.50,27.00
2026-08-17,,,,,PL/7815/EXP/ES/2015,,21.29,24.79,
2026-08-17,,,,,PL/7814/EXP/ES/2015,,24.39,28.59,
2026-08-17,,,,,PL/7813/EXP/ES/2015,,23.39,27.69,27.00
2026-08-17,,,,,PL/7812/EXP/ES/2015,,19.95,22.85,
2026-08-17,,,,,PL/7810/EXP/ES/2015,,23.99,28.69,27.00
2026-08-17,,,,,PL/781/EXP/ES/2015,,23.99,29.79,25.39
2026-08-17,,,,,PL/7809/EXP/ES/2015,,23.99,28.69,
2026-08-17,,,,,PL/7808/EXP/ES/2015,,23.19,27.59,26.79
2026-08-17,,,,,PL/7807/EXP/ES/2015,,23.98,,26.98
2026-08-17,,,,,PL/7806/EXP/ES/2015,,24.39,27.94,27.00
2026-08-17,,,,,PL/7805/EXP/ES/2015,,23.39,27.89,
2026-08-17,,,,,PL/7804/EXP/ES/2015,,23.39,27.49,
2026-08-17,,,,,PL/7803/EXP/ES/2015,,23.29,27.89,
2026-08-17,,,,,PL/7802/EXP/ES/2015,,23.19,28.29,26.99
2026-08-17,,,,,PL/7801/EXP/ES/2015,,19.35,25.50,25.65
2026-08-17,,,,,PL/7800/EXP/ES/2015,,23.29,27.79,26.99
2026-08-17,,,,,PL/780/EXP/ES/2015,,23.99,29.79,25.39
2026-08-17,,,,,PL/7799/EXP/ES/2015,,23.99,28.84,27.00
2026-08-17,,,,,PL/7798/EXP/ES/2015,,23.99,28.69,27.00
2026-08-17,,,,,PL/7797/EXP/ES/2015,,23.39,27.59,
2026-08-17,,,,,PL/7796/EXP/ES/2015,,23.98,28.95,26.98
2026-08-17,,,,,PL/7795/EXP/ES/2015,,20.99,23.99,
2026-08-17,,,,,PL/7794/EXP/ES/2015,,23.99,28.69,27.00
2026-08-17,,,,,PL/7793/EXP/ES/2015,,23.00,28.65,27.00
2026-08-17,,,,,PL/7791/EXP/ES/2015,,21.89,27.45,
2026-08-17,,,,SERVICIO COLOTLAN EXPRESS S.A. DE C.V.,PL/7790/EXP/ES/2015,Carretera a Colotlán No. 2800,23.99,29.29,26.99
2026-08-17,,,,,PL/779/EXP/ES/2015,,23.99,29.80,26.99
2026-08-17,,,,,PL/7789/EXP/ES/2015,,24.39,28.49,27.00
2026-08-17,,,,,PL/7788/EXP/ES/2015,,24.49,29.15,27.99
2026-08-17,,,,,PL/7787/EXP/ES/2015,,23.99,28.99,
2026-08-17,,,,,PL/7786/EXP/ES/2015,,23.99,,27.00
2026-08-17,,,,,PL/7785/EXP/ES/2015,,23.99,29.58,
2026-08-17,,,,,PL/7784/EXP/ES/2015,,23.99,29.58,
2026-08-17,,,,,PL/7783/EXP/ES/2015,,23.99,29.58,
2026-08-17,,,,,PL/7782/EXP/ES/2015,,23.99,27.74,
2026-08-17,,,,,PL/7781/EXP/ES/2015,,24.39,27.69,27.00
2026-08-17,,,,,PL/7780/EXP/ES/2015,,24.59,,
2026-08-17,,,,,PL/778/EXP/ES/2015,,23.99,27.99,26.99
2026-08-17,,,,,PL/7779/EXP/ES/2015,,23.99,,27.00
2026-08-17,,,,,PL/7778/EXP/ES/2015,,23.99,28.99,26.99
2026-08-17,,,,,PL/7777/EXP/ES/2015,,24.39,27.94,27.00
2026-08-17,,,,,PL/7776/EXP/ES/2015,,23.99,29.39,27.00
2026-08-17,,,,,PL/7775/EXP/ES/2015,,23.99,28.80,
2026-08-17,,,,,PL/7774/EXP/ES/2015,,22.99,27.99,27.00
2026-08-17,,,,GASOLINERA MARTÍN S.A. DE C.V.,PL/7773/EXP/ES/2015,Avenida Adolfo López Mateos Sur No. 1000,22.99,28.39,26.99
2026-08-17,,,,,PL/7772/EXP/ES/2015,,23.99,29.04,26.90
2026-08-17,,,,,PL/7771/EXP/ES/2015,,23.99,29.04,26.90
2026-08-17,,,,,PL/777/EXP/ES/2015,,23.99,28.86,27.00
2026-08-17,,,,,PL/7769/EXP/ES/2015,,23.99,28.14,27.00
2026-08-17,,,,,PL/7768/EXP/ES/2015,,23.99,29.99,
2026-08-17,,,,,PL/7767/EXP/ES/2015,,23.84,26.89,26.90
2026-08-17,,,,,PL/7766/EXP/ES/2015,,23.99,29.99,
2026-08-17,,,,,PL/7765/EXP/ES/2015,,23.99,29.99,
2026-08-17,,,,,PL/7764/EXP/ES/2015,,24.99,29.99,
2026-08-17,,,,,PL/7763/EXP/ES/2015,,23.99,29.99,
2026-08-17,,,,,PL/7762/EXP/ES/2015,,19.19,23.29,25.39
2026-08-17,,,,,PL/7761/EXP/ES/2015,,24.49,29.99,27.00
2026-08-17,,,,,PL/7760/EXP/ES/2015,,23.99,28.00,26.98
2026-08-17,,,,,PL/776/EXP/ES/2015,,19.39,23.69,
2026-08-17,,,,,PL/7759/EXP/ES/2015,,23.99,29.99,
2026-08-17,,,,,PL/7758/EXP/ES/2015,,23.99,29.72,26.88
2026-08-17,,,,,PL/7757/EXP/ES/2015,,24.49,29.99,27.00
2026-08-17,,,,,PL/7756/EXP/ES/2015,,23.99,28.77,27.00
2026-08-17,,,,,PL/7755/EXP/ES/2015,,24.04,,
2026-08-17,,,,,PL/7754/EXP/ES/2015,,24.94,28.94,27.99
2026-08-17,,,,,PL/7753/EXP/ES/2015,,24.94,28.94,27.99
2026-08-17,,,,,PL/7752/EXP/ES/2015,,23.99,27.94,
2026-08-17,,,,,PL/7751/EXP/ES/2015,,24.94,28.84,27.99
2026-08-17,,,,,PL/7750/EXP/ES/2015,,24.49,29.49,26.99
2026-08-17,,,,,PL/775/EXP/ES/2015,,19.25,23.55,
2026-08-17,,,,,PL/7748/EXP/ES/2015,,23.99,28.00,27.00
2026-08-17,,,,,PL/7747/EXP/ES/2015,,23.85,26.99,27.00
2026-08-17,,,,,PL/7746/EXP/ES/2015,,23.99,28.00,27.00
2026-08-17,,,,,PL/7745/EXP/ES/2015,,20.79,26.89,26.99
2026-08-17,,,,,PL/7744/EXP/ES/2015,,25.48,,29.00
2026-08-17,,,,,PL/7743/EXP/ES/2015,,20.79,26.89,26.99
2026-08-17,,,,,PL/7742/EXP/ES/2015,,20.79,26.89,
2026-08-17,,,,,PL/7741/EXP/ES/2015,,24.49,29.49,26.99
2026-08-17,,,,,PL/7740/EXP/ES/2015,,23.57,27.64,26.99
2026-08-17,,,,,PL/774/EXP/ES/2015,,23.89,29.39,26.99
2026-08-17,,,,,PL/7739/EXP/ES/2015,,23.99,28.69,
2026-08-17,,,,,PL/7738/EXP/ES/2015,,23.99,29.49,27.00
2026-08-17,,,,,PL/7737/EXP/ES/2015,,,29.55,28.50
2026-08-17,,,,,PL/7736/EXP/ES/2015,,23.90,28.80,26.99
2026-08-17,,,,,PL/7735/EXP/ES/2015,,23.99,29.49,
2026-08-17,,,,,PL/7734/EXP/ES/2015,,22.99,27.99,27.99
2026-08-17,,,,,PL/7733/EXP/ES/2015,,24.99,29.49,26.99
2026-08-17,,,,,PL/7732/EXP/ES/2015,,23.99,29.49,26.99
2026-08-17,,,,,PL/7730/EXP/ES/2015,,22.85,27.64,
2026-08-17,,,,,PL/773/EXP/ES/2015,,23.99,29.19,27.00
2026-08-17,,,,,PL/7729/EXP/ES/2015,,23.99,28.96,27.00
2026-08-17,,,,,PL/7728/EXP/ES/2015,,23.79,28.95,26.99
2026-08-17,,,,,PL/7727/EXP/ES/2015,,23.15,28.99,26.99
2026-08-17,,,,,PL/7726/EXP/ES/2015,,23.61,28.95,
2026-08-17,,,,,PL/7725/EXP/ES/2015,,23.69,28.89,
2026-08-17,,,,,PL/7724/EXP/ES/2015,,26.69,,
2026-08-17,,,,,PL/7723/EXP/ES/2015,,23.99,,26.99
2026-08-17,,,,,PL/7722/EXP/ES/2015,,23.69,28.65,26.99
2026-08-17,,,,DAVID DE ANDA CHÁVEZ,PL/7721/EXP/ES/2015,Avenida 18 de Marzo No. 1545,23.99,29.99,
2026-08-17,,,,,PL/7720/EXP/ES/2015,,23.99,28.10,27.00
2026-08-17,,,,,PL/772/EXP/ES/2015,,19.98,23.99,25.50
2026-08-17,,,,,PL/7719/EXP/ES/2015,,23.80,27.62,26.81
2026-08-17,,,,,PL/7718/EXP/ES/2015,,24.58,,27.90
2026-08-17,,,,,PL/7717/EXP/ES/2015,,23.82,27.86,26.77
2026-08-17,,,,,PL/7715/EXP/ES/2015,,24.19,28.00,27.00
2026-08-17,,,,,PL/7714/EXP/ES/2015,,23.81,28.10,27.00
2026-08-17,,,,,PL/7713/EXP/ES/2015,,23.81,28.10,27.00
2026-08-17,,,,,PL/7712/EXP/ES/2015,,20.39,23.99,26.99
2026-08-17,,,,,PL/7711/EXP/ES/2015,,19.99,25.99,25.39
2026-08-17,,,,,PL/7710/EXP/ES/2015,,20.29,24.99,26.99
2026-08-17,,,,,PL/771/EXP/ES/2015,,24.59,29.99,26.99
2026-08-17,,,,,PL/7709/EXP/ES/2015,,24.49,,28.99
2026-08-17,,,,,PL/7708/EXP/ES/2015,,23.99,28.49,26.99
2026-08-17,,,,,PL/7706/EXP/ES/2015,,23.99,28.49,26.99
2026-08-17,,,,,PL/7705/EXP/ES/2015,,23.99,28.49,26.99
2026-08-17,,,,,PL/7704/EXP/ES/2015,,23.59,27.89,27.00
2026-08-17,,,,,PL/7703/EXP/ES/2015,,22.99,28.04,26.94
2026-08-17,,,,,PL/7702/EXP/ES/2015,,23.99,28.89,27.00
2026-08-17,,,,,PL/7701/EXP/ES/2015,,24.99,29.99,
2026-08-17,,,,,PL/7700/EXP/ES/2015,,20.79,26.89,25.39
2026-08-17,,,,,PL/770/EXP/ES/2015,,23.99,29.25,26.99
2026-08-17,,,,,PL/7698/EXP/ES/2015,,23.51,28.51,26.48
2026-08-17,,,,,PL/7697/EXP/ES/2015,,23.51,28.51,
2026-08-17,,,,,PL/7696/EXP/ES/2015,,23.51,28.51,
2026-08-17,,,,,PL/7695/EXP/ES/2015,,23.51,28.51,26.48
2026-08-17,,,,,PL/7694/EXP/ES/2015,,24.39,29.99,27.99
2026-08-17,,,,,PL/7693/EXP/ES/2015,,23.10,27.60,26.90
2026-08-17,,,,,PL/7692/EXP/ES/2015,,23.89,28.99,27.00
2026-08-17,,,,,PL/7690/EXP/ES/2015,,19.99,26.85,
2026-08-17,,,,,PL/769/EXP/ES/2015,,23.99,29.49,27.29
2026-08-17,,,,,PL/7689/EXP/ES/2015,,24.69,29.99,
2026-08-17,,,,,PL/7688/EXP/ES/2015,,24.99,28.94,27.99
2026-08-17,,,,,PL/7687/EXP/ES/2015,,24.99,28.97,27.99
2026-08-17,,,,,PL/7686/EXP/ES/2015,,23.99,28.99,27.00
2026-08-17,,,,,PL/7685/EXP/ES/2015,,23.99,28.99,27.00
2026-08-17,,,,,PL/7684/EXP/ES/2015,,22.99,26.99,
2026-08-17,,,,,PL/7683/EXP/ES/2015,,24.39,27.99,27.00
2026-08-17,,,,,PL/7682/EXP/ES/2015,,24.00,29.39,
2026-08-17,,,,,PL/7681/EXP/ES/2015,,24.00,29.39,27.39
2026-08-17,,,,,PL/7680/EXP/ES/2015,,23.99,29.99,
2026-08-17,,,,,PL/768/EXP/ES/2015,,23.39,27.49,25.39
2026-08-17,,,,,PL/7679/EXP/ES/2015,,23.99,29.99,
2026-08-17,,,,,PL/7678/EXP/ES/2015,,23.99,29.99,27.00
2026-08-17,,,,,PL/7677/EXP/ES/2015,,23.99,29.99,27.00
2026-08-17,,,,,PL/7676/EXP/ES/2015,,23.99,29.69,
2026-08-17,,,,,PL/7675/EXP/ES/2015,,23.99,29.69,27.99
2026-08-17,,,,,PL/7674/EXP/ES/2015,,24.99,29.69,
2026-08-17,,,,,PL/7673/EXP/ES/2015,,23.99,29.69,27.00
2026-08-17,,,,,PL/7672/EXP/ES/2015,,23.99,29.69,27.00
2026-08-17,,,,,PL/7671/EXP/ES/2015,,23.99,29.99,
2026-08-17,,,,,PL/7670/EXP/ES/2015,,24.49,29.99,
2026-08-17,,,,,PL/767/EXP/ES/2015,,23.99,29.99,
2026-08-17,,,,,PL/7669/EXP/ES/2015,,23.93,28.97,26.97
2026-08-17,,,,,PL/7668/EXP/ES/2015,,23.99,29.99,
2026-08-17,,,,,PL/7667/EXP/ES/2015,,23.99,29.99,
2026-08-17,,,,,PL/7666/EXP/ES/2015,,23.19,27.85,27.00
2026-08-17,,,,,PL/7665/EXP/ES/2015,,23.99,29.99,
2026-08-17,,,,,PL/7664/EXP/ES/2015,,23.99,29.99,27.00
2026-08-17,,,,,PL/7663/EXP/ES/2015,,23.99,,27.00
2026-08-17,,,,,PL/7662/EXP/ES/2015,,23.99,29.99,
2026-08-17,,,,,PL/7661/EXP/ES/2015,,23.99,29.99,27.00
2026-08-17,,,,,PL/7660/EXP/ES/2015,,23.99,29.99,27.00
2026-08-17,,,,,PL/766/EXP/ES/2015,,23.98,29.43,
2026-08-17,,,,,PL/7659/EXP/ES/2015,,23.39,29.49,
2026-08-17,,,,,PL/7658/EXP/ES/2015,,23.99,29.99,
2026-08-17,,,,,PL/7657/EXP/ES/2015,,23.99,29.99,27.00
2026-08-17,,,,,PL/7656/EXP/ES/2015,,24.49,29.99,27.00
2026-08-17,,,,,PL/7655/EXP/ES/2015,,23.99,29.99,
2026-08-17,,,,,PL/7654/EXP/ES/2015,,24.49,29.99,27.00
2026-08-17,,,,,PL/7653/EXP/ES/2015,,23.99,29.99,27.00
2026-08-17,,,,,PL/7652/EXP/ES/2015,,23.99,29.99,
2026-08-17,,,,,PL/7651/EXP/ES/2015,,23.99,29.99,
2026-08-17,,,,,PL/7650/EXP/ES/2015,,23.99,28.89,27.00
2026-08-17,,,,,PL/765/EXP/ES/2015,,23.49,27.49,25.39
2026-08-17,,,,,PL/7649/EXP/ES/2015,,23.99,29.99,27.00
2026-08-17,,,,,PL/7647/EXP/ES/2015,,23.64,28.09,26.95
2026-08-17,,,,,PL/7646/EXP/ES/2015,,23.99,29.99,27.00
2026-08-17,,,,,PL/7645/EXP/ES/2015,,24.00,28.96,27.00
2026-08-17,,,,,PL/7644/EXP/ES/2015,,23.89,25.19,25.99
2026-08-17,,,,,PL/7643/EXP/ES/2015,,23.99,28.39,
2026-08-17,,,,,PL/7642/EXP/ES/2015,,24.49,28.89,28.49
2026-08-17,,,,,PL/7641/EXP/ES/2015,,23.99,,27.00
2026-08-17,,,,,PL/764/EXP/ES/2015,,24.59,29.99,27.99
2026-08-17,,,,,PL/7638/EXP/ES/2015,,23.99,,
2026-08-17,,,,,PL/7637/EXP/ES/2015,,20.39,23.99,26.99
2026-08-17,,,,,PL/7636/EXP/ES/2015,,24.78,29.80,27.00
2026-08-17,,,,,PL/7635/EXP/ES/2015,,23.99,29.39,
2026-08-17,,,,,PL/7634/EXP/ES/2015,,19.99,23.99,
2026-08-17,,,,,PL/7633/EXP/ES/2015,,23.75,27.69,
2026-08-17,,,,,PL/7632/EXP/ES/2015,,23.99,28.79,27.00
2026-08-17,,,,,PL/7631/EXP/ES/2015,,23.98,29.68,27.00
2026-08-17,,,,,PL/7630/EXP/ES/2015,,23.99,28.49,26.98
2026-08-17,,,,,PL/763/EXP/ES/2015,,23.99,29.81,26.99
2026-08-17,,,,,PL/7629/EXP/ES/2015,,25.49,29.99,27.00
2026-08-17,,,,,PL/7628/EXP/ES/2015,,23.35,28.99,26.99
2026-08-17,,,,,PL/7627/EXP/ES/2015,,26.90,,30.50
2026-08-17,,,,,PL/7625/EXP/ES/2015,,22.99,28.39,
2026-08-17,,,,,PL/7624/EXP/ES/2015,,20.79,26.89,26.99
2026-08-17,,,,,PL/7623/EXP/ES/2015,,23.99,28.49,
2026-08-17,,,,,PL/7622/EXP/ES/2015,,23.99,28.94,27.00
2026-08-17,,,,,PL/7621/EXP/ES/2015,,23.99,29.15,26.99
2026-08-17,,,,,PL/7620/EXP/ES/2015,,23.99,28.69,27.00
2026-08-17,,,,,PL/762/EXP/ES/2015,,23.99,29.99,27.00
2026-08-17,,,,COMBUSTIBLES AVIACIÓN S.A. DE C.V.,PL/7619/EXP/ES/2015,Aviación No. 5077,23.99,29.99,
2026-08-17,,,,,PL/7618/EXP/ES/2015,,20.89,24.49,25.39
2026-08-17,,,,,PL/7617/EXP/ES/2015,,23.99,29.49,27.00
2026-08-17,,,,,PL/7616/EXP/ES/2015,,23.89,28.89,
2026-08-17,,,,,PL/7615/EXP/ES/2015,,24.49,29.99,27.00
2026-08-17,,,,,PL/7614/EXP/ES/2015,,23.79,28.79,
2026-08-17,,,,,PL/7613/EXP/ES/2015,,23.99,29.90,28.00
2026-08-17,,,,,PL/7612/EXP/ES/2015,,24.49,29.99,
2026-08-17,,,,,PL/7611/EXP/ES/2015,,24.00,29.15,27.00
2026-08-17,,,,,PL/7610/EXP/ES/2015,,23.99,28.39,26.99
2026-08-17,,,,,PL/761/EXP/ES/2015,,19.39,23.69,25.39
2026-08-17,,,,,PL/7609/EXP/ES/2015,,23.99,28.50,26.95
2026-08-17,,,,,PL/7608/EXP/ES/2015,,24.25,27.99,
2026-08-17,,,,,PL/7607/EXP/ES/2015,,23.98,28.50,26.99
2026-08-17,,,,,PL/7606/EXP/ES/2015,,26.25,30.50,29.33
2026-08-17,,,,,PL/7605/EXP/ES/2015,,24.50,30.50,27.00
2026-08-17,,,,,PL/7604/EXP/ES/2015,,23.99,28.40,
2026-08-17,,,,,PL/7603/EXP/ES/2015,,23.78,28.47,26.99
2026-08-17,,,,,PL/7602/EXP/ES/2015,,23.99,29.99,
2026-08-17,,,,,PL/7601/EXP/ES/2015,,22.39,25.75,24.49
2026-08-17,,,,,PL/7600/EXP/ES/2015,,23.99,28.19,27.00
2026-08-17,,,,,PL/760/EXP/ES/2015,,19.25,23.55,
2026-08-17,,,,,PL/7599/EXP/ES/2015,,23.99,29.99,
2026-08-17,,,,,PL/7598/EXP/ES/2015,,23.99,28.19,
2026-08-17,,,,,PL/7597/EXP/ES/2015,,23.99,28.19,27.00
2026-08-17,,,,,PL/7596/EXP/ES/2015,,23.99,28.19,27.00
2026-08-17,,,,,PL/7595/EXP/ES/2015,,23.99,29.49,
2026-08-17,,,,,PL/7594/EXP/ES/2015,,23.99,28.19,27.00
2026-08-17,,,,,PL/7593/EXP/ES/2015,,23.99,29.99,
2026-08-17,,,,,PL/7592/EXP/ES/2015,,23.99,29.99,27.00
2026-08-17,,,,,PL/7591/EXP/ES/2015,,21.59,26.99,25.99
2026-08-17,,,,,PL/7590/EXP/ES/2015,,23.99,28.19,
2026-08-17,,,,,PL/759/EXP/ES/2015,,23.49,28.75,
2026-08-17,,,,,PL/7589/EXP/ES/2015,,23.99,28.19,
2026-08-17,,,,,PL/7588/EXP/ES/2015,,23.98,27.98,27.00
2026-08-17,,,,,PL/7587/EXP/ES/2015,,23.99,29.99,
2026-08-17,,,,,PL/7586/EXP/ES/2015,,23.81,28.69,27.00
2026-08-17,,,,,PL/7585/EXP/ES/2015,,23.99,29.99,
2026-08-17,,,,,PL/7584/EXP/ES/2015,,22.88,26.08,26.80
2026-08-17,,,,,PL/7583/EXP/ES/2015,,23.99,29.59,26.99
2026-08-17,,,,,PL/7582/EXP/ES/2015,,23.99,28.48,
2026-08-17,,,,,PL/7581/EXP/ES/2015,,23.99,29.95,27.99
2026-08-17,,,,,PL/7580/EXP/ES/2015,,23.98,28.59,27.00
2026-08-17,,,,,PL/758/EXP/ES/2015,,23.98,28.79,26.89
2026-08-17,,,,,PL/7579/EXP/ES/2015,,24.00,29.99,27.00
2026-08-17,,,,,PL/7578/EXP/ES/2015,,23.99,29.60,27.89
2026-08-17,,,,,PL/7577/EXP/ES/2015,,23.99,,27.99
2026-08-17,,,,,PL/7576/EXP/ES/2015,,23.29,27.19,27.00
2026-08-17,,,,,PL/7575/EXP/ES/2015,,23.99,28.99,
2026-08-17,,,,,PL/7574/EXP/ES/2015,,23.99,29.99,
2026-08-17,,,,,PL/7573/EXP/ES/2015,,21.95,27.55,25.39
2026-08-17,,,,,PL/7572/EXP/ES/2015,,23.69,29.29,26.99
2026-08-17,,,,,PL/7571/EXP/ES/2015,,23.99,29.99,27.00
2026-08-17,,,,,PL/757/EXP/ES/2015,,23.93,29.18,27.00
2026-08-17,,,,,PL/7569/EXP/ES/2015,,24.67,29.99,27.00
2026-08-17,,,,,PL/7568/EXP/ES/2015,,23.99,29.99,27.99
2026-08-17,,,,,PL/7567/EXP/ES/2015,,23.99,28.50,26.99
2026-08-17,,,,,PL/7566/EXP/ES/2015,,23.99,29.99,27.00
2026-08-17,,,,,PL/7565/EXP/ES/2015,,23.99,29.19,
2026-08-17,,,,,PL/7564/EXP/ES/2015,,23.55,28.20,26.99
2026-08-17,,,,,PL/7563/EXP/ES/2015,,24.99,29.99,27.99
2026-08-17,,,,,PL/7562/EXP/ES/2015,,24.00,29.80,26.99
2026-08-17,,,,,PL/7561/EXP/ES/2015,,23.69,28.29,26.99
2026-08-17,,,,,PL/7560/EXP/ES/2015,,23.80,27.90,27.00
2026-08-17,,,,,PL/756/EXP/ES/2015,,23.99,29.99,27.00
2026-08-17,,,,,PL/7559/EXP/ES/2015,,23.99,29.99,27.00
2026-08-17,,,,,PL/7558/EXP/ES/2015,,24.99,,29.99
2026-08-17,,,,,PL/7557/EXP/ES/2015,,23.99,27.75,27.00
2026-08-17,,,,,PL/7556/EXP/ES/2015,,24.99,29.99,27.00
2026-08-17,,,,,PL/7555/EXP/ES/2015,,23.99,,27.00
2026-08-17,,,,,PL/7554/EXP/ES/2015,,23.99,29.99,27.00
2026-08-17,,,,,PL/7552/EXP/ES/2015,,23.99,27.30,27.00
2026-08-17,,,,,PL/7551/EXP/ES/2015,,23.99,28.80,27.40
2026-08-17,,,,,PL/7550/EXP/ES/2015,,23.98,27.98,
2026-08-17,,,,,PL/755/EXP/ES/2015,,23.99,29.45,26.99
2026-08-17,,,,,PL/7549/EXP/ES/2015,,23.99,29.40,26.99
2026-08-17,,,,,PL/7548/EXP/ES/2015,,23.29,27.00,26.90
2026-08-17,,,,,PL/7547/EXP/ES/2015,,23.79,28.49,26.99
2026-08-17,,,,,PL/7546/EXP/ES/2015,,23.99,29.49,27.00
2026-08-17,,,,,PL/7545/EXP/ES/2015,,18.95,24.95,25.65
2026-08-17,,,,,PL/7544/EXP/ES/2015,,23.99,28.59,27.00
2026-08-17,,,,,PL/7543/EXP/ES/2015,,23.99,28.59,27.00
2026-08-17,,,,,PL/7542/EXP/ES/2015,,23.99,27.99,
2026-08-17,,,,,PL/7541/EXP/ES/2015,,19.45,24.65,26.35
2026-08-17,,,,,PL/7540/EXP/ES/2015,,22.97,27.97,26.99
2026-08-17,,,,,PL/754/EXP/ES/2015,,22.55,27.35,27.00
2026-08-17,,,,,PL/7539/EXP/ES/2015,,23.85,28.30,27.00
2026-08-17,,,,,PL/7538/EXP/ES/2015,,23.89,29.49,
2026-08-17,,,,,PL/7537/EXP/ES/2015,,23.99,28.69,26.99
2026-08-17,,,,,PL/7536/EXP/ES/2015,,23.99,28.20,27.00
2026-08-17,,,,,PL/7535/EXP/ES/2015,,23.99,,27.30
2026-08-17,,,,,PL/7534/EXP/ES/2015,,23.99,27.99,27.00
2026-08-17,,,,,PL/7532/EXP/ES/2015,,23.59,26.89,
2026-08-17,,,,,PL/7531/EXP/ES/2015,,21.29,24.99,
2026-08-17,,,,,PL/7530/EXP/ES/2015,,23.99,27.99,
2026-08-17,,,,,PL/753/EXP/ES/2015,,23.98,28.70,27.00
2026-08-17,,,,,PL/7529/EXP/ES/2015,,23.85,29.80,27.35
2026-08-17,,,,,PL/7528/EXP/ES/2015,,22.99,28.69,26.99
2026-08-17,,,,,PL/7527/EXP/ES/2015,,24.75,,
2026-08-17,,,,,PL/7526/EXP/ES/2015,,24.75,29.99,27.49
2026-08-17,,,,,PL/7525/EXP/ES/2015,,22.99,26.99,27.00
2026-08-17,,,,,PL/7524/EXP/ES/2015,,22.98,27.79,26.99
2026-08-17,,,,,PL/7523/EXP/ES/2015,,23.99,28.81,27.00
2026-08-17,,,,,PL/7522/EXP/ES/2015,,24.00,28.25,27.30
2026-08-17,,,,,PL/7521/EXP/ES/2015,,22.99,26.99,27.00
2026-08-17,,,,,PL/7520/EXP/ES/2015,,23.99,29.99,27.00
2026-08-17,,,,,PL/752/EXP/ES/2015,,24.59,29.99,27.99
2026-08-17,,,,,PL/7519/EXP/ES/2015,,23.99,29.69,26.99
2026-08-17,,,,,PL/7518/EXP/ES/2015,,23.99,28.47,27.00
2026-08-17,,,,,PL/7517/EXP/ES/2015,,24.99,29.99,27.00
2026-08-17,,,,,PL/7516/EXP/ES/2015,,23.99,29.19,26.99
2026-08-17,,,,,PL/7515/EXP/ES/2015,,23.99,,27.00
2026-08-17,,,,,PL/7514/EXP/ES/2015,,23.91,29.36,
2026-08-17,,,,,PL/7513/EXP/ES/2015,,24.49,29.59,27.89
2026-08-17,,,,,PL/7512/EXP/ES/2015,,24.85,29.89,28.29
2026-08-17,,,,,PL/7511/EXP/ES/2015,,24.95,30.09,28.89
2026-08-17,,,,,PL/7510/EXP/ES/2015,,23.99,30.85,27.95
2026-08-17,,,,,PL/751/EXP/ES/2015,,22.89,27.99,25.39
2026-08-17,,,,,PL/7509/EXP/ES/2015,,23.99,28.49,26.99
2026-08-17,,,,,PL/7508/EXP/ES/2015,,23.99,27.97,
2026-08-17,,,,,PL/7507/EXP/ES/2015,,23.99,30.85,27.95
2026-08-17,,,,,PL/7506/EXP/ES/2015,,24.00,28.30,27.00
2026-08-17,,,,,PL/7505/EXP/ES/2015,,23.99,29.95,28.39
2026-08-17,,,,,PL/7504/EXP/ES/2015,,24.99,28.99,28.50
2026-08-17,,,,,PL/7503/EXP/ES/2015,,23.34,28.92,26.99
2026-08-17,,,,,PL/7502/EXP/ES/2015,,23.43,28.38,26.85
2026-08-17,,,,,PL/7501/EXP/ES/2015,,23.43,28.92,26.85
2026-08-17,,,,,PL/7500/EXP/ES/2015,,23.43,28.92,26.85
2026-08-17,,,,,PL/750/EXP/ES/2015,,23.99,29.69,27.00
2026-08-17,,,,,PL/7499/EXP/ES/2015,,19.99,24.79,25.39
2026-08-17,,,,,PL/7498/EXP/ES/2015,,19.99,,25.39
2026-08-17,,,,,PL/7497/EXP/ES/2015,,23.99,29.99,27.00
2026-08-17,,,,,PL/7496/EXP/ES/2015,,23.99,29.99,27.00
2026-08-17,,,,,PL/7495/EXP/ES/2015,,23.99,28.20,27.00
2026-08-17,,,,,PL/7494/EXP/ES/2015,,23.96,28.46,26.99
2026-08-17,,,,,PL/7493/EXP/ES/2015,,23.99,29.99,
2026-08-17,,,,,PL/7492/EXP/ES/2015,,23.99,27.70,27.00
2026-08-17,,,,,PL/7491/EXP/ES/2015,,24.49,29.99,
2026-08-17,,,,,PL/7490/EXP/ES/2015,,24.49,29.99,
2026-08-17,,,,,PL/749/EXP/ES/2015,,20.99,24.49,
2026-08-17,,,,,PL/7489/EXP/ES/2015,,24.99,29.99,
2026-08-17,,,,,PL/7488/EXP/ES/2015,,23.99,28.69,27.00
2026-08-17,,,,,PL/7487/EXP/ES/2015,,23.97,28.90,
2026-08-17,,,,,PL/7486/EXP/ES/2015,,23.98,28.48,26.99
2026-08-17,,,,,PL/7485/EXP/ES/2015,,23.98,28.58,26.99
2026-08-17,,,,,PL/7484/EXP/ES/2015,,23.19,27.49,26.79
2026-08-17,,,,,PL/7483/EXP/ES/2015,,22.99,27.09,26.99
2026-08-17,,,,,PL/7482/EXP/ES/2015,,23.99,25.60,
2026-08-17,,,,,PL/7481/EXP/ES/2015,,23.99,28.15,26.99
2026-08-17,,,,,PL/7480/EXP/ES/2015,,23.65,27.59,26.95
2026-08-17,,,,,PL/748/EXP/ES/2015,,19.39,,
2026-08-17,,,,,PL/7479/EXP/ES/2015,,23.99,,27.00
2026-08-17,,,,,PL/7478/EXP/ES/2015,,24.00,29.00,27.60
2026-08-17,,,,,PL/7477/EXP/ES/2015,,23.99,29.29,27.00
2026-08-17,,,,,PL/7476/EXP/ES/2015,,23.99,29.99,27.00
2026-08-17,,,,SERVICIOS GASOLINEROS DE MÉXICO S.A. DE C.V.,PL/7475/EXP/ES/2015,Avenida Alcalde Esquina Avenida Patria No. 32,23.99,29.99,27.00
2026-08-17,,,,,PL/7474/EXP/ES/2015,,23.68,28.39,26.99
2026-08-17,,,,SERVICIOS GASOLINEROS DE MÉXICO S.A. DE C.V.,PL/7473/EXP/ES/2015,Avenida Revolución No. 10,23.99,,27.00
2026-08-17,,,,,PL/7472/EXP/ES/2015,,22.99,26.99,
2026-08-17,,,,,PL/7471/EXP/ES/2015,,26.89,,30.49
2026-08-17,,,,,PL/7470/EXP/ES/2015,,25.38,29.39,28.28
2026-08-17,,,,,PL/7469/EXP/ES/2015,,25.38,,28.28
2026-08-17,,,,,PL/7468/EXP/ES/2015,,23.99,29.29,27.00
2026-08-17,,,,,PL/7467/EXP/ES/2015,,24.99,29.99,27.00
2026-08-17,,,,,PL/7466/EXP/ES/2015,,24.99,,27.00
2026-08-17,,,,,PL/7465/EXP/ES/2015,,23.99,,27.00
2026-08-17,,,,SERVICIOS GASOLINEROS DE MÉXICO S.A. DE C.V.,PL/7464/EXP/ES/2015,Km 20 Carretera Guadalajara-Chapala,23.99,29.99,27.00
2026-08-17,,,,,PL/7463/EXP/ES/2015,,23.99,28.55,
2026-08-17,,,,,PL/7462/EXP/ES/2015,,24.99,29.99,27.00
2026-08-17,,,,,PL/7461/EXP/ES/2015,,25.38,29.39,28.28
2026-08-17,,,,,PL/7460/EXP/ES/2015,,24.49,,
2026-08-17,,,,,PL/746/EXP/ES/2015,,23.99,29.70,25.39
2026-08-17,,,,,PL/7459/EXP/ES/2015,,23.45,27.69,26.99
2026-08-17,,,,,PL/7458/EXP/ES/2015,,23.89,28.49,27.00
2026-08-17,,,,,PL/7457/EXP/ES/2015,,23.99,29.95,27.00
2026-08-17,,,,,PL/7456/EXP/ES/2015,,24.00,28.99,27.00
2026-08-17,,,,,PL/7455/EXP/ES/2015,,23.99,25.60,
2026-08-17,,,,,PL/7454/EXP/ES/2015,,23.99,29.95,27.00
2026-08-17,,,,,PL/7453/EXP/ES/2015,,23.99,29.99,27.99
2026-08-17,,,,,PL/7452/EXP/ES/2015,,23.99,29.49,
2026-08-17,,,,,PL/7451/EXP/ES/2015,,23.92,28.65,27.33
2026-08-17,,,,,PL/7450/EXP/ES/2015,,23.99,28.77,27.00
2026-08-17,,,,,PL/745/EXP/ES/2015,,21.49,25.49,
2026-08-17,,,,,PL/7449/EXP/ES/2015,,23.99,28.69,27.00
2026-08-17,,,,,PL/7448/EXP/ES/2015,,23.69,27.95,26.99
2026-08-17,,,,,PL/7447/EXP/ES/2015,,23.50,29.40,26.90
2026-08-17,,,,,PL/7446/EXP/ES/2015,,23.49,28.49,26.99
2026-08-17,,,,,PL/7445/EXP/ES/2015,,23.99,29.99,
2026-08-17,,,,,PL/7444/EXP/ES/2015,,23.57,27.98,27.00
2026-08-17,,,,,PL/7443/EXP/ES/2015,,23.99,28.39,27.00
2026-08-17,,,,,PL/7442/EXP/ES/2015,,24.00,,27.00
2026-08-17,,,,,PL/7441/EXP/ES/2015,,23.79,27.99,26.94
2026-08-17,,,,,PL/7440/EXP/ES/2015,,23.99,28.99,
2026-08-17,,,,,PL/744/EXP/ES/2015,,23.99,29.10,27.30
2026-08-17,,,,,PL/7439/EXP/ES/2015,,23.99,27.69,
2026-08-17,,,,,PL/7438/EXP/ES/2015,,22.99,26.99,27.00
2026-08-17,,,,,PL/7437/EXP/ES/2015,,23.99,27.69,
2026-08-17,,,,,PL/7436/EXP/ES/2015,,19.39,25.99,26.69
2026-08-17,,,,,PL/7435/EXP/ES/2015,,24.99,29.99,27.99
2026-08-17,,,,,PL/7434/EXP/ES/2015,,23.98,28.98,27.00
2026-08-17,,,,,PL/7433/EXP/ES/2015,,24.99,29.99,27.00
2026-08-17,,,,,PL/7432/EXP/ES/2015,,23.99,29.99,
2026-08-17,,,,,PL/7431/EXP/ES/2015,,23.69,27.36,26.94
2026-08-17,,,,,PL/7430/EXP/ES/2015,,23.99,29.99,27.00
2026-08-17,,,,,PL/743/EXP/ES/2015,,23.99,29.78,25.39
2026-08-17,,,,,PL/7429/EXP/ES/2015,,23.99,28.99,26.99
2026-08-17,,,,,PL/7428/EXP/ES/2015,,23.99,28.55,27.00
2026-08-17,,,,,PL/7427/EXP/ES/2015,,23.98,28.29,27.00
2026-08-17,,,,,PL/7426/EXP/ES/2015,,23.80,28.50,26.99
2026-08-17,,,,,PL/7425/EXP/ES/2015,,22.99,26.99,
2026-08-17,,,,,PL/7424/EXP/ES/2015,,22.99,26.99,
2026-08-17,,,,,PL/7423/EXP/ES/2015,,23.99,,27.00
2026-08-17,,,,,PL/7422/EXP/ES/2015,,23.99,28.85,28.28
2026-08-17,,,,,PL/7421/EXP/ES/2015,,23.99,29.99,
2026-08-17,,,,,PL/7420/EXP/ES/2015,,23.98,28.29,27.00
2026-08-17,,,,,PL/742/EXP/ES/2015,,23.99,28.99,27.00
2026-08-17,,,,,PL/7419/EXP/ES/2015,,23.99,29.99,27.00
2026-08-17,,,,,PL/7418/EXP/ES/2015,,23.99,29.99,27.99
2026-08-17,,,,,PL/7417/EXP/ES/2015,,23.99,29.99,27.00
2026-08-17,,,,,PL/7416/EXP/ES/2015,,22.99,26.99,
2026-08-17,,,,,PL/7415/EXP/ES/2015,,23.99,29.99,27.00
2026-08-17,,,,,PL/7414/EXP/ES/2015,,23.77,27.87,
2026-08-17,,,,,PL/7413/EXP/ES/2015,,23.99,28.48,27.00
2026-08-17,,,,,PL/7412/EXP/ES/2015,,24.99,29.99,27.00
2026-08-17,,,,,PL/7411/EXP/ES/2015,,23.99,29.99,
2026-08-17,,,,,PL/7410/EXP/ES/2015,,23.99,29.99,27.99
2026-08-17,,,,,PL/741/EXP/ES/2015,,24.49,29.99,26.99
2026-08-17,,,,,PL/7409/EXP/ES/2015,,23.80,28.50,26.99
2026-08-17,,,,,PL/7408/EXP/ES/2015,,22.99,27.99,26.99
2026-08-17,,,,,PL/7406/EXP/ES/2015,,23.99,29.99,27.00
2026-08-17,,,,,PL/7405/EXP/ES/2015,,23.99,29.69,26.99
2026-08-17,,,,,PL/7404/EXP/ES/2015,,23.39,27.99,
2026-08-17,,,,,PL/7403/EXP/ES/2015,,23.59,27.35,
2026-08-17,,,,,PL/7402/EXP/ES/2015,,23.99,29.99,
2026-08-17,,,,,PL/7401/EXP/ES/2015,,23.99,28.60,27.00
2026-08-17,,,,,PL/7400/EXP/ES/2015,,23.95,28.85,27.00
2026-08-17,,,,,PL/740/EXP/ES/2015,,24.59,29.99,26.99
2026-08-17,,,,,PL/7399/EXP/ES/2015,,23.95,28.55,26.99
2026-08-17,,,,,PL/7398/EXP/ES/2015,,23.99,28.25,27.50
2026-08-17,,,,,PL/7397/EXP/ES/2015,,23.99,28.40,
2026-08-17,,,,,PL/7396/EXP/ES/2015,,23.99,29.49,27.00
2026-08-17,,,,,PL/7395/EXP/ES/2015,,22.98,27.35,
2026-08-17,,,,,PL/7394/EXP/ES/2015,,23.99,29.29,26.99
2026-08-17,,,,,PL/7393/EXP/ES/2015,,24.00,29.45,27.70
2026-08-17,,,,,PL/7391/EXP/ES/2015,,24.00,29.39,27.00
2026-08-17,,,,,PL/7390/EXP/ES/2015,,22.99,26.99,27.00
2026-08-17,,,,,PL/739/EXP/ES/2015,,23.99,28.56,27.00
2026-08-17,,,,,PL/7389/EXP/ES/2015,,24.00,28.89,27.00
2026-08-17,,,,,PL/7388/EXP/ES/2015,,24.99,,28.99
2026-08-17,,,,,PL/7387/EXP/ES/2015,,23.94,28.85,26.95
2026-08-17,,,,,PL/7386/EXP/ES/2015,,20.99,26.90,
2026-08-17,,,,,PL/7385/EXP/ES/2015,,20.99,26.90,
2026-08-17,,,,,PL/7384/EXP/ES/2015,,23.99,27.90,26.95
2026-08-17,,,,,PL/7383/EXP/ES/2015,,20.99,26.90,
2026-08-17,,,,,PL/7382/EXP/ES/2015,,24.00,29.30,27.00
2026-08-17,,,,,PL/7381/EXP/ES/2015,,20.99,26.90,
2026-08-17,,,,,PL/7380/EXP/ES/2015,,20.99,26.90,
2026-08-17,,,,,PL/738/EXP/ES/2015,,23.99,28.99,27.00
2026-08-17,,,,,PL/7379/EXP/ES/2015,,21.79,26.55,
2026-08-17,,,,,PL/7378/EXP/ES/2015,,24.99,29.99,28.99
2026-08-17,,,,,PL/7377/EXP/ES/2015,,23.89,26.50,27.00
2026-08-17,,,,,PL/7376/EXP/ES/2015,,23.55,28.10,26.94
2026-08-17,,,,,PL/7375/EXP/ES/2015,,21.29,,25.39
2026-08-17,,,,,PL/7374/EXP/ES/2015,,23.80,,27.00
2026-08-17,,,,,PL/7373/EXP/ES/2015,,23.89,26.50,
2026-08-17,,,,,PL/7372/EXP/ES/2015,,21.69,25.95,
2026-08-17,,,,,PL/7371/EXP/ES/2015,,23.80,27.90,
2026-08-17,,,,,PL/7370/EXP/ES/2015,,22.49,27.49,
2026-08-17,,,,,PL/737/EXP/ES/2015,,20.99,24.49,26.99
2026-08-17,,,,,PL/7369/EXP/ES/2015,,24.00,29.49,27.00
2026-08-17,,,,,PL/7368/EXP/ES/2015,,23.99,28.95,27.35
2026-08-17,,,,,PL/7367/EXP/ES/2015,,23.55,28.10,
2026-08-17,,,,,PL/7366/EXP/ES/2015,,23.35,26.79,
2026-08-17,,,,,PL/7365/EXP/ES/2015,,23.99,28.76,27.00
2026-08-17,,,,,PL/7364/EXP/ES/2015,,23.98,29.18,
2026-08-17,,,,,PL/7363/EXP/ES/2015,,23.99,29.79,
2026-08-17,,,,,PL/7362/EXP/ES/2015,,23.49,27.78,26.94
2026-08-17,,,,,PL/7361/EXP/ES/2015,,23.99,29.28,
2026-08-17,,,,,PL/7360/EXP/ES/2015,,23.95,28.95,27.00
2026-08-17,,,,,PL/736/EXP/ES/2015,,23.99,28.49,27.00
2026-08-17,,,,,PL/7359/EXP/ES/2015,,23.99,,27.00
2026-08-17,,,,,PL/735/EXP/ES/2015,,24.00,28.60,27.00
2026-08-17,,,,,PL/734/EXP/ES/2015,,23.99,29.82,27.00
2026-08-17,,,,,PL/733/EXP/ES/2015,,23.99,29.69,27.00
2026-08-17,,,,,PL/732/EXP/ES/2015,,22.99,28.99,
2026-08-17,,,,,PL/731/EXP/ES/2015,,23.99,29.69,
2026-08-17,,,,,PL/7306/EXP/ES/2015,,22.79,27.49,26.57
2026-08-17,,,,,PL/7305/EXP/ES/2015,,23.49,28.29,27.00
2026-08-17,,,,,PL/7304/EXP/ES/2015,,23.80,27.90,
2026-08-17,,,,,PL/7302/EXP/ES/2015,,23.29,,26.55
2026-08-17,,,,,PL/7301/EXP/ES/2015,,19.19,,
2026-08-17,,,,,PL/7300/EXP/ES/2015,,24.00,,27.00
2026-08-17,,,,,PL/730/EXP/ES/2015,,23.99,28.86,27.00
2026-08-17,,,,,PL/7298/EXP/ES/2015,,23.89,27.49,27.00
2026-08-17,,,,,PL/7297/EXP/ES/2015,,19.49,26.19,
2026-08-17,,,,,PL/7296/EXP/ES/2015,,23.50,29.40,26.90
2026-08-17,,,,,PL/7295/EXP/ES/2015,,24.00,,27.00
2026-08-17,,,,,PL/7294/EXP/ES/2015,,19.49,26.19,25.99
2026-08-17,,,,,PL/7293/EXP/ES/2015,,23.50,27.50,27.00
2026-08-17,,,,,PL/7292/EXP/ES/2015,,23.99,,26.99
2026-08-17,,,,,PL/7291/EXP/ES/2015,,23.39,27.50,26.79
2026-08-17,,,,,PL/7290/EXP/ES/2015,,23.99,28.59,27.00
2026-08-17,,,,,PL/729/EXP/ES/2015,,23.99,29.59,26.99
2026-08-17,,,,,PL/7289/EXP/ES/2015,,22.39,26.99,
2026-08-17,,,,,PL/7288/EXP/ES/2015,,22.19,27.19,25.39
2026-08-17,,,,,PL/7287/EXP/ES/2015,,21.99,26.99,26.99
2026-08-17,,,,,PL/7286/EXP/ES/2015,,23.99,,26.99
2026-08-17,,,,,PL/7285/EXP/ES/2015,,23.49,28.89,26.99
2026-08-17,,,,,PL/7284/EXP/ES/2015,,23.99,27.69,26.99
2026-08-17,,,,,PL/7283/EXP/ES/2015,,23.99,27.69,26.99
2026-08-17,,,,,PL/7282/EXP/ES/2015,,23.99,27.69,
2026-08-17,,,,,PL/7281/EXP/ES/2015,,24.99,29.69,27.69
2026-08-17,,,,,PL/7280/EXP/ES/2015,,20.58,24.99,25.39
2026-08-17,,,,,PL/728/EXP/ES/2015,,23.99,28.20,
2026-08-17,,,,,PL/7279/EXP/ES/2015,,23.99,29.19,26.99
2026-08-17,,,,,PL/7278/EXP/ES/2015,,23.99,,26.99
2026-08-17,,,,,PL/7277/EXP/ES/2015,,23.99,,27.00
2026-08-17,,,,,PL/7276/EXP/ES/2015,,23.99,29.19,26.99
2026-08-17,,,,,PL/7275/EXP/ES/2015,,23.99,29.19,26.99
2026-08-17,,,,,PL/7274/EXP/ES/2015,,24.19,28.49,27.00
2026-08-17,,,,,PL/7273/EXP/ES/2015,,24.89,28.58,27.70
2026-08-17,,,,,PL/7272/EXP/ES/2015,,23.49,28.29,26.99
2026-08-17,,,,,PL/7271/EXP/ES/2015,,23.99,29.25,27.00
2026-08-17,,,,,PL/7270/EXP/ES/2015,,24.00,29.09,26.99
2026-08-17,,,,,PL/727/EXP/ES/2015,,23.98,28.30,
2026-08-17,,,,,PL/7269/EXP/ES/2015,,22.99,27.99,25.39
2026-08-17,,,,,PL/7268/EXP/ES/2015,,22.99,27.99,
2026-08-17,,,,,PL/7267/EXP/ES/2015,,22.49,27.99,26.99
2026-08-17,,,,,PL/7266/EXP/ES/2015,,24.00,28.99,26.99
2026-08-17,,,,,PL/7265/EXP/ES/2015,,22.99,27.99,
2026-08-17,,,,,PL/7264/EXP/ES/2015,,24.00,29.30,27.00
2026-08-17,,,,,PL/7263/EXP/ES/2015,,23.99,29.49,27.29
2026-08-17,,,,,PL/7262/EXP/ES/2015,,20.59,23.10,
2026-08-17,,,,,PL/7261/EXP/ES/2015,,22.79,27.49,26.57
2026-08-17,,,,,PL/7260/EXP/ES/2015,,24.00,,26.99
2026-08-17,,,,,PL/726/EXP/ES/2015,,22.99,28.29,25.99
2026-08-17,,,,,PL/7259/EXP/ES/2015,,23.99,29.39,
2026-08-17,,,,,PL/7258/EXP/ES/2015,,23.83,28.90,26.99
2026-08-17,,,,,PL/7257/EXP/ES/2015,,23.98,28.29,27.00
2026-08-17,,,,,PL/7256/EXP/ES/2015,,24.00,,27.00
2026-08-17,,,,,PL/7255/EXP/ES/2015,,22.33,27.19,25.39
2026-08-17,,,,,PL/7254/EXP/ES/2015,,23.79,27.90,26.99
2026-08-17,,,,,PL/7253/EXP/ES/2015,,22.19,27.09,25.39
2026-08-17,,,,,PL/7252/EXP/ES/2015,,22.49,27.69,
2026-08-17,,,,,PL/7251/EXP/ES/2015,,23.99,,27.00
2026-08-17,,,,,PL/7250/EXP/ES/2015,,20.49,,26.93
2026-08-17,,,,,PL/725/EXP/ES/2015,,23.99,28.73,27.00
2026-08-17,,,,,PL/7249/EXP/ES/2015,,22.49,27.69,27.00
2026-08-17,,,,,PL/7248/EXP/ES/2015,,23.67,24.99,25.80
2026-08-17,,,,,PL/7247/EXP/ES/2015,,22.34,27.04,25.39
2026-08-17,,,,,PL/7246/EXP/ES/2015,,23.98,28.29,27.00
2026-08-17,,,,,PL/7245/EXP/ES/2015,,23.70,27.50,27.00
2026-08-17,,,,,PL/7244/EXP/ES/2015,,23.79,,27.00
2026-08-17,,,,,PL/7243/EXP/ES/2015,,22.99,26.99,
2026-08-17,,,,,PL/7242/EXP/ES/2015,,25.50,29.50,30.90
2026-08-17,,,,,PL/7241/EXP/ES/2015,,23.70,27.50,
2026-08-17,,,,,PL/7240/EXP/ES/2015,,23.99,28.99,27.00
2026-08-17,,,,,PL/724/EXP/ES/2015,,23.99,29.49,26.99
2026-08-17,,,,,PL/7239/EXP/ES/2015,,23.99,,
2026-08-17,,,,,PL/7238/EXP/ES/2015,,24.00,29.00,27.60
2026-08-17,,,,,PL/7237/EXP/ES/2015,,24.00,29.00,27.60
2026-08-17,,,,,PL/7236/EXP/ES/2015,,23.99,28.99,27.00
2026-08-17,,,,,PL/7235/EXP/ES/2015,,24.39,29.49,27.49
2026-08-17,,,,,PL/7234/EXP/ES/2015,,23.49,28.99,27.00
2026-08-17,,,,,PL/7233/EXP/ES/2015,,23.98,27.98,26.98
2026-08-17,,,,,PL/7232/EXP/ES/2015,,22.98,28.24,27.00
2026-08-17,,,,,PL/7231/EXP/ES/2015,,23.85,,26.95
2026-08-17,,,,,PL/7230/EXP/ES/2015,,23.99,,27.43
2026-08-17,,,,,PL/723/EXP/ES/2015,,23.99,28.86,27.00
2026-08-17,,,,,PL/7229/EXP/ES/2015,,23.99,27.99,27.00
2026-08-17,,,,,PL/7228/EXP/ES/2015,,23.99,29.09,
2026-08-17,,,,,PL/7227/EXP/ES/2015,,18.89,25.79,26.89
2026-08-17,,,,,PL/7226/EXP/ES/2015,,23.99,28.90,27.00
2026-08-17,,,,,PL/7225/EXP/ES/2015,,23.99,28.40,27.00
2026-08-17,,,,,PL/7224/EXP/ES/2015,,23.99,,27.82
2026-08-17,,,,,PL/7223/EXP/ES/2015,,23.99,29.59,27.00
2026-08-17,,,,,PL/7222/EXP/ES/2015,,23.99,29.49,26.99
2026-08-17,,,,,PL/7221/EXP/ES/2015,,23.19,28.49,26.99
2026-08-17,,,,,PL/7220/EXP/ES/2015,,23.99,,27.00
2026-08-17,,,,,PL/722/EXP/ES/2015,,21.99,28.99,26.99
2026-08-17,,,,,PL/7219/EXP/ES/2015,,23.98,28.98,
2026-08-17,,,,,PL/7218/EXP/ES/2015,,24.00,29.18,27.00
2026-08-17,,,,,PL/7217/EXP/ES/2015,,23.99,,27.00
2026-08-17,,,,,PL/7216/EXP/ES/2015,,23.29,27.39,26.79
2026-08-17,,,,,PL/7215/EXP/ES/2015,,24.00,29.18,27.00
2026-08-17,,,,,PL/7214/EXP/ES/2015,,23.79,27.90,
2026-08-17,,,,,PL/7213/EXP/ES/2015,,23.99,28.59,27.00
2026-08-17,,,,,PL/7212/EXP/ES/2015,,24.00,,27.00
2026-08-17,,,,GASOLINEROS MEXICANOS S.A. DE C.V.,PL/7211/EXP/ES/2015,Avenida Federalismo Norte No. 3906,23.99,28.80,
2026-08-17,,,,,PL/7210/EXP/ES/2015,,23.85,28.35,27.00
2026-08-17,,,,,PL/721/EXP/ES/2015,,22.79,27.59,27.00
2026-08-17,,,,,PL/7209/EXP/ES/2015,,23.99,29.49,27.00
2026-08-17,,,,,PL/7208/EXP/ES/2015,,23.99,28.49,27.00
2026-08-17,,,,,PL/7207/EXP/ES/2015,,23.99,,27.00
2026-08-17,,,,,PL/7206/EXP/ES/2015,,23.85,28.35,27.00
2026-08-17,,,,,PL/7205/EXP/ES/2015,,23.98,29.39,
2026-08-17,,,,,PL/7204/EXP/ES/2015,,23.99,28.15,27.00
2026-08-17,,,,,PL/7203/EXP/ES/2015,,23.70,27.80,27.00
2026-08-17,,,,,PL/7202/EXP/ES/2015,,23.99,29.31,26.99
2026-08-17,,,,,PL/7200/EXP/ES/2015,,23.99,28.59,27.00
2026-08-17,,,,,PL/720/EXP/ES/2015,,23.99,28.50,27.00
2026-08-17,,,,,PL/7199/EXP/ES/2015,,23.95,28.95,27.27
2026-08-17,,,,,PL/7198/EXP/ES/2015,,23.99,27.99,27.00
2026-08-17,,,,,PL/7197/EXP/ES/2015,,23.39,27.93,27.00
2026-08-17,,,,,PL/7196/EXP/ES/2015,,23.99,29.19,26.99
2026-08-17,,,,,PL/7195/EXP/ES/2015,,23.98,29.29,27.00
2026-08-17,,,,,PL/7194/EXP/ES/2015,,23.99,28.59,27.00
2026-08-17,,,,,PL/7193/EXP/ES/2015,,23.95,28.25,26.99
2026-08-17,,,,,PL/7192/EXP/ES/2015,,23.90,28.59,27.00
2026-08-17,,,,,PL/7190/EXP/ES/2015,,23.90,28.70,27.00
2026-08-17,,,,,PL/719/EXP/ES/2015,,23.79,28.49,27.00
2026-08-17,,,,,PL/7189/EXP/ES/2015,,23.99,29.19,26.99
2026-08-17,,,,,PL/7188/EXP/ES/2015,,24.00,28.88,27.00
2026-08-17,,,,,PL/7187/EXP/ES/2015,,23.99,,27.00
2026-08-17,,,,,PL/7186/EXP/ES/2015,,23.99,,27.00
2026-08-17,,,,,PL/7185/EXP/ES/2015,,23.70,27.68,27.00
2026-08-17,,,,,PL/7184/EXP/ES/2015,,23.99,28.99,27.00
2026-08-17,,,,,PL/7183/EXP/ES/2015,,23.99,29.19,26.99
2026-08-17,,,,,PL/7182/EXP/ES/2015,,24.00,28.88,27.00
2026-08-17,,,,,PL/7181/EXP/ES/2015,,23.59,26.99,27.00
2026-08-17,,,,,PL/7180/EXP/ES/2015,,23.99,28.59,27.00
2026-08-17,,,,,PL/718/EXP/ES/2015,,22.99,28.99,26.99
2026-08-17,,,,,PL/7179/EXP/ES/2015,,24.00,28.88,27.00
2026-08-17,,,,,PL/7178/EXP/ES/2015,,23.99,29.19,
2026-08-17,,,,,PL/7177/EXP/ES/2015,,24.30,,29.00
2026-08-17,,,,,PL/7176/EXP/ES/2015,,23.99,28.50,27.00
2026-08-17,,,,,PL/7175/EXP/ES/2015,,22.85,27.29,26.79
2026-08-17,,,,,PL/7174/EXP/ES/2015,,23.99,28.20,27.00
2026-08-17,,,,,PL/7173/EXP/ES/2015,,23.99,28.99,27.00
2026-08-17,,,,,PL/7172/EXP/ES/2015,,23.11,26.77,26.97
2026-08-17,,,,,PL/7171/EXP/ES/2015,,23.99,29.99,
2026-08-17,,,,,PL/7170/EXP/ES/2015,,23.98,29.57,27.00
2026-08-17,,,,,PL/717/EXP/ES/2015,,21.99,28.99,26.99
2026-08-17,,,,,PL/7169/EXP/ES/2015,,23.99,29.19,26.99
2026-08-17,,,,,PL/7168/EXP/ES/2015,,23.99,28.35,26.99
2026-08-17,,,,,PL/7167/EXP/ES/2015,,23.98,29.26,27.00
2026-08-17,,,,,PL/7166/EXP/ES/2015,,23.91,28.20,26.97
2026-08-17,,,,,PL/7165/EXP/ES/2015,,23.19,29.00,27.00
2026-08-17,,,,,PL/7164/EXP/ES/2015,,24.49,29.68,27.00
2026-08-17,,,,,PL/7163/EXP/ES/2015,,23.99,27.92,27.00
2026-08-17,,,,,PL/7162/EXP/ES/2015,,23.99,29.99,27.00
2026-08-17,,,,,PL/7161/EXP/ES/2015,,23.99,27.60,27.00
2026-08-17,,,,,PL/7160/EXP/ES/2015,,24.99,29.99,27.00
2026-08-17,,,,,PL/716/EXP/ES/2015,,21.99,27.39,
2026-08-17,,,,,PL/7159/EXP/ES/2015,,23.99,29.29,27.00
2026-08-17,,,,,PL/7157/EXP/ES/2015,,23.99,29.99,
2026-08-17,,,,,PL/7155/EXP/ES/2015,,23.97,29.49,27.00
2026-08-17,,,,,PL/7154/EXP/ES/2015,,24.49,29.99,27.00
2026-08-17,,,,,PL/7153/EXP/ES/2015,,23.99,29.99,27.00
2026-08-17,,,,,PL/7152/EXP/ES/2015,,24.00,28.80,27.00
2026-08-17,,,,,PL/7151/EXP/ES/2015,,23.75,28.89,27.30
2026-08-17,,,,,PL/7150/EXP/ES/2015,,23.99,28.30,27.00
2026-08-17,,,,,PL/715/EXP/ES/2015,,22.99,28.99,26.99
2026-08-17,,,,,PL/7149/EXP/ES/2015,,22.85,27.70,26.80
2026-08-17,,,,SERVICIOS HERMANOS VACO S.A. DE C.V.,PL/7148/EXP/ES/2015,Camino Real de Colima No. 782,23.99,29.19,
2026-08-17,,,,,PL/7147/EXP/ES/2015,,23.95,28.95,
2026-08-17,,,,,PL/7146/EXP/ES/2015,,23.99,29.29,27.00
2026-08-17,,,,,PL/7145/EXP/ES/2015,,23.99,29.19,
2026-08-17,,,,,PL/7144/EXP/ES/2015,,24.00,28.94,27.00
2026-08-17,,,,,PL/7143/EXP/ES/2015,,24.00,27.95,27.00
2026-08-17,,,,,PL/7142/EXP/ES/2015,,24.00,27.95,27.00
2026-08-17,,,,,PL/7141/EXP/ES/2015,,23.99,29.19,26.59
2026-08-17,,,,,PL/7140/EXP/ES/2015,,21.18,,25.39
2026-08-17,,,,,PL/714/EXP/ES/2015,,23.99,28.18,27.00
2026-08-17,,,,,PL/7139/EXP/ES/2015,,24.00,28.94,27.00
2026-08-17,,,,,PL/7138/EXP/ES/2015,,21.18,22.35,25.39
2026-08-17,,,,,PL/7137/EXP/ES/2015,,23.99,28.80,27.00
2026-08-17,,,,,PL/7136/EXP/ES/2015,,21.18,,25.39
2026-08-17,,,,,PL/7135/EXP/ES/2015,,24.99,29.18,28.28
2026-08-17,,,,,PL/7134/EXP/ES/2015,,21.18,,
2026-08-17,,,,,PL/7133/EXP/ES/2015,,23.99,28.99,28.26
2026-08-17,,,,,PL/7132/EXP/ES/2015,,23.99,28.69,
2026-08-17,,,,,PL/7130/EXP/ES/2015,,23.90,27.95,27.00
2026-08-17,,,,,PL/713/EXP/ES/2015,,23.99,28.79,27.00
2026-08-17,,,,,PL/7129/EXP/ES/2015,,23.99,28.30,27.00
2026-08-17,,,,,PL/7128/EXP/ES/2015,,23.99,29.49,26.99
2026-08-17,,,,,PL/7127/EXP/ES/2015,,23.99,26.32,
2026-08-17,,,,,PL/7126/EXP/ES/2015,,22.89,28.79,
2026-08-17,,,,,PL/7125/EXP/ES/2015,,23.30,27.90,26.99
2026-08-17,,,,,PL/7124/EXP/ES/2015,,22.89,28.79,
2026-08-17,,,,,PL/7123/EXP/ES/2015,,24.39,27.99,27.00
2026-08-17,,,,,PL/7121/EXP/ES/2015,,24.99,,27.99
2026-08-17,,,,,PL/7120/EXP/ES/2015,,23.99,28.39,27.00
2026-08-17,,,,,PL/712/EXP/ES/2015,,21.99,28.59,26.99
2026-08-17,,,,,PL/7119/EXP/ES/2015,,23.20,27.60,27.50
2026-08-17,,,,,PL/7118/EXP/ES/2015,,23.36,,23.94
2026-08-17,,,,,PL/7117/EXP/ES/2015,,23.99,28.99,
2026-08-17,,,,,PL/7116/EXP/ES/2015,,23.99,28.99,27.00
2026-08-17,,,,,PL/7115/EXP/ES/2015,,24.10,,27.10
2026-08-17,,,,,PL/7114/EXP/ES/2015,,23.99,27.39,26.99
2026-08-17,,,,,PL/7113/EXP/ES/2015,,24.00,29.32,27.00
2026-08-17,,,,,PL/7112/EXP/ES/2015,,24.00,29.32,27.00
2026-08-17,,,,,PL/7111/EXP/ES/2015,,24.00,29.09,27.10
2026-08-17,,,,,PL/7110/EXP/ES/2015,,20.28,21.44,21.26
2026-08-17,,,,,PL/711/EXP/ES/2015,,22.99,29.49,26.99
2026-08-17,,,,,PL/7109/EXP/ES/2015,,23.99,28.70,27.00
2026-08-17,,,,,PL/7108/EXP/ES/2015,,24.00,29.32,27.00
2026-08-17,,,,,PL/7107/EXP/ES/2015,,21.00,25.00,25.39
2026-08-17,,,,,PL/7106/EXP/ES/2015,,23.95,28.55,26.95
2026-08-17,,,,,PL/7105/EXP/ES/2015,,23.89,28.69,
2026-08-17,,,,,PL/7104/EXP/ES/2015,,23.99,29.99,
2026-08-17,,,,,PL/7103/EXP/ES/2015,,23.49,27.50,27.00
2026-08-17,,,,,PL/7102/EXP/ES/2015,,24.00,29.50,27.00
2026-08-17,,,,,PL/7100/EXP/ES/2015,,23.99,29.49,26.99
2026-08-17,,,,,PL/710/EXP/ES/2015,,23.99,28.70,26.99
2026-08-17,,,,,PL/7099/EXP/ES/2015,,23.09,27.49,26.89
2026-08-17,,,,,PL/7098/EXP/ES/2015,,23.89,28.99,
2026-08-17,,,,,PL/7097/EXP/ES/2015,,23.99,28.99,26.99
2026-08-17,,,,,PL/7096/EXP/ES/2015,,23.99,28.99,27.00
2026-08-17,,,,,PL/7095/EXP/ES/2015,,23.89,28.49,26.99
2026-08-17,,,,,PL/7094/EXP/ES/2015,,23.89,27.50,26.99
2026-08-17,,,,,PL/7093/EXP/ES/2015,,23.89,27.50,26.99
2026-08-17,,,,,PL/7092/EXP/ES/2015,,23.99,28.38,27.15
2026-08-17,,,,,PL/7091/EXP/ES/2015,,24.00,29.09,27.00
2026-08-17,,,,,PL/7090/EXP/ES/2015,,23.99,29.89,27.00
2026-08-17,,,,,PL/709/EXP/ES/2015,,23.89,28.99,
2026-08-17,,,,,PL/7089/EXP/ES/2015,,23.99,28.50,28.00
2026-08-17,,,,,PL/7088/EXP/ES/2015,,24.14,,27.50
2026-08-17,,,,,PL/7087/EXP/ES/2015,,23.99,28.29,27.20
2026-08-17,,,,,PL/7086/EXP/ES/2015,,23.99,,26.99
2026-08-17,,,,,PL/7085/EXP/ES/2015,,23.99,,27.00
2026-08-17,,,,,PL/7084/EXP/ES/2015,,23.95,28.38,27.00
2026-08-17,,,,,PL/7083/EXP/ES/2015,,23.90,28.10,27.00
2026-08-17,,,,,PL/7082/EXP/ES/2015,,23.85,28.18,27.00
2026-08-17,,,,,PL/7081/EXP/ES/2015,,23.99,28.99,26.99
2026-08-17,,,,,PL/7080/EXP/ES/2015,,20.19,25.77,25.35
2026-08-17,,,,,PL/708/EXP/ES/2015,,23.49,28.99,26.99
2026-08-17,,,,,PL/7079/EXP/ES/2015,,23.98,28.24,27.00
2026-08-17,,,,,PL/7078/EXP/ES/2015,,22.99,26.99,
2026-08-17,,,,,PL/7077/EXP/ES/2015,,22.84,27.59,26.99
2026-08-17,,,,,PL/7076/EXP/ES/2015,,26.99,31.99,30.09
2026-08-17,,,,,PL/7075/EXP/ES/2015,,23.69,27.68,
2026-08-17,,,,,PL/7074/EXP/ES/2015,,24.69,,28.15
2026-08-17,,,,,PL/7073/EXP/ES/2015,,22.99,26.99,
2026-08-17,,,,,PL/7072/EXP/ES/2015,,22.99,26.99,27.00
2026-08-17,,,,,PL/7071/EXP/ES/2015,,24.49,26.69,27.99
2026-08-17,,,,,PL/7070/EXP/ES/2015,,23.90,27.60,27.00
2026-08-17,,,,,PL/707/EXP/ES/2015,,23.99,28.99,26.99
2026-08-17,,,,,PL/7068/EXP/ES/2015,,23.99,28.35,27.00
2026-08-17,,,,,PL/7067/EXP/ES/2015,,23.99,27.99,
2026-08-17,,,,,PL/7066/EXP/ES/2015,,23.99,,27.99
2026-08-17,,,,,PL/7065/EXP/ES/2015,,23.78,27.94,27.00
2026-08-17,,,,,PL/7064/EXP/ES/2015,,19.50,,27.50
2026-08-17,,,,,PL/7063/EXP/ES/2015,,23.79,29.19,27.29
2026-08-17,,,,,PL/7062/EXP/ES/2015,,23.99,29.99,27.00
2026-08-17,,,,,PL/7061/EXP/ES/2015,,22.99,,26.99
2026-08-17,,,,,PL/7060/EXP/ES/2015,,21.98,25.89,
2026-08-17,,,,,PL/706/EXP/ES/2015,,22.99,28.99,
2026-08-17,,,,,PL/7059/EXP/ES/2015,,24.45,,26.99
2026-08-17,,,,,PL/7058/EXP/ES/2015,,23.94,28.19,27.99
2026-08-17,,,,,PL/7057/EXP/ES/2015,,23.99,29.69,26.99
2026-08-17,,,,,PL/7056/EXP/ES/2015,,23.94,27.73,27.00
2026-08-17,,,,,PL/7055/EXP/ES/2015,,23.99,29.45,27.00
2026-08-17,,,,,PL/7054/EXP/ES/2015,,23.94,27.73,27.00
2026-08-17,,,,,PL/7053/EXP/ES/2015,,24.00,29.99,27.00
2026-08-17,,,,,PL/7052/EXP/ES/2015,,23.99,27.99,27.00
2026-08-17,,,,,PL/7050/EXP/ES/2015,,23.99,28.55,27.00
2026-08-17,,,,,PL/705/EXP/ES/2015,,22.99,28.99,26.99
2026-08-17,,,,,PL/7049/EXP/ES/2015,,23.69,28.00,27.00
2026-08-17,,,,,PL/7048/EXP/ES/2015,,23.95,29.69,
2026-08-17,,,,,PL/7047/EXP/ES/2015,,23.69,28.00,
2026-08-17,,,,,PL/7046/EXP/ES/2015,,22.49,26.75,
2026-08-17,,,,,PL/7045/EXP/ES/2015,,21.60,26.99,26.99
2026-08-17,,,,,PL/7044/EXP/ES/2015,,23.99,30.19,27.99
2026-08-17,,,,,PL/7043/EXP/ES/2015,,22.49,27.69,27.00
2026-08-17,,,,,PL/7042/EXP/ES/2015,,23.99,28.45,27.49
2026-08-17,,,,,PL/7041/EXP/ES/2015,,23.99,29.45,
2026-08-17,,,,,PL/7040/EXP/ES/2015,,22.49,27.69,
2026-08-17,,,,,PL/704/EXP/ES/2015,,23.99,29.59,26.99
2026-08-17,,,,,PL/7039/EXP/ES/2015,,23.99,29.69,27.00
2026-08-17,,,,,PL/7038/EXP/ES/2015,,24.00,,27.55
2026-08-17,,,,,PL/7037/EXP/ES/2015,,22.99,,25.39
2026-08-17,,,,,PL/7036/EXP/ES/2015,,23.99,28.99,
2026-08-17,,,,,PL/7035/EXP/ES/2015,,23.99,28.99,26.99
2026-08-17,,,,,PL/7034/EXP/ES/2015,,23.99,29.49,26.99
2026-08-17,,,,,PL/7033/EXP/ES/2015,,24.00,28.66,27.50
2026-08-17,,,,,PL/7032/EXP/ES/2015,,22.19,27.49,25.39
2026-08-17,,,,,PL/7031/EXP/ES/2015,,23.99,,
2026-08-17,,,,,PL/7030/EXP/ES/2015,,23.30,28.39,26.99
2026-08-17,,,,,PL/703/EXP/ES/2015,,23.99,28.69,
2026-08-17,,,,,PL/7029/EXP/ES/2015,,23.59,27.74,26.84
2026-08-17,,,,,PL/7028/EXP/ES/2015,,23.99,26.09,26.79
2026-08-17,,,,,PL/7026/EXP/ES/2015,,23.99,29.49,27.00
2026-08-17,,,,,PL/7025/EXP/ES/2015,,23.99,29.79,27.00
2026-08-17,,,,,PL/7024/EXP/ES/2015,,23.99,29.79,27.00
2026-08-17,,,,SERVICIO SIGLO XXI S.A. DE C.V.,PL/7023/EXP/ES/2015,Carretera Guadalajara- Nogales 3750 Km 22,23.99,29.99,27.00
2026-08-17,,,,,PL/7022/EXP/ES/2015,,23.99,29.69,27.00
2026-08-17,,,,,PL/7021/EXP/ES/2015,,23.99,,27.00
2026-08-17,,,,,PL/7020/EXP/ES/2015,,23.99,29.49,27.00
2026-08-17,,,,,PL/702/EXP/ES/2015,,23.89,28.99,
2026-08-17,,,,,PL/7019/EXP/ES/2015,,23.99,29.79,27.00
2026-08-17,,,,,PL/7018/EXP/ES/2015,,22.98,,26.79
2026-08-17,,,,,PL/7017/EXP/ES/2015,,22.89,27.79,
2026-08-17,,,,,PL/7016/EXP/ES/2015,,23.99,28.50,27.00
2026-08-17,,,,,PL/7015/EXP/ES/2015,,19.29,23.59,
2026-08-17,,,,,PL/7014/EXP/ES/2015,,19.29,23.59,
2026-08-17,,,,,PL/7013/EXP/ES/2015,,19.29,23.59,
2026-08-17,,,,,PL/7012/EXP/ES/2015,,19.29,,25.99
2026-08-17,,,,,PL/7011/EXP/ES/2015,,19.29,23.59,25.99
2026-08-17,,,,,PL/7010/EXP/ES/2015,,19.29,,25.99
2026-08-17,,,,,PL/701/EXP/ES/2015,,23.99,28.99,27.00
2026-08-17,,,,,PL/7009/EXP/ES/2015,,19.29,23.59,25.99
2026-08-17,,,,,PL/7008/EXP/ES/2015,,19.19,23.49,
2026-08-17,,,,,PL/7007/EXP/ES/2015,,19.29,23.59,25.99
2026-08-17,,,,,PL/7006/EXP/ES/2015,,19.29,23.59,
2026-08-17,,,,,PL/7005/EXP/ES/2015,,19.29,23.59,25.99
2026-08-17,,,,,PL/7004/EXP/ES/2015,,19.29,,25.99
2026-08-17,,,,,PL/7003/EXP/ES/2015,,19.29,23.59,25.99
2026-08-17,,,,,PL/7002/EXP/ES/2015,,19.29,,
2026-08-17,,,,,PL/7001/EXP/ES/2015,,23.99,29.89,
2026-08-17,,,,,PL/7000/EXP/ES/2015,,23.99,28.84,26.99
2026-08-17,,,,,PL/700/EXP/ES/2015,,23.99,28.99,27.00
2026-08-17,,,,,PL/6999/EXP/ES/2015,,23.99,28.65,
2026-08-17,,,,,PL/6998/EXP/ES/2015,,20.59,26.79,
2026-08-17,,,,,PL/6997/EXP/ES/2015,,23.99,28.79,27.30
2026-08-17,,,,,PL/6995/EXP/ES/2015,,23.96,28.29,27.00
2026-08-17,,,,,PL/6994/EXP/ES/2015,,23.99,29.37,
2026-08-17,,,,,PL/6993/EXP/ES/2015,,23.92,28.50,27.00
2026-08-17,,,,,PL/6992/EXP/ES/2015,,24.00,28.59,27.49
2026-08-17,,,,,PL/6991/EXP/ES/2015,,23.99,28.10,27.00
2026-08-17,,,,,PL/6990/EXP/ES/2015,,24.00,27.69,28.45
2026-08-17,,,,,PL/699/EXP/ES/2015,,23.99,29.49,27.00
2026-08-17,,,,,PL/6989/EXP/ES/2015,,23.99,28.69,
2026-08-17,,,,,PL/6988/EXP/ES/2015,,23.99,28.79,27.00
2026-08-17,,,,,PL/6987/EXP/ES/2015,,22.99,26.67,27.00
2026-08-17,,,,,PL/6986/EXP/ES/2015,,23.25,28.15,26.79
2026-08-17,,,,,PL/6985/EXP/ES/2015,,23.59,28.39,27.00
2026-08-17,,,,,PL/6984/EXP/ES/2015,,23.99,29.10,
2026-08-17,,,,,PL/6983/EXP/ES/2015,,23.99,28.97,27.00
2026-08-17,,,,,PL/6982/EXP/ES/2015,,24.29,28.09,27.00
2026-08-17,,,,,PL/6981/EXP/ES/2015,,24.39,27.99,
2026-08-17,,,,,PL/6980/EXP/ES/2015,,23.99,28.95,27.10
2026-08-17,,,,,PL/698/EXP/ES/2015,,23.99,27.99,27.00
2026-08-17,,,,,PL/6979/EXP/ES/2015,,23.99,28.49,26.99
2026-08-17,,,,,PL/6978/EXP/ES/2015,,25.39,28.99,28.29
2026-08-17,,,,,PL/6977/EXP/ES/2015,,23.19,27.45,26.85
2026-08-17,,,,,PL/6976/EXP/ES/2015,,24.19,29.89,
2026-08-17,,,,,PL/6975/EXP/ES/2015,,25.90,29.13,29.45
2026-08-17,,,,,PL/6974/EXP/ES/2015,,23.99,,26.99
2026-08-17,,,,,PL/6973/EXP/ES/2015,,23.89,29.10,28.20
2026-08-17,,,,,PL/6972/EXP/ES/2015,,23.79,28.39,
2026-08-17,,,,,PL/6971/EXP/ES/2015,,23.99,28.10,26.99
2026-08-17,,,,,PL/6970/EXP/ES/2015,,23.49,27.79,
2026-08-17,,,,,PL/697/EXP/ES/2015,,24.19,28.29,27.00
2026-08-17,,,,,PL/6969/EXP/ES/2015,,23.99,27.80,26.99
2026-08-17,,,,,PL/6968/EXP/ES/2015,,23.99,28.09,26.99
2026-08-17,,,,,PL/6967/EXP/ES/2015,,23.70,27.70,26.90
2026-08-17,,,,,PL/6965/EXP/ES/2015,,23.93,28.69,27.00
2026-08-17,,,,,PL/6964/EXP/ES/2015,,23.93,28.69,27.00
2026-08-17,,,,,PL/6963/EXP/ES/2015,,23.99,28.70,27.00
2026-08-17,,,,,PL/6962/EXP/ES/2015,,23.99,28.99,26.99
2026-08-17,,,,,PL/6961/EXP/ES/2015,,23.49,28.69,27.00
2026-08-17,,,,,PL/6960/EXP/ES/2015,,24.60,29.49,28.50
2026-08-17,,,,,PL/696/EXP/ES/2015,,23.99,28.69,27.00
2026-08-17,,,,ENERGÍA DAMARIS S.A. DE C.V.,PL/6959/EXP/ES/2015,Constitución Oriente No. 71-A,23.99,29.90,26.99
2026-08-17,,,,,PL/6958/EXP/ES/2015,,23.58,27.99,26.99
2026-08-17,,,,,PL/6957/EXP/ES/2015,,23.99,29.69,26.99
2026-08-17,,,,,PL/6956/EXP/ES/2015,,23.99,28.85,27.00
2026-08-17,,,,,PL/6955/EXP/ES/2015,,22.99,28.99,26.89
2026-08-17,,,,,PL/6954/EXP/ES/2015,,24.49,,27.99
2026-08-17,,,,,PL/6953/EXP/ES/2015,,23.19,25.69,26.89
2026-08-17,,,,ENERGÍA SAN PABLO S.A. DE C.V.,PL/6952/EXP/ES/2015,Avenida Cordilleras S/N Esquina Volcan Vesubio,23.69,26.99,
2026-08-17,,,,,PL/6951/EXP/ES/2015,,23.08,28.42,26.99
2026-08-17,,,,,PL/6950/EXP/ES/2015,,23.99,28.79,26.99
2026-08-17,,,,,PL/695/EXP/ES/2015,,23.99,29.69,27.00
2026-08-17,,,,,PL/6949/EXP/ES/2015,,23.49,28.39,
2026-08-17,,,,,PL/6948/EXP/ES/2015,,23.79,28.49,26.99
2026-08-17,,,,,PL/6947/EXP/ES/2015,,23.99,28.49,26.99
2026-08-17,,,,,PL/6946/EXP/ES/2015,,23.99,28.79,26.99
2026-08-17,,,,,PL/6945/EXP/ES/2015,,23.99,28.99,27.00
2026-08-17,,,,,PL/6944/EXP/ES/2015,,23.89,28.39,26.99
2026-08-17,,,,,PL/6943/EXP/ES/2015,,23.99,29.45,27.58
2026-08-17,,,,,PL/6942/EXP/ES/2015,,23.49,28.79,26.99
2026-08-17,,,,,PL/6941/EXP/ES/2015,,24.49,29.99,
2026-08-17,,,,,PL/6940/EXP/ES/2015,,23.95,28.99,27.00
2026-08-17,,,,,PL/694/EXP/ES/2015,,23.99,27.99,27.00
2026-08-17,,,,,PL/6939/EXP/ES/2015,,23.79,28.09,26.99
2026-08-17,,,,,PL/6938/EXP/ES/2015,,23.99,28.49,26.99
2026-08-17,,,,,PL/6937/EXP/ES/2015,,22.99,28.09,26.99
2026-08-17,,,,,PL/6936/EXP/ES/2015,,23.99,28.79,26.99
2026-08-17,,,,,PL/6935/EXP/ES/2015,,23.98,28.09,26.99
2026-08-17,,,,,PL/6934/EXP/ES/2015,,23.98,28.09,
2026-08-17,,,,,PL/6933/EXP/ES/2015,,23.30,28.09,26.99
2026-08-17,,,,,PL/6932/EXP/ES/2015,,23.49,28.49,26.99
2026-08-17,,,,,PL/6931/EXP/ES/2015,,23.78,27.83,27.00
2026-08-17,,,,,PL/6930/EXP/ES/2015,,24.29,29.29,27.35
2026-08-17,,,,,PL/693/EXP/ES/2015,,23.99,27.50,27.00
2026-08-17,,,,,PL/6929/EXP/ES/2015,,19.19,23.29,25.39
2026-08-17,,,,,PL/6928/EXP/ES/2015,,24.19,28.99,
2026-08-17,,,,,PL/6927/EXP/ES/2015,,23.49,28.49,26.99
2026-08-17,,,,,PL/6926/EXP/ES/2015,,23.59,27.69,26.95
2026-08-17,,,,,PL/6925/EXP/ES/2015,,23.67,27.99,
2026-08-17,,,,,PL/6924/EXP/ES/2015,,24.29,29.29,27.35
2026-08-17,,,,,PL/6923/EXP/ES/2015,,23.29,,26.99
2026-08-17,,,,,PL/6922/EXP/ES/2015,,23.94,28.09,26.99
2026-08-17,,,,,PL/6921/EXP/ES/2015,,24.00,28.89,
2026-08-17,,,,,PL/6920/EXP/ES/2015,,23.99,28.13,
2026-08-17,,,,,PL/692/EXP/ES/2015,,24.19,28.49,27.00
2026-08-17,,,,,PL/6919/EXP/ES/2015,,24.00,28.89,27.49
2026-08-17,,,,,PL/6918/EXP/ES/2015,,24.00,,27.39
2026-08-17,,,,,PL/6917/EXP/ES/2015,,23.70,27.59,26.99
2026-08-17,,,,,PL/6916/EXP/ES/2015,,23.99,28.18,
2026-08-17,,,,,PL/6915/EXP/ES/2015,,23.99,29.99,27.00
2026-08-17,,,,,PL/6914/EXP/ES/2015,,23.99,28.29,27.00
2026-08-17,,,,,PL/6913/EXP/ES/2015,,23.99,28.18,
2026-08-17,,,,,PL/6912/EXP/ES/2015,,23.98,28.49,
2026-08-17,,,,,PL/6911/EXP/ES/2015,,24.00,28.39,27.00
2026-08-17,,,,,PL/6910/EXP/ES/2015,,24.00,28.49,27.00
2026-08-17,,,,,PL/691/EXP/ES/2015,,23.99,28.49,27.00
2026-08-17,,,,,PL/6909/EXP/ES/2015,,23.99,28.10,27.00
2026-08-17,,,,,PL/6908/EXP/ES/2015,,23.99,28.49,26.99
2026-08-17,,,,,PL/6907/EXP/ES/2015,,23.79,27.99,27.00
2026-08-17,,,,,PL/6906/EXP/ES/2015,,22.99,27.99,27.00
2026-08-17,,,,MIGUEL ZAZUETA BELTRAN,PL/6905/EXP/ES/2015,Avenida Guadalupe No. 9501,23.98,28.90,
2026-08-17,,,,,PL/6904/EXP/ES/2015,,23.99,27.80,26.99
2026-08-17,,,,,PL/6903/EXP/ES/2015,,23.99,29.99,27.00
2026-08-17,,,,,PL/6902/EXP/ES/2015,,22.99,27.99,27.00
2026-08-17,,,,,PL/6901/EXP/ES/2015,,23.98,29.59,27.00
2026-08-17,,,,GASOLINEROS MEXICANOS S.A. DE C.V.,PL/6900/EXP/ES/2015,Carretera Guadalajara-Chapal Km 17.5 Int. Aeropuerto,23.99,29.79,27.00
2026-08-17,,,,,PL/690/EXP/ES/2015,,23.99,28.99,27.00
2026-08-17,,,,,PL/6899/EXP/ES/2015,,23.99,,26.99
2026-08-17,,,,,PL/6898/EXP/ES/2015,,23.50,29.40,26.90
2026-08-17,,,,,PL/6897/EXP/ES/2015,,23.99,28.99,
2026-08-17,,,,,PL/6896/EXP/ES/2015,,23.33,28.61,27.00
2026-08-17,,,,,PL/6895/EXP/ES/2015,,23.99,29.69,27.00
2026-08-17,,,,,PL/6894/EXP/ES/2015,,22.99,27.99,27.00
2026-08-17,,,,,PL/6893/EXP/ES/2015,,23.99,,27.00
2026-08-17,,,,,PL/6892/EXP/ES/2015,,23.49,28.08,
2026-08-17,,,,,PL/689/EXP/ES/2015,,24.00,28.38,26.99
2026-08-17,,,,,PL/6889/EXP/ES/2015,,24.00,28.30,27.00
2026-08-17,,,,,PL/6888/EXP/ES/2015,,23.35,28.30,27.00
2026-08-17,,,,,PL/6887/EXP/ES/2015,,23.99,28.69,27.00
2026-08-17,,,,,PL/6886/EXP/ES/2015,,23.49,27.64,
2026-08-17,,,,,PL/6885/EXP/ES/2015,,23.99,28.98,27.00
2026-08-17,,,,,PL/6884/EXP/ES/2015,,23.99,28.69,27.00
2026-08-17,,,,,PL/6883/EXP/ES/2015,,23.69,27.08,
2026-08-17,,,,,PL/6882/EXP/ES/2015,,23.98,29.39,
2026-08-17,,,,,PL/6881/EXP/ES/2015,,23.98,29.59,27.00
2026-08-17,,,,,PL/6880/EXP/ES/2015,,23.99,28.90,
2026-08-17,,,,,PL/688/EXP/ES/2015,,23.99,26.69,27.00
2026-08-17,,,,,PL/6879/EXP/ES/2015,,23.99,28.79,27.00
2026-08-17,,,,,PL/6878/EXP/ES/2015,,24.00,28.52,
2026-08-17,,,,,PL/6877/EXP/ES/2015,,24.00,28.68,27.00
2026-08-17,,,,,PL/6876/EXP/ES/2015,,23.83,28.19,27.09
2026-08-17,,,,GASOLINERA KUKULKAN S.A. DE C.V.,PL/6875/EXP/ES/2015,Avenida Patria No. 1543,23.99,29.62,
2026-08-17,,,,,PL/6874/EXP/ES/2015,,23.99,,
2026-08-17,,,,,PL/6873/EXP/ES/2015,,23.69,28.59,26.99
2026-08-17,,,,,PL/6872/EXP/ES/2015,,23.69,28.29,26.99
2026-08-17,,,,,PL/6871/EXP/ES/2015,,24.00,29.95,27.99
2026-08-17,,,,,PL/6870/EXP/ES/2015,,23.99,28.79,27.00
2026-08-17,,,,,PL/687/EXP/ES/2015,,22.99,28.99,26.99
2026-08-17,,,,,PL/6869/EXP/ES/2015,,23.99,29.99,
2026-08-17,,,,,PL/6868/EXP/ES/2015,,23.99,28.55,27.15
2026-08-17,,,,,PL/6867/EXP/ES/2015,,21.25,25.85,25.00
2026-08-17,,,,,PL/6866/EXP/ES/2015,,22.20,27.39,25.39
2026-08-17,,,,,PL/6865/EXP/ES/2015,,25.95,,29.50
2026-08-17,,,,,PL/6864/EXP/ES/2015,,23.29,28.29,27.00
2026-08-17,,,,,PL/6863/EXP/ES/2015,,23.90,,27.00
2026-08-17,,,,,PL/6862/EXP/ES/2015,,23.80,28.35,26.97
2026-08-17,,,,,PL/6861/EXP/ES/2015,,23.99,29.00,
2026-08-17,,,,,PL/6860/EXP/ES/2015,,23.85,27.99,
2026-08-17,,,,,PL/686/EXP/ES/2015,,22.39,28.99,26.99
2026-08-17,,,,,PL/6859/EXP/ES/2015,,23.99,28.99,27.00
2026-08-17,,,,,PL/6858/EXP/ES/2015,,23.79,28.49,
2026-08-17,,,,,PL/6857/EXP/ES/2015,,23.59,28.49,
2026-08-17,,,,,PL/6856/EXP/ES/2015,,22.99,27.99,26.99
2026-08-17,,,,,PL/6855/EXP/ES/2015,,23.99,27.95,
2026-08-17,,,,,PL/6854/EXP/ES/2015,,24.65,,28.38
2026-08-17,,,,,PL/6853/EXP/ES/2015,,23.49,27.98,
2026-08-17,,,,,PL/6852/EXP/ES/2015,,23.99,28.49,27.00
2026-08-17,,,,,PL/6851/EXP/ES/2015,,24.00,,27.00
2026-08-17,,,,,PL/6850/EXP/ES/2015,,23.99,27.98,
2026-08-17,,,,,PL/685/EXP/ES/2015,,21.39,24.99,26.99
2026-08-17,,,,,PL/6849/EXP/ES/2015,,23.99,28.99,27.49
2026-08-17,,,,,PL/6848/EXP/ES/2015,,24.00,29.99,27.00
2026-08-17,,,,,PL/6847/EXP/ES/2015,,23.98,27.93,
2026-08-17,,,,,PL/6846/EXP/ES/2015,,22.39,27.39,25.30
2026-08-17,,,,,PL/6845/EXP/ES/2015,,23.95,28.95,
2026-08-17,,,,,PL/6844/EXP/ES/2015,,23.98,,26.98
2026-08-17,,,,,PL/6843/EXP/ES/2015,,24.39,28.49,27.00
2026-08-17,,,,,PL/6842/EXP/ES/2015,,23.99,28.69,27.00
2026-08-17,,,,,PL/6841/EXP/ES/2015,,23.90,27.80,27.00
2026-08-17,,,,,PL/6840/EXP/ES/2015,,24.49,,27.00
2026-08-17,,,,,PL/684/EXP/ES/2015,,22.99,28.99,26.99
2026-08-17,,,,,PL/6839/EXP/ES/2015,,23.98,23.89,26.98
2026-08-17,,,,,PL/6838/EXP/ES/2015,,20.99,24.49,25.39
2026-08-17,,,,,PL/6837/EXP/ES/2015,,23.99,28.89,27.00
2026-08-17,,,,,PL/6836/EXP/ES/2015,,23.99,28.32,27.00
2026-08-17,,,,,PL/6835/EXP/ES/2015,,24.00,28.80,27.00
2026-08-17,,,,,PL/6834/EXP/ES/2015,,23.99,29.44,
2026-08-17,,,,,PL/6833/EXP/ES/2015,,23.98,28.39,26.98
2026-08-17,,,,,PL/6832/EXP/ES/2015,,22.85,28.65,27.00
2026-08-17,,,,,PL/6831/EXP/ES/2015,,21.29,,26.99
2026-08-17,,,,,PL/6830/EXP/ES/2015,,23.06,19.50,26.79
2026-08-17,,,,,PL/683/EXP/ES/2015,,24.00,28.38,26.99
2026-08-17,,,,,PL/6829/EXP/ES/2015,,24.50,29.00,28.10
2026-08-17,,,,,PL/6828/EXP/ES/2015,,23.98,28.39,
2026-08-17,,,,,PL/6827/EXP/ES/2015,,24.00,,27.00
2026-08-17,,,,,PL/6826/EXP/ES/2015,,23.99,29.59,26.99
2026-08-17,,,,,PL/6825/EXP/ES/2015,,23.98,27.93,26.98
2026-08-17,,,,,PL/6824/EXP/ES/2015,,23.98,28.39,26.98
2026-08-17,,,,,PL/6823/EXP/ES/2015,,23.60,,25.60
2026-08-17,,,,,PL/6822/EXP/ES/2015,,23.99,28.69,27.00
2026-08-17,,,,,PL/6821/EXP/ES/2015,,23.99,28.85,26.99
2026-08-17,,,,,PL/6820/EXP/ES/2015,,23.99,28.99,27.00
2026-08-17,,,,,PL/682/EXP/ES/2015,,22.99,28.99,26.99
2026-08-17,,,,SERVICIOS MOZA S.A. DE C.V.,PL/6819/EXP/ES/2015,Avenida Vallarta No. 4961,23.99,29.90,
2026-08-17,,,,,PL/6818/EXP/ES/2015,,23.99,28.49,27.00
2026-08-17,,,,,PL/6817/EXP/ES/2015,,23.99,27.99,26.99
2026-08-17,,,,,PL/6816/EXP/ES/2015,,20.99,24.49,26.99
2026-08-17,,,,,PL/6815/EXP/ES/2015,,23.99,29.10,27.10
2026-08-17,,,,,PL/6814/EXP/ES/2015,,23.49,27.79,26.99
2026-08-17,,,,,PL/6813/EXP/ES/2015,,23.99,,
2026-08-17,,,,,PL/6812/EXP/ES/2015,,22.99,26.69,26.79
2026-08-17,,,,,PL/6810/EXP/ES/2015,,24.00,29.00,28.60
2026-08-17,,,,BECKTROP OPERADORA S.A. DE C.V.,PL/681/EXP/ES/2015,Avenida Patria No. 574,23.99,29.99,26.99
2026-08-17,,,,,PL/6809/EXP/ES/2015,,23.99,29.79,26.99
2026-08-17,,,,,PL/6808/EXP/ES/2015,,23.99,26.69,
2026-08-17,,,,,PL/6806/EXP/ES/2015,,23.99,27.87,27.45
2026-08-17,,,,,PL/6805/EXP/ES/2015,,23.99,,27.00
2026-08-17,,,,,PL/6804/EXP/ES/2015,,23.99,28.49,27.00
2026-08-17,,,,,PL/6803/EXP/ES/2015,,23.99,30.33,27.00
2026-08-17,,,,,PL/6802/EXP/ES/2015,,24.00,28.88,27.24
2026-08-17,,,,,PL/6801/EXP/ES/2015,,23.99,29.99,27.00
2026-08-17,,,,,PL/6800/EXP/ES/2015,,23.99,29.49,27.00
2026-08-17,,,,,PL/680/EXP/ES/2015,,23.99,28.99,
2026-08-17,,,,,PL/6799/EXP/ES/2015,,23.99,29.79,27.00
2026-08-17,,,,,PL/6798/EXP/ES/2015,,23.99,29.19,
2026-08-17,,,,,PL/6797/EXP/ES/2015,,24.28,28.19,
2026-08-17,,,,,PL/6796/EXP/ES/2015,,23.89,28.89,27.00
2026-08-17,,,,,PL/6794/EXP/ES/2015,,23.79,27.39,26.99
2026-08-17,,,,,PL/6793/EXP/ES/2015,,23.99,29.87,27.00
2026-08-17,,,,,PL/6792/EXP/ES/2015,,22.80,26.90,26.90
2026-08-17,,,,,PL/6791/EXP/ES/2015,,23.49,27.98,26.98
2026-08-17,,,,,PL/6790/EXP/ES/2015,,23.99,27.89,27.00
2026-08-17,,,,,PL/679/EXP/ES/2015,,22.59,28.99,26.99
2026-08-17,,,,,PL/6789/EXP/ES/2015,,23.10,27.47,
2026-08-17,,,,,PL/6788/EXP/ES/2015,,23.25,28.37,26.90
2026-08-17,,,,,PL/6787/EXP/ES/2015,,23.99,28.72,27.00
2026-08-17,,,,,PL/6786/EXP/ES/2015,,23.56,27.99,26.99
2026-08-17,,,,,PL/6784/EXP/ES/2015,,22.94,26.67,26.97
2026-08-17,,,,,PL/6783/EXP/ES/2015,,22.98,25.98,
2026-08-17,,,,,PL/6782/EXP/ES/2015,,23.11,26.77,26.97
2026-08-17,,,,,PL/6781/EXP/ES/2015,,24.99,29.99,26.99
2026-08-17,,,,,PL/6780/EXP/ES/2015,,23.99,29.45,27.49
2026-08-17,,,,,PL/678/EXP/ES/2015,,23.99,28.99,
2026-08-17,,,,,PL/6779/EXP/ES/2015,,24.49,29.99,
2026-08-17,,,,,PL/6778/EXP/ES/2015,,23.99,,27.49
2026-08-17,,,,,PL/6777/EXP/ES/2015,,23.24,27.57,
2026-08-17,,,,,PL/6776/EXP/ES/2015,,23.99,29.45,27.49
2026-08-17,,,,,PL/6775/EXP/ES/2015,,23.99,29.99,27.00
2026-08-17,,,,,PL/6774/EXP/ES/2015,,24.95,29.95,27.00
2026-08-17,,,,,PL/6773/EXP/ES/2015,,24.87,29.85,27.40
2026-08-17,,,,,PL/6772/EXP/ES/2015,,22.78,26.97,26.84
2026-08-17,,,,ENERGÉTICOS PLUS S.A. DE C.V.,PL/6771/EXP/ES/2015,Carretera San Miguel Cuyutlán S/N,23.99,29.99,27.00
2026-08-17,,,,,PL/6770/EXP/ES/2015,,23.99,29.69,
2026-08-17,,,,,PL/677/EXP/ES/2015,,23.99,29.49,
2026-08-17,,,,,PL/6769/EXP/ES/2015,,23.99,29.99,
2026-08-17,,,,,PL/6768/EXP/ES/2015,,21.34,26.64,
2026-08-17,,,,,PL/6767/EXP/ES/2015,,23.99,28.99,27.00
2026-08-17,,,,,PL/6766/EXP/ES/2015,,23.99,29.99,
2026-08-17,,,,,PL/6765/EXP/ES/2015,,23.69,27.80,27.00
2026-08-17,,,,,PL/6764/EXP/ES/2015,,23.99,29.59,26.99
2026-08-17,,,,,PL/6763/EXP/ES/2015,,23.69,28.29,26.99
2026-08-17,,,,,PL/6761/EXP/ES/2015,,22.99,28.49,25.39
2026-08-17,,,,,PL/6760/EXP/ES/2015,,24.55,29.83,26.99
2026-08-17,,,,,PL/676/EXP/ES/2015,,21.39,24.99,26.99
2026-08-17,,,,,PL/6759/EXP/ES/2015,,23.99,29.69,26.99
2026-08-17,,,,,PL/6758/EXP/ES/2015,,23.78,27.79,
2026-08-17,,,,,PL/6757/EXP/ES/2015,,23.40,27.95,26.95
2026-08-17,,,,,PL/6756/EXP/ES/2015,,23.99,29.49,
2026-08-17,,,,,PL/6755/EXP/ES/2015,,23.95,,27.15
2026-08-17,,,,,PL/6753/EXP/ES/2015,,20.09,26.22,25.38
2026-08-17,,,,,PL/6752/EXP/ES/2015,,23.99,28.75,
2026-08-17,,,,,PL/6751/EXP/ES/2015,,23.99,29.69,
2026-08-17,,,,,PL/6750/EXP/ES/2015,,24.50,29.95,27.00
2026-08-17,,,,,PL/675/EXP/ES/2015,,23.99,28.49,27.00
2026-08-17,,,,,PL/6749/EXP/ES/2015,,23.49,28.49,
2026-08-17,,,,,PL/6748/EXP/ES/2015,,19.69,25.19,25.38
2026-08-17,,,,,PL/6747/EXP/ES/2015,,24.49,29.49,
2026-08-17,,,,,PL/6745/EXP/ES/2015,,23.99,29.19,26.99
2026-08-17,,,,,PL/6744/EXP/ES/2015,,23.99,29.99,
2026-08-17,,,,,PL/6743/EXP/ES/2015,,20.19,26.22,25.38
2026-08-17,,,,,PL/6742/EXP/ES/2015,,23.99,29.69,26.99
2026-08-17,,,,,PL/6741/EXP/ES/2015,,21.55,26.65,25.37
2026-08-17,,,,,PL/6740/EXP/ES/2015,,23.99,29.69,26.99
2026-08-17,,,,,PL/674/EXP/ES/2015,,23.99,28.89,27.00
2026-08-17,,,,,PL/6739/EXP/ES/2015,,23.99,28.48,26.99
2026-08-17,,,,,PL/6738/EXP/ES/2015,,23.99,29.69,
2026-08-17,,,,,PL/6737/EXP/ES/2015,,23.99,29.99,26.99
2026-08-17,,,,,PL/6736/EXP/ES/2015,,24.00,29.98,
2026-08-17,,,,,PL/6735/EXP/ES/2015,,23.99,29.99,27.00
2026-08-17,,,,,PL/6734/EXP/ES/2015,,23.49,27.99,26.99
2026-08-17,,,,,PL/6733/EXP/ES/2015,,23.99,29.69,
2026-08-17,,,,,PL/6732/EXP/ES/2015,,23.49,28.99,26.89
2026-08-17,,,,,PL/6731/EXP/ES/2015,,23.99,27.99,26.99
2026-08-17,,,,,PL/6730/EXP/ES/2015,,23.99,28.58,27.00
2026-08-17,,,,,PL/673/EXP/ES/2015,,23.99,28.80,27.00
2026-08-17,,,,,PL/6729/EXP/ES/2015,,23.99,27.99,26.99
2026-08-17,,,,,PL/6728/EXP/ES/2015,,23.49,28.49,
2026-08-17,,,,,PL/6727/EXP/ES/2015,,23.69,27.75,26.99
2026-08-17,,,,,PL/6726/EXP/ES/2015,,24.49,29.49,27.99
2026-08-17,,,,,PL/6725/EXP/ES/2015,,23.99,28.57,27.00
2026-08-17,,,,,PL/6724/EXP/ES/2015,,23.12,26.93,27.00
2026-08-17,,,,,PL/6723/EXP/ES/2015,,23.99,29.69,
2026-08-17,,,,,PL/6722/EXP/ES/2015,,23.59,28.99,27.00
2026-08-17,,,,,PL/6721/EXP/ES/2015,,23.70,28.50,26.99
2026-08-17,,,,,PL/6720/EXP/ES/2015,,24.49,29.49,27.99
2026-08-17,,,,,PL/672/EXP/ES/2015,,22.99,29.29,26.99
2026-08-17,,,,,PL/6719/EXP/ES/2015,,23.99,28.99,27.49
2026-08-17,,,,,PL/6718/EXP/ES/2015,,24.00,29.49,27.00
2026-08-17,,,,,PL/6717/EXP/ES/2015,,24.79,28.99,27.99
2026-08-17,,,,,PL/6715/EXP/ES/2015,,24.79,29.89,27.99
2026-08-17,,,,,PL/6714/EXP/ES/2015,,23.99,28.99,27.00
2026-08-17,,,,,PL/6713/EXP/ES/2015,,24.79,29.89,
2026-08-17,,,,,PL/6712/EXP/ES/2015,,23.49,28.49,
2026-08-17,,,,,PL/6711/EXP/ES/2015,,24.79,29.89,27.99
2026-08-17,,,,,PL/6710/EXP/ES/2015,,23.99,29.69,
2026-08-17,,,,,PL/671/EXP/ES/2015,,23.99,28.59,27.49
2026-08-17,,,,,PL/6709/EXP/ES/2015,,24.79,29.89,27.99
2026-08-17,,,,,PL/6708/EXP/ES/2015,,23.99,28.48,26.99
2026-08-17,,,,,PL/6707/EXP/ES/2015,,24.79,29.89,27.99
2026-08-17,,,,,PL/6706/EXP/ES/2015,,23.99,29.69,
2026-08-17,,,,,PL/6705/EXP/ES/2015,,23.99,29.69,
2026-08-17,,,,,PL/6704/EXP/ES/2015,,23.99,27.59,26.99
2026-08-17,,,,,PL/6703/EXP/ES/2015,,23.99,27.99,26.99
2026-08-17,,,,,PL/6702/EXP/ES/2015,,23.99,27.99,26.99
2026-08-17,,,,,PL/6701/EXP/ES/2015,,24.19,28.54,27.00
2026-08-17,,,,,PL/6700/EXP/ES/2015,,23.99,29.69,
2026-08-17,,,,,PL/670/EXP/ES/2015,,22.99,28.99,
2026-08-17,,,,,PL/6699/EXP/ES/2015,,24.19,29.29,27.00
2026-08-17,,,,,PL/6698/EXP/ES/2015,,23.99,29.69,26.99
2026-08-17,,,,,PL/6697/EXP/ES/2015,,24.19,28.54,27.00
2026-08-17,,,,,PL/6696/EXP/ES/2015,,23.99,29.69,26.99
2026-08-17,,,,,PL/6695/EXP/ES/2015,,24.19,28.19,27.00
2026-08-17,,,,,PL/6694/EXP/ES/2015,,23.99,29.69,
2026-08-17,,,,,PL/6693/EXP/ES/2015,,23.99,29.90,27.90
2026-08-17,,,,,PL/6692/EXP/ES/2015,,23.99,29.69,26.99
2026-08-17,,,,,PL/6691/EXP/ES/2015,,23.99,29.69,26.99
2026-08-17,,,,,PL/6690/EXP/ES/2015,,23.99,28.99,
2026-08-17,,,,,PL/669/EXP/ES/2015,,23.99,29.49,26.99
2026-08-17,,,,,PL/6689/EXP/ES/2015,,23.99,,26.99
2026-08-17,,,,,PL/6688/EXP/ES/2015,,23.99,29.00,27.00
2026-08-17,,,,,PL/6687/EXP/ES/2015,,23.99,29.69,
2026-08-17,,,,,PL/6686/EXP/ES/2015,,23.99,29.69,26.99
2026-08-17,,,,,PL/6685/EXP/ES/2015,,24.60,29.65,27.25
2026-08-17,,,,,PL/6684/EXP/ES/2015,,23.99,29.69,26.99
2026-08-17,,,,,PL/6683/EXP/ES/2015,,23.99,29.69,
2026-08-17,,,,,PL/6682/EXP/ES/2015,,23.99,28.99,26.99
2026-08-17,,,,,PL/6681/EXP/ES/2015,,23.29,27.49,
2026-08-17,,,,,PL/6680/EXP/ES/2015,,23.98,27.99,26.99
2026-08-17,,,,,PL/668/EXP/ES/2015,,22.99,28.99,
2026-08-17,,,,,PL/6679/EXP/ES/2015,,23.99,28.49,26.99
2026-08-17,,,,,PL/6678/EXP/ES/2015,,23.85,28.95,27.00
2026-08-17,,,,,PL/6677/EXP/ES/2015,,23.99,28.53,26.99
2026-08-17,,,,,PL/6676/EXP/ES/2015,,23.69,27.99,26.99
2026-08-17,,,,,PL/6675/EXP/ES/2015,,23.69,28.15,26.99
2026-08-17,,,,,PL/6674/EXP/ES/2015,,23.99,28.57,26.99
2026-08-17,,,,,PL/6673/EXP/ES/2015,,23.39,27.29,26.99
2026-08-17,,,,,PL/6672/EXP/ES/2015,,23.99,28.55,26.99
2026-08-17,,,,,PL/6671/EXP/ES/2015,,23.58,28.49,27.00
2026-08-17,,,,,PL/6670/EXP/ES/2015,,23.99,29.59,27.00
2026-08-17,,,,,PL/667/EXP/ES/2015,,23.99,28.99,
2026-08-17,,,,,PL/6669/EXP/ES/2015,,23.99,29.59,27.00
2026-08-17,,,,,PL/6668/EXP/ES/2015,,23.99,28.99,27.00
2026-08-17,,,,,PL/6667/EXP/ES/2015,,23.90,28.99,27.00
2026-08-17,,,,,PL/6666/EXP/ES/2015,,23.99,29.70,26.99
2026-08-17,,,,,PL/6665/EXP/ES/2015,,23.89,28.69,27.49
2026-08-17,,,,,PL/6664/EXP/ES/2015,,23.99,29.70,26.99
2026-08-17,,,,,PL/6663/EXP/ES/2015,,24.00,,27.00
2026-08-17,,,,,PL/6662/EXP/ES/2015,,23.99,29.99,27.00
2026-08-17,,,,,PL/6661/EXP/ES/2015,,23.99,28.99,27.00
2026-08-17,,,,,PL/6660/EXP/ES/2015,,22.99,28.59,25.38
2026-08-17,,,,,PL/666/EXP/ES/2015,,22.99,28.99,26.99
2026-08-17,,,,,PL/6659/EXP/ES/2015,,23.97,27.99,27.00
2026-08-17,,,,,PL/6658/EXP/ES/2015,,23.99,27.99,26.99
2026-08-17,,,,,PL/6657/EXP/ES/2015,,23.89,28.00,
2026-08-17,,,,,PL/6656/EXP/ES/2015,,23.99,29.99,27.00
2026-08-17,,,,,PL/6655/EXP/ES/2015,,23.99,28.39,27.00
2026-08-17,,,,,PL/6654/EXP/ES/2015,,23.49,,26.99
2026-08-17,,,,,PL/6653/EXP/ES/2015,,23.24,27.57,26.99
2026-08-17,,,,,PL/6652/EXP/ES/2015,,23.91,27.39,27.00
2026-08-17,,,,,PL/6651/EXP/ES/2015,,22.98,26.99,
2026-08-17,,,,,PL/6650/EXP/ES/2015,,23.90,28.45,26.99
2026-08-17,,,,,PL/665/EXP/ES/2015,,22.39,,26.99
2026-08-17,,,,,PL/6649/EXP/ES/2015,,23.99,28.49,27.00
2026-08-17,,,,,PL/6648/EXP/ES/2015,,22.99,26.99,
2026-08-17,,,,,PL/6647/EXP/ES/2015,,23.17,27.57,
2026-08-17,,,,,PL/6646/EXP/ES/2015,,23.99,29.19,27.00
2026-08-17,,,,,PL/6645/EXP/ES/2015,,24.69,29.99,
2026-08-17,,,,,PL/6644/EXP/ES/2015,,23.99,28.90,27.00
2026-08-17,,,,,PL/6643/EXP/ES/2015,,22.99,26.79,26.89
2026-08-17,,,,,PL/6642/EXP/ES/2015,,23.99,29.39,
2026-08-17,,,,,PL/6641/EXP/ES/2015,,23.99,27.79,
2026-08-17,,,,,PL/6640/EXP/ES/2015,,23.99,28.47,
2026-08-17,,,,,PL/664/EXP/ES/2015,,24.19,28.99,27.00
2026-08-17,,,,,PL/6639/EXP/ES/2015,,24.99,29.99,
2026-08-17,,,,,PL/6638/EXP/ES/2015,,23.20,29.10,
2026-08-17,,,,,PL/6637/EXP/ES/2015,,23.99,27.49,27.00
2026-08-17,,,,,PL/6636/EXP/ES/2015,,23.99,28.65,27.15
2026-08-17,,,,,PL/6635/EXP/ES/2015,,23.99,28.99,27.00
2026-08-17,,,,,PL/6634/EXP/ES/2015,,23.99,29.39,27.00
2026-08-17,,,,,PL/6633/EXP/ES/2015,,23.95,27.99,27.00
2026-08-17,,,,,PL/6632/EXP/ES/2015,,23.69,27.99,
2026-08-17,,,,,PL/6631/EXP/ES/2015,,23.49,26.99,
2026-08-17,,,,,PL/6630/EXP/ES/2015,,23.89,28.99,
2026-08-17,,,,,PL/663/EXP/ES/2015,,21.99,28.99,26.99
2026-08-17,,,,,PL/6629/EXP/ES/2015,,23.99,28.83,27.00
2026-08-17,,,,,PL/6628/EXP/ES/2015,,23.99,29.30,27.00
2026-08-17,,,,,PL/6627/EXP/ES/2015,,23.99,29.59,27.00
2026-08-17,,,,,PL/6626/EXP/ES/2015,,23.98,27.97,27.00
2026-08-17,,,,,PL/6625/EXP/ES/2015,,23.99,29.99,26.99
2026-08-17,,,,,PL/6624/EXP/ES/2015,,23.99,29.89,27.49
2026-08-17,,,,,PL/6623/EXP/ES/2015,,23.45,28.90,26.99
2026-08-17,,,,,PL/6622/EXP/ES/2015,,23.59,27.39,27.00
2026-08-17,,,,,PL/6621/EXP/ES/2015,,23.45,27.10,
2026-08-17,,,,,PL/662/EXP/ES/2015,,23.99,28.19,27.00
2026-08-17,,,,,PL/6619/EXP/ES/2015,,22.19,28.99,
2026-08-17,,,,,PL/6618/EXP/ES/2015,,23.99,28.50,27.00
2026-08-17,,,,,PL/6617/EXP/ES/2015,,23.39,27.82,27.00
2026-08-17,,,,,PL/6616/EXP/ES/2015,,23.95,27.95,27.00
2026-08-17,,,,,PL/6615/EXP/ES/2015,,23.45,27.35,26.99
2026-08-17,,,,,PL/6614/EXP/ES/2015,,23.99,29.89,
2026-08-17,,,,,PL/6613/EXP/ES/2015,,23.12,26.93,27.00
2026-08-17,,,,,PL/6612/EXP/ES/2015,,23.99,29.19,26.99
2026-08-17,,,,,PL/6611/EXP/ES/2015,,23.99,26.39,27.00
2026-08-17,,,,,PL/6610/EXP/ES/2015,,23.99,28.59,26.99
2026-08-17,,,,,PL/661/EXP/ES/2015,,22.99,27.99,26.99
2026-08-17,,,,,PL/6609/EXP/ES/2015,,23.99,29.10,26.99
2026-08-17,,,,,PL/6608/EXP/ES/2015,,23.39,27.29,
2026-08-17,,,,,PL/6607/EXP/ES/2015,,24.00,28.90,27.00
2026-08-17,,,,,PL/6606/EXP/ES/2015,,24.69,29.59,28.74
2026-08-17,,,,,PL/6605/EXP/ES/2015,,22.78,,26.84
2026-08-17,,,,,PL/6604/EXP/ES/2015,,22.99,29.49,26.89
2026-08-17,,,,,PL/6603/EXP/ES/2015,,23.85,28.18,27.00
2026-08-17,,,,,PL/6602/EXP/ES/2015,,23.99,28.99,27.00
2026-08-17,,,,,PL/6601/EXP/ES/2015,,23.40,26.70,26.90
2026-08-17,,,,,PL/6600/EXP/ES/2015,,23.98,28.35,27.00
2026-08-17,,,,,PL/660/EXP/ES/2015,,22.99,28.99,26.99
2026-08-17,,,,,PL/6599/EXP/ES/2015,,24.59,29.89,
2026-08-17,,,,,PL/6598/EXP/ES/2015,,23.99,29.69,
2026-08-17,,,,,PL/6597/EXP/ES/2015,,24.50,30.50,27.00
2026-08-17,,,,,PL/6595/EXP/ES/2015,,23.10,26.50,
2026-08-17,,,,,PL/6594/EXP/ES/2015,,23.99,28.59,26.99
2026-08-17,,,,,PL/6593/EXP/ES/2015,,23.99,28.29,
2026-08-17,,,,,PL/6592/EXP/ES/2015,,23.99,28.49,26.99
2026-08-17,,,,,PL/6591/EXP/ES/2015,,23.79,27.59,26.99
2026-08-17,,,,,PL/6590/EXP/ES/2015,,24.00,,27.00
2026-08-17,,,,,PL/659/EXP/ES/2015,,23.99,29.39,
2026-08-17,,,,,PL/6589/EXP/ES/2015,,23.79,28.44,26.99
2026-08-17,,,,,PL/6588/EXP/ES/2015,,24.99,28.50,27.99
2026-08-17,,,,,PL/6587/EXP/ES/2015,,23.98,27.99,
2026-08-17,,,,,PL/6586/EXP/ES/2015,,23.98,27.99,26.99
2026-08-17,,,,,PL/6585/EXP/ES/2015,,23.99,27.99,27.00
2026-08-17,,,,,PL/6584/EXP/ES/2015,,23.99,29.99,27.00
2026-08-17,,,,,PL/6583/EXP/ES/2015,,23.99,29.99,
2026-08-17,,,,,PL/6582/EXP/ES/2015,,23.99,29.49,26.99
2026-08-17,,,,,PL/6581/EXP/ES/2015,,22.85,27.64,26.76
2026-08-17,,,,,PL/6580/EXP/ES/2015,,24.00,28.59,27.19
2026-08-17,,,,,PL/658/EXP/ES/2015,,21.99,28.99,26.99
2026-08-17,,,,,PL/6579/EXP/ES/2015,,23.99,28.65,
2026-08-17,,,,,PL/6578/EXP/ES/2015,,23.69,27.59,26.99
2026-08-17,,,,,PL/6576/EXP/ES/2015,,23.99,29.17,27.00
2026-08-17,,,,,PL/6575/EXP/ES/2015,,22.56,27.54,
2026-08-17,,,,,PL/6573/EXP/ES/2015,,22.56,27.54,
2026-08-17,,,,,PL/6572/EXP/ES/2015,,24.00,28.59,27.40
2026-08-17,,,,,PL/6571/EXP/ES/2015,,24.00,28.49,
2026-08-17,,,,,PL/6570/EXP/ES/2015,,22.85,27.64,
2026-08-17,,,,,PL/657/EXP/ES/2015,,22.19,29.49,25.99
2026-08-17,,,,,PL/6569/EXP/ES/2015,,20.99,26.49,27.00
2026-08-17,,,,,PL/6568/EXP/ES/2015,,24.79,29.49,28.39
2026-08-17,,,,,PL/6567/EXP/ES/2015,,22.85,27.64,
2026-08-17,,,,,PL/6566/EXP/ES/2015,,23.99,28.99,26.99
2026-08-17,,,,,PL/6565/EXP/ES/2015,,23.99,29.69,
2026-08-17,,,,,PL/6564/EXP/ES/2015,,23.99,29.49,
2026-08-17,,,,,PL/6563/EXP/ES/2015,,23.39,28.49,
2026-08-17,,,,,PL/6562/EXP/ES/2015,,23.99,29.69,26.99
2026-08-17,,,,,PL/6561/EXP/ES/2015,,23.99,29.49,
2026-08-17,,,,,PL/6560/EXP/ES/2015,,23.50,27.25,
2026-08-17,,,,,PL/656/EXP/ES/2015,,22.69,28.89,26.59
2026-08-17,,,,,PL/6559/EXP/ES/2015,,24.99,28.50,26.99
2026-08-17,,,,,PL/6558/EXP/ES/2015,,24.69,28.34,
2026-08-17,,,,,PL/6557/EXP/ES/2015,,23.99,29.49,
2026-08-17,,,,,PL/6556/EXP/ES/2015,,23.99,28.49,27.00
2026-08-17,,,,,PL/6555/EXP/ES/2015,,23.99,27.50,
2026-08-17,,,,,PL/6554/EXP/ES/2015,,23.89,28.39,27.00
2026-08-17,,,,,PL/6553/EXP/ES/2015,,23.99,28.10,
2026-08-17,,,,,PL/6552/EXP/ES/2015,,23.99,28.49,27.00
2026-08-17,,,,,PL/6551/EXP/ES/2015,,23.99,27.99,26.99
2026-08-17,,,,,PL/6550/EXP/ES/2015,,23.99,29.49,27.00
2026-08-17,,,,,PL/655/EXP/ES/2015,,23.99,29.95,27.00
2026-08-17,,,,,PL/6549/EXP/ES/2015,,23.99,29.79,27.00
2026-08-17,,,,,PL/6548/EXP/ES/2015,,23.99,29.79,
2026-08-17,,,,,PL/6547/EXP/ES/2015,,19.19,23.29,25.39
2026-08-17,,,,,PL/6546/EXP/ES/2015,,23.09,,26.95
2026-08-17,,,,,PL/6545/EXP/ES/2015,,24.59,29.99,
2026-08-17,,,,,PL/6544/EXP/ES/2015,,23.99,27.99,26.99
2026-08-17,,,,,PL/6543/EXP/ES/2015,,24.19,28.99,27.00
2026-08-17,,,,,PL/6542/EXP/ES/2015,,23.47,28.47,
2026-08-17,,,,,PL/6541/EXP/ES/2015,,23.09,27.59,
2026-08-17,,,,,PL/6540/EXP/ES/2015,,23.99,28.75,27.00
2026-08-17,,,,,PL/654/EXP/ES/2015,,23.29,28.99,26.99
2026-08-17,,,,,PL/6539/EXP/ES/2015,,22.49,27.99,
2026-08-17,,,,,PL/6538/EXP/ES/2015,,23.99,28.69,27.00
2026-08-17,,,,,PL/6537/EXP/ES/2015,,22.91,27.45,
2026-08-17,,,,,PL/6536/EXP/ES/2015,,23.99,28.99,26.99
2026-08-17,,,,,PL/6535/EXP/ES/2015,,23.99,28.49,27.49
2026-08-17,,,,,PL/6534/EXP/ES/2015,,21.95,26.65,
2026-08-17,,,,,PL/6533/EXP/ES/2015,,23.97,27.27,27.00
2026-08-17,,,,,PL/6531/EXP/ES/2015,,23.99,29.69,26.99
2026-08-17,,,,,PL/6530/EXP/ES/2015,,22.99,27.99,
2026-08-17,,,,,PL/653/EXP/ES/2015,,23.99,28.79,27.00
2026-08-17,,,,,PL/6529/EXP/ES/2015,,23.99,28.59,
2026-08-17,,,,,PL/6528/EXP/ES/2015,,23.99,29.69,
2026-08-17,,,,,PL/6527/EXP/ES/2015,,24.00,28.49,27.00
2026-08-17,,,,,PL/6526/EXP/ES/2015,,23.99,28.19,26.99
2026-08-17,,,,,PL/6525/EXP/ES/2015,,24.99,29.99,
2026-08-17,,,,,PL/6524/EXP/ES/2015,,23.99,29.69,
2026-08-17,,,,,PL/6523/EXP/ES/2015,,23.99,27.99,26.99
2026-08-17,,,,,PL/6522/EXP/ES/2015,,23.70,28.50,26.99
2026-08-17,,,,,PL/6521/EXP/ES/2015,,24.00,29.89,27.00
2026-08-17,,,,,PL/6520/EXP/ES/2015,,23.99,28.49,27.00
2026-08-17,,,,,PL/652/EXP/ES/2015,,24.19,29.49,
2026-08-17,,,,,PL/6519/EXP/ES/2015,,23.99,28.22,27.20
2026-08-17,,,,,PL/6517/EXP/ES/2015,,22.89,27.99,25.39
2026-08-17,,,,,PL/6516/EXP/ES/2015,,23.49,28.99,26.99
2026-08-17,,,,,PL/6515/EXP/ES/2015,,21.89,27.45,25.37
2026-08-17,,,,,PL/6514/EXP/ES/2015,,23.99,29.15,26.99
2026-08-17,,,,,PL/6513/EXP/ES/2015,,24.79,,28.39
2026-08-17,,,,,PL/6512/EXP/ES/2015,,23.49,28.99,
2026-08-17,,,,,PL/6511/EXP/ES/2015,,23.89,28.89,27.00
2026-08-17,,,,,PL/6510/EXP/ES/2015,,23.99,29.08,27.00
2026-08-17,,,,,PL/651/EXP/ES/2015,,23.99,28.99,27.00
2026-08-17,,,,,PL/6509/EXP/ES/2015,,23.99,28.99,26.99
2026-08-17,,,,,PL/6508/EXP/ES/2015,,24.00,29.99,27.00
2026-08-17,,,,,PL/6507/EXP/ES/2015,,23.99,29.30,
2026-08-17,,,,SERVICIOS ALCARAZ Y HERNÁNDEZ S.A. DE C.V.,PL/6506/EXP/ES/2015,Km 3 Carretera Guadalajara - Saltillo,23.39,28.59,
2026-08-17,,,,,PL/6505/EXP/ES/2015,,24.99,28.88,28.18
2026-08-17,,,,,PL/6504/EXP/ES/2015,,23.59,28.49,26.99
2026-08-17,,,,,PL/6503/EXP/ES/2015,,23.99,26.99,
2026-08-17,,,,,PL/6502/EXP/ES/2015,,23.99,,26.99
2026-08-17,,,,,PL/6501/EXP/ES/2015,,22.35,27.99,
2026-08-17,,,,,PL/6500/EXP/ES/2015,,23.97,29.20,26.99
2026-08-17,,,,,PL/650/EXP/ES/2015,,23.99,27.99,27.00
2026-08-17,,,,,PL/6499/EXP/ES/2015,,23.89,,27.00
2026-08-17,,,,,PL/6498/EXP/ES/2015,,23.49,28.99,
2026-08-17,,,,,PL/6497/EXP/ES/2015,,24.00,28.00,27.00
2026-08-17,,,,,PL/6496/EXP/ES/2015,,23.85,28.23,
2026-08-17,,,,,PL/6495/EXP/ES/2015,,24.00,28.59,27.19
2026-08-17,,,,,PL/6494/EXP/ES/2015,,23.49,27.99,26.99
2026-08-17,,,,,PL/6493/EXP/ES/2015,,23.98,29.39,27.29
2026-08-17,,,,,PL/6492/EXP/ES/2015,,22.78,25.98,
2026-08-17,,,,,PL/6491/EXP/ES/2015,,24.99,29.99,
2026-08-17,,,,,PL/6490/EXP/ES/2015,,23.99,28.19,26.99
2026-08-17,,,,,PL/649/EXP/ES/2015,,23.99,28.89,27.00
2026-08-17,,,,,PL/6489/EXP/ES/2015,,23.99,29.59,27.00
2026-08-17,,,,,PL/6488/EXP/ES/2015,,23.40,25.49,25.39
2026-08-17,,,,,PL/6487/EXP/ES/2015,,23.99,28.65,26.99
2026-08-17,,,,,PL/6486/EXP/ES/2015,,23.99,28.19,26.99
2026-08-17,,,,,PL/6485/EXP/ES/2015,,24.19,29.79,27.00
2026-08-17,,,,,PL/6484/EXP/ES/2015,,19.39,25.39,
2026-08-17,,,,,PL/6483/EXP/ES/2015,,23.79,28.89,27.00
2026-08-17,,,,,PL/6482/EXP/ES/2015,,24.79,,27.79
2026-08-17,,,,,PL/6481/EXP/ES/2015,,24.00,28.34,27.00
2026-08-17,,,,,PL/6480/EXP/ES/2015,,22.89,27.05,
2026-08-17,,,,,PL/648/EXP/ES/2015,,24.19,28.39,27.00
2026-08-17,,,,,PL/6479/EXP/ES/2015,,23.99,27.99,27.99
2026-08-17,,,,,PL/6478/EXP/ES/2015,,23.99,29.99,
2026-08-17,,,,,PL/6477/EXP/ES/2015,,24.19,28.49,27.00
2026-08-17,,,,,PL/6476/EXP/ES/2015,,23.99,28.19,
2026-08-17,,,,,PL/6475/EXP/ES/2015,,22.90,23.40,24.62
2026-08-17,,,,,PL/6474/EXP/ES/2015,,23.99,29.59,26.99
2026-08-17,,,,,PL/6473/EXP/ES/2015,,23.99,28.29,27.00
2026-08-17,,,,,PL/6471/EXP/ES/2015,,23.90,28.99,27.00
2026-08-17,,,,,PL/6470/EXP/ES/2015,,23.99,27.99,27.00
2026-08-17,,,,,PL/647/EXP/ES/2015,,24.19,28.99,27.00
2026-08-17,,,,GASOLINERA LOS ROBLES S.A. DE C.V.,PL/6469/EXP/ES/2015,Calzada Juan Gil Preciado No. 7611,23.50,28.50,26.99
2026-08-17,,,,,PL/6468/EXP/ES/2015,,24.00,28.80,27.00
2026-08-17,,,,,PL/6467/EXP/ES/2015,,23.66,27.69,27.00
2026-08-17,,,,,PL/6466/EXP/ES/2015,,23.94,28.49,27.00
2026-08-17,,,,,PL/6465/EXP/ES/2015,,19.99,23.99,
2026-08-17,,,,,PL/6464/EXP/ES/2015,,23.79,27.69,26.99
2026-08-17,,,,,PL/6463/EXP/ES/2015,,23.95,27.90,
2026-08-17,,,,,PL/6462/EXP/ES/2015,,22.60,27.45,
2026-08-17,,,,,PL/6461/EXP/ES/2015,,23.99,28.26,27.00
2026-08-17,,,,,PL/6460/EXP/ES/2015,,23.99,29.62,27.00
2026-08-17,,,,,PL/646/EXP/ES/2015,,24.49,29.99,26.99
2026-08-17,,,,,PL/6459/EXP/ES/2015,,23.99,28.99,
2026-08-17,,,,,PL/6457/EXP/ES/2015,,23.99,29.89,27.49
2026-08-17,,,,,PL/6456/EXP/ES/2015,,23.99,28.49,
2026-08-17,,,,,PL/6455/EXP/ES/2015,,23.99,28.57,27.00
2026-08-17,,,,,PL/6454/EXP/ES/2015,,23.77,28.46,26.98
2026-08-17,,,,,PL/6453/EXP/ES/2015,,23.99,27.49,
2026-08-17,,,,,PL/6451/EXP/ES/2015,,22.99,27.49,26.99
2026-08-17,,,,,PL/6450/EXP/ES/2015,,23.99,28.49,
2026-08-17,,,,,PL/645/EXP/ES/2015,,23.29,28.99,26.99
2026-08-17,,,,,PL/6449/EXP/ES/2015,,23.99,27.49,
2026-08-17,,,,,PL/6448/EXP/ES/2015,,23.89,28.39,26.99
2026-08-17,,,,,PL/6447/EXP/ES/2015,,23.98,28.29,
2026-08-17,,,,,PL/6446/EXP/ES/2015,,23.89,28.49,26.99
2026-08-17,,,,,PL/6444/EXP/ES/2015,,23.98,28.29,
2026-08-17,,,,,PL/6443/EXP/ES/2015,,23.89,29.30,
2026-08-17,,,,,PL/6442/EXP/ES/2015,,23.99,28.65,27.00
2026-08-17,,,,,PL/6441/EXP/ES/2015,,23.99,29.14,26.99
2026-08-17,,,,,PL/6440/EXP/ES/2015,,23.79,27.54,26.99
2026-08-17,,,,,PL/644/EXP/ES/2015,,22.99,,26.99
2026-08-17,,,,,PL/6439/EXP/ES/2015,,23.99,28.75,27.40
2026-08-17,,,,,PL/6438/EXP/ES/2015,,24.00,29.49,27.00
2026-08-17,,,,,PL/6437/EXP/ES/2015,,23.99,28.13,27.00
2026-08-17,,,,,PL/6436/EXP/ES/2015,,24.25,29.99,27.99
2026-08-17,,,,,PL/6435/EXP/ES/2015,,24.25,29.99,27.99
2026-08-17,,,,,PL/6434/EXP/ES/2015,,23.98,28.29,
2026-08-17,,,,,PL/6433/EXP/ES/2015,,24.50,29.37,28.76
2026-08-17,,,,,PL/6432/EXP/ES/2015,,23.99,28.99,27.00
2026-08-17,,,,,PL/6431/EXP/ES/2015,,23.98,29.71,27.47
2026-08-17,,,,,PL/6430/EXP/ES/2015,,23.99,29.34,27.00
2026-08-17,,,,,PL/643/EXP/ES/2015,,23.99,28.69,27.00
2026-08-17,,,,,PL/6429/EXP/ES/2015,,24.00,29.25,27.80
2026-08-17,,,,,PL/6428/EXP/ES/2015,,23.98,28.70,27.00
2026-08-17,,,,,PL/6427/EXP/ES/2015,,23.76,28.69,26.99
2026-08-17,,,,,PL/6426/EXP/ES/2015,,23.99,29.99,
2026-08-17,,,,,PL/6425/EXP/ES/2015,,23.50,26.98,26.98
2026-08-17,,,,,PL/6424/EXP/ES/2015,,23.29,26.69,27.00
2026-08-17,,,,,PL/6423/EXP/ES/2015,,23.36,27.94,
2026-08-17,,,,,PL/6422/EXP/ES/2015,,23.58,28.38,
2026-08-17,,,,,PL/6421/EXP/ES/2015,,23.38,27.98,
2026-08-17,,,,,PL/6420/EXP/ES/2015,,23.68,27.38,
2026-08-17,,,,,PL/642/EXP/ES/2015,,22.99,28.99,26.99
2026-08-17,,,,,PL/6419/EXP/ES/2015,,23.69,28.09,27.00
2026-08-17,,,,,PL/6418/EXP/ES/2015,,21.50,,26.90
2026-08-17,,,,,PL/6417/EXP/ES/2015,,23.79,28.49,
2026-08-17,,,,,PL/6416/EXP/ES/2015,,22.69,28.89,
2026-08-17,,,,,PL/6415/EXP/ES/2015,,23.50,26.98,
2026-08-17,,,,,PL/6414/EXP/ES/2015,,23.98,28.49,
2026-08-17,,,,,PL/6413/EXP/ES/2015,,22.54,26.15,
2026-08-17,,,,,PL/6412/EXP/ES/2015,,23.99,,26.99
2026-08-17,,,,,PL/6411/EXP/ES/2015,,23.99,29.69,26.99
2026-08-17,,,,,PL/6410/EXP/ES/2015,,23.98,27.89,
2026-08-17,,,,,PL/641/EXP/ES/2015,,22.99,28.99,26.99
2026-08-17,,,,,PL/6409/EXP/ES/2015,,23.99,29.69,26.99
2026-08-17,,,,,PL/6408/EXP/ES/2015,,23.99,29.69,26.99
2026-08-17,,,,,PL/6407/EXP/ES/2015,,23.99,28.39,26.99
2026-08-17,,,,,PL/6406/EXP/ES/2015,,23.99,28.89,27.00
2026-08-17,,,,,PL/6405/EXP/ES/2015,,23.96,28.62,
2026-08-17,,,,,PL/6404/EXP/ES/2015,,22.99,27.99,26.99
2026-08-17,,,,,PL/6403/EXP/ES/2015,,23.96,28.34,
2026-08-17,,,,,PL/6402/EXP/ES/2015,,23.59,25.99,
2026-08-17,,,,,PL/6401/EXP/ES/2015,,23.99,27.79,27.00
2026-08-17,,,,,PL/6400/EXP/ES/2015,,23.99,29.05,27.90
2026-08-17,,,,,PL/640/EXP/ES/2015,,23.99,29.49,26.99
2026-08-17,,,,,PL/6398/EXP/ES/2015,,23.99,29.05,27.90
2026-08-17,,,,,PL/6397/EXP/ES/2015,,23.99,28.30,28.50
2026-08-17,,,,,PL/6396/EXP/ES/2015,,23.99,29.79,27.00
2026-08-17,,,,,PL/6395/EXP/ES/2015,,23.99,28.25,27.50
2026-08-17,,,,,PL/6394/EXP/ES/2015,,23.98,28.28,27.00
2026-08-17,,,,,PL/6393/EXP/ES/2015,,23.59,28.79,26.86
2026-08-17,,,,,PL/6392/EXP/ES/2015,,23.96,28.14,
2026-08-17,,,,,PL/6391/EXP/ES/2015,,24.79,28.99,29.54
2026-08-17,,,,,PL/6390/EXP/ES/2015,,22.90,27.99,26.90
2026-08-17,,,,,PL/639/EXP/ES/2015,,22.99,28.99,
2026-08-17,,,,,PL/6389/EXP/ES/2015,,19.19,23.29,
2026-08-17,,,,,PL/6388/EXP/ES/2015,,23.98,28.44,27.00
2026-08-17,,,,,PL/6387/EXP/ES/2015,,23.99,28.25,27.50
2026-08-17,,,,,PL/6386/EXP/ES/2015,,23.98,28.34,27.00
2026-08-17,,,,,PL/6385/EXP/ES/2015,,23.99,28.89,29.99
2026-08-17,,,,,PL/6384/EXP/ES/2015,,24.39,27.99,27.00
2026-08-17,,,,,PL/6383/EXP/ES/2015,,23.99,29.19,26.99
2026-08-17,,,,,PL/6382/EXP/ES/2015,,23.98,28.14,26.98
2026-08-17,,,,,PL/6381/EXP/ES/2015,,23.89,28.29,27.00
2026-08-17,,,,,PL/6380/EXP/ES/2015,,23.98,28.24,
2026-08-17,,,,,PL/638/EXP/ES/2015,,21.99,29.59,
2026-08-17,,,,,PL/6379/EXP/ES/2015,,23.39,27.89,
2026-08-17,,,,,PL/6378/EXP/ES/2015,,23.94,28.27,26.93
2026-08-17,,,,,PL/6377/EXP/ES/2015,,24.39,27.94,27.00
2026-08-17,,,,,PL/6376/EXP/ES/2015,,23.49,28.63,
2026-08-17,,,,,PL/6375/EXP/ES/2015,,24.48,29.69,27.99
2026-08-17,,,,,PL/6374/EXP/ES/2015,,22.55,27.95,25.95
2026-08-17,,,,,PL/6373/EXP/ES/2015,,23.94,28.27,26.93
2026-08-17,,,,,PL/6372/EXP/ES/2015,,23.99,29.45,
2026-08-17,,,,,PL/6371/EXP/ES/2015,,23.99,29.45,
2026-08-17,,,,,PL/6370/EXP/ES/2015,,23.99,29.45,26.99
2026-08-17,,,,,PL/637/EXP/ES/2015,,23.99,28.99,
2026-08-17,,,,,PL/6369/EXP/ES/2015,,23.99,28.89,
2026-08-17,,,,,PL/6368/EXP/ES/2015,,23.99,29.50,27.00
2026-08-17,,,,,PL/6367/EXP/ES/2015,,23.99,27.99,
2026-08-17,,,,,PL/6366/EXP/ES/2015,,23.99,29.69,
2026-08-17,,,,,PL/6365/EXP/ES/2015,,23.99,29.99,
2026-08-17,,,,,PL/6364/EXP/ES/2015,,23.49,28.49,
2026-08-17,,,,,PL/6363/EXP/ES/2015,,23.99,28.89,
2026-08-17,,,,,PL/6362/EXP/ES/2015,,23.99,28.94,27.00
2026-08-17,,,,,PL/6361/EXP/ES/2015,,23.69,28.39,26.89
2026-08-17,,,,,PL/6360/EXP/ES/2015,,23.99,29.99,
2026-08-17,,,,,PL/636/EXP/ES/2015,,22.79,27.99,
2026-08-17,,,,,PL/6359/EXP/ES/2015,,24.69,29.99,28.69
2026-08-17,,,,,PL/6358/EXP/ES/2015,,23.99,28.30,28.50
2026-08-17,,,,,PL/6357/EXP/ES/2015,,23.99,28.50,26.99
2026-08-17,,,,,PL/6356/EXP/ES/2015,,23.99,29.99,26.99
2026-08-17,,,,,PL/6355/EXP/ES/2015,,23.99,29.39,
2026-08-17,,,,,PL/6354/EXP/ES/2015,,24.39,27.99,27.00
2026-08-17,,,,,PL/6353/EXP/ES/2015,,23.99,29.19,26.99
2026-08-17,,,,,PL/6352/EXP/ES/2015,,24.50,29.50,27.50
2026-08-17,,,,,PL/6351/EXP/ES/2015,,23.49,26.99,27.00
2026-08-17,,,,,PL/6350/EXP/ES/2015,,23.99,29.69,26.99
2026-08-17,,,,,PL/635/EXP/ES/2015,,23.99,28.99,
2026-08-17,,,,,PL/6349/EXP/ES/2015,,23.99,28.99,26.99
2026-08-17,,,,,PL/6348/EXP/ES/2015,,24.30,28.99,28.00
2026-08-17,,,,,PL/6347/EXP/ES/2015,,20.99,26.90,
2026-08-17,,,,,PL/6346/EXP/ES/2015,,24.00,,27.00
2026-08-17,,,,,PL/6345/EXP/ES/2015,,23.99,29.59,26.99
2026-08-17,,,,,PL/6344/EXP/ES/2015,,23.96,,27.00
2026-08-17,,,,,PL/6343/EXP/ES/2015,,22.99,27.11,26.41
2026-08-17,,,,,PL/6342/EXP/ES/2015,,23.43,27.45,
2026-08-17,,,,,PL/6341/EXP/ES/2015,,23.99,30.97,
2026-08-17,,,,,PL/6340/EXP/ES/2015,,23.43,27.45,
2026-08-17,,,,,PL/634/EXP/ES/2015,,23.99,29.39,27.00
2026-08-17,,,,,PL/6339/EXP/ES/2015,,23.97,28.37,26.99
2026-08-17,,,,,PL/6338/EXP/ES/2015,,23.99,,27.39
2026-08-17,,,,,PL/6337/EXP/ES/2015,,23.41,27.51,
2026-08-17,,,,,PL/6336/EXP/ES/2015,,24.89,28.44,27.70
2026-08-17,,,,,PL/6335/EXP/ES/2015,,23.99,28.95,26.99
2026-08-17,,,,,PL/6334/EXP/ES/2015,,23.41,27.51,26.81
2026-08-17,,,,,PL/6333/EXP/ES/2015,,23.99,29.99,27.39
2026-08-17,,,,,PL/6332/EXP/ES/2015,,23.99,23.99,27.00
2026-08-17,,,,,PL/6331/EXP/ES/2015,,23.57,27.66,
2026-08-17,,,,,PL/6330/EXP/ES/2015,,23.43,27.45,
2026-08-17,,,,,PL/633/EXP/ES/2015,,23.29,28.99,26.99
2026-08-17,,,,,PL/6329/EXP/ES/2015,,24.00,29.99,27.79
2026-08-17,,,,,PL/6328/EXP/ES/2015,,24.00,29.69,27.00
2026-08-17,,,,,PL/6327/EXP/ES/2015,,20.99,26.90,
2026-08-17,,,,,PL/6326/EXP/ES/2015,,22.79,27.99,26.49
2026-08-17,,,,,PL/6325/EXP/ES/2015,,23.57,28.37,26.99
2026-08-17,,,,,PL/6324/EXP/ES/2015,,23.99,27.99,26.99
2026-08-17,,,,,PL/6323/EXP/ES/2015,,25.39,28.99,28.29
2026-08-17,,,,,PL/6322/EXP/ES/2015,,23.99,29.56,27.00
2026-08-17,,,,,PL/6321/EXP/ES/2015,,23.98,,27.00
2026-08-17,,,,,PL/6320/EXP/ES/2015,,23.79,,26.99
2026-08-17,,,,,PL/632/EXP/ES/2015,,23.99,28.99,27.00
2026-08-17,,,,,PL/6319/EXP/ES/2015,,23.50,27.90,
2026-08-17,,,,,PL/6318/EXP/ES/2015,,23.50,26.98,
2026-08-17,,,,,PL/6317/EXP/ES/2015,,22.95,27.55,25.99
2026-08-17,,,,,PL/6316/EXP/ES/2015,,24.69,29.99,28.69
2026-08-17,,,,,PL/6315/EXP/ES/2015,,23.50,26.98,
2026-08-17,,,,,PL/6314/EXP/ES/2015,,23.99,28.94,27.00
2026-08-17,,,,,PL/6313/EXP/ES/2015,,24.69,29.99,
2026-08-17,,,,,PL/6312/EXP/ES/2015,,24.00,28.29,27.00
2026-08-17,,,,,PL/6311/EXP/ES/2015,,23.50,26.98,
2026-08-17,,,,,PL/6310/EXP/ES/2015,,24.99,29.99,27.99
2026-08-17,,,,,PL/631/EXP/ES/2015,,23.99,29.69,27.00
2026-08-17,,,,,PL/6309/EXP/ES/2015,,23.99,28.88,26.99
2026-08-17,,,,,PL/6308/EXP/ES/2015,,24.39,27.94,
2026-08-17,,,,,PL/6307/EXP/ES/2015,,23.89,27.49,26.99
2026-08-17,,,,,PL/6306/EXP/ES/2015,,23.89,26.50,
2026-08-17,,,,,PL/6305/EXP/ES/2015,,23.43,27.45,25.38
2026-08-17,,,,,PL/6304/EXP/ES/2015,,24.39,27.99,27.00
2026-08-17,,,,,PL/6303/EXP/ES/2015,,23.43,27.45,25.38
2026-08-17,,,,,PL/6302/EXP/ES/2015,,20.09,25.69,25.38
2026-08-17,,,,,PL/6301/EXP/ES/2015,,24.00,28.99,27.00
2026-08-17,,,,,PL/6300/EXP/ES/2015,,23.99,28.95,28.00
2026-08-17,,,,,PL/630/EXP/ES/2015,,23.99,28.79,27.00
2026-08-17,,,,,PL/6299/EXP/ES/2015,,24.00,28.79,27.00
2026-08-17,,,,,PL/6298/EXP/ES/2015,,24.00,28.99,27.00
2026-08-17,,,,,PL/6297/EXP/ES/2015,,24.00,28.89,27.00
2026-08-17,,,,,PL/6296/EXP/ES/2015,,24.00,28.29,27.00
2026-08-17,,,,,PL/6295/EXP/ES/2015,,24.00,28.39,27.00
2026-08-17,,,,,PL/6294/EXP/ES/2015,,23.79,28.99,27.00
2026-08-17,,,,,PL/6293/EXP/ES/2015,,24.00,28.29,27.00
2026-08-17,,,,,PL/6292/EXP/ES/2015,,23.49,28.99,27.00
2026-08-17,,,,,PL/6291/EXP/ES/2015,,23.69,28.99,
2026-08-17,,,,,PL/6290/EXP/ES/2015,,23.85,28.99,
2026-08-17,,,,,PL/629/EXP/ES/2015,,24.19,29.29,27.00
2026-08-17,,,,,PL/6289/EXP/ES/2015,,24.00,28.09,27.00
2026-08-17,,,,,PL/6288/EXP/ES/2015,,24.00,28.29,27.00
2026-08-17,,,,,PL/6287/EXP/ES/2015,,23.69,26.99,26.69
2026-08-17,,,,,PL/6286/EXP/ES/2015,,23.99,27.99,26.99
2026-08-17,,,,,PL/6285/EXP/ES/2015,,23.68,28.29,
2026-08-17,,,,,PL/6284/EXP/ES/2015,,23.99,27.89,27.69
2026-08-17,,,,,PL/6283/EXP/ES/2015,,23.97,27.97,26.97
2026-08-17,,,,,PL/6282/EXP/ES/2015,,21.30,27.59,
2026-08-17,,,,,PL/6281/EXP/ES/2015,,23.99,27.79,
2026-08-17,,,,,PL/6280/EXP/ES/2015,,23.89,28.33,26.99
2026-08-17,,,,,PL/628/EXP/ES/2015,,24.19,29.49,27.00
2026-08-17,,,,,PL/6279/EXP/ES/2015,,23.95,28.96,27.00
2026-08-17,,,,,PL/6278/EXP/ES/2015,,23.99,29.29,
2026-08-17,,,,,PL/6277/EXP/ES/2015,,23.99,28.99,
2026-08-17,,,,,PL/6276/EXP/ES/2015,,24.83,,27.00
2026-08-17,,,,,PL/6275/EXP/ES/2015,,23.99,27.99,27.00
2026-08-17,,,,,PL/6274/EXP/ES/2015,,23.89,28.39,
2026-08-17,,,,,PL/6273/EXP/ES/2015,,23.99,29.79,25.99
2026-08-17,,,,,PL/6272/EXP/ES/2015,,24.59,31.59,27.59
2026-08-17,,,,,PL/6271/EXP/ES/2015,,23.99,28.79,
2026-08-17,,,,,PL/6270/EXP/ES/2015,,23.50,28.45,
2026-08-17,,,,,PL/627/EXP/ES/2015,,23.99,27.99,27.00
2026-08-17,,,,,PL/6269/EXP/ES/2015,,25.24,28.92,28.19
2026-08-17,,,,,PL/626/EXP/ES/2015,,24.19,28.29,27.00
2026-08-17,,,,,PL/625/EXP/ES/2015,,23.78,27.94,27.00
2026-08-17,,,,,PL/624/EXP/ES/2015,,24.49,29.99,
2026-08-17,,,,PETROMAX S.A. DE C.V.,PL/623/EXP/ES/2015,Carretera a Cajititlán No. 200,23.99,29.99,
2026-08-17,,,,,PL/622/EXP/ES/2015,,24.49,29.69,26.99
2026-08-17,,,,,PL/621/EXP/ES/2015,,24.59,29.99,27.99
2026-08-17,,,,,PL/6204/EXP/ES/2015,,23.79,28.99,27.00
2026-08-17,,,,,PL/6203/EXP/ES/2015,,24.00,28.29,27.00
2026-08-17,,,,,PL/6202/EXP/ES/2015,,23.44,28.99,
2026-08-17,,,,,PL/6201/EXP/ES/2015,,23.79,28.99,27.00
2026-08-17,,,,,PL/6200/EXP/ES/2015,,24.00,27.85,27.00
2026-08-17,,,,,PL/620/EXP/ES/2015,,24.49,29.99,
2026-08-17,,,,,PL/6199/EXP/ES/2015,,23.99,28.99,27.00
2026-08-17,,,,,PL/6198/EXP/ES/2015,,23.99,28.99,
2026-08-17,,,,,PL/6197/EXP/ES/2015,,23.99,28.99,27.00
2026-08-17,,,,,PL/6196/EXP/ES/2015,,23.69,27.89,27.00
2026-08-17,,,,,PL/6195/EXP/ES/2015,,22.79,27.89,27.00
2026-08-17,,,,,PL/6194/EXP/ES/2015,,23.69,27.89,27.00
2026-08-17,,,,,PL/6193/EXP/ES/2015,,23.99,28.99,
2026-08-17,,,,,PL/6192/EXP/ES/2015,,23.79,28.49,27.00
2026-08-17,,,,,PL/6191/EXP/ES/2015,,23.99,29.98,27.99
2026-08-17,,,,,PL/6190/EXP/ES/2015,,23.39,28.39,
2026-08-17,,,,,PL/619/EXP/ES/2015,,24.59,29.99,
2026-08-17,,,,,PL/6189/EXP/ES/2015,,23.99,29.99,27.00
2026-08-17,,,,,PL/6188/EXP/ES/2015,,23.79,28.49,27.00
2026-08-17,,,,,PL/6187/EXP/ES/2015,,24.00,28.39,27.00
2026-08-17,,,,,PL/6186/EXP/ES/2015,,23.99,29.99,
2026-08-17,,,,,PL/6185/EXP/ES/2015,,24.00,28.39,27.00
2026-08-17,,,,,PL/6184/EXP/ES/2015,,24.00,28.49,27.00
2026-08-17,,,,,PL/6183/EXP/ES/2015,,22.99,28.69,27.00
2026-08-17,,,,,PL/6182/EXP/ES/2015,,23.68,28.98,
2026-08-17,,,,,PL/6181/EXP/ES/2015,,23.59,28.98,26.99
2026-08-17,,,,,PL/6180/EXP/ES/2015,,23.95,28.49,27.00
2026-08-17,,,,GRUPO OCTANO S.A. DE C.V.,PL/618/EXP/ES/2015,Carretera a Ameca No. 186,23.99,29.99,27.00
2026-08-17,,,,,PL/6179/EXP/ES/2015,,23.59,28.49,27.00
2026-08-17,,,,,PL/6178/EXP/ES/2015,,23.95,28.49,27.00
2026-08-17,,,,,PL/6177/EXP/ES/2015,,23.98,28.99,
2026-08-17,,,,,PL/6176/EXP/ES/2015,,23.99,29.99,27.00
2026-08-17,,,,,PL/6175/EXP/ES/2015,,24.00,28.49,27.00
2026-08-17,,,,,PL/6174/EXP/ES/2015,,23.98,28.99,27.00
2026-08-17,,,,,PL/6173/EXP/ES/2015,,24.89,28.44,27.70
2026-08-17,,,,,PL/6172/EXP/ES/2015,,21.99,24.99,25.39
2026-08-17,,,,,PL/6171/EXP/ES/2015,,21.99,24.99,26.99
2026-08-17,,,,,PL/6170/EXP/ES/2015,,21.99,,26.99
2026-08-17,,,,,PL/617/EXP/ES/2015,,23.99,29.89,
2026-08-17,,,,,PL/6169/EXP/ES/2015,,21.99,,26.99
2026-08-17,,,,,PL/6168/EXP/ES/2015,,23.83,28.17,27.00
2026-08-17,,,,,PL/6167/EXP/ES/2015,,24.39,27.94,
2026-08-17,,,,,PL/6166/EXP/ES/2015,,21.99,24.99,
2026-08-17,,,,,PL/6165/EXP/ES/2015,,24.49,29.79,27.00
2026-08-17,,,,,PL/6164/EXP/ES/2015,,23.99,27.94,
2026-08-17,,,,,PL/6163/EXP/ES/2015,,24.95,29.99,28.39
2026-08-17,,,,,PL/6162/EXP/ES/2015,,23.99,28.69,27.00
2026-08-17,,,,,PL/6161/EXP/ES/2015,,23.99,,26.99
2026-08-17,,,,,PL/6160/EXP/ES/2015,,20.15,,26.99
2026-08-17,,,,,PL/616/EXP/ES/2015,,23.99,29.14,26.99
2026-08-17,,,,,PL/6159/EXP/ES/2015,,24.49,29.99,27.89
2026-08-17,,,,,PL/6158/EXP/ES/2015,,23.09,26.99,27.00
2026-08-17,,,,,PL/6157/EXP/ES/2015,,23.99,29.99,
2026-08-17,,,,,PL/6156/EXP/ES/2015,,20.99,,27.00
2026-08-17,,,,,PL/6155/EXP/ES/2015,,20.99,24.99,27.00
2026-08-17,,,,,PL/6154/EXP/ES/2015,,24.99,29.99,
2026-08-17,,,,,PL/6153/EXP/ES/2015,,24.99,,27.00
2026-08-17,,,,,PL/6152/EXP/ES/2015,,20.99,,
2026-08-17,,,,,PL/6151/EXP/ES/2015,,23.99,28.55,27.00
2026-08-17,,,,,PL/6150/EXP/ES/2015,,23.99,29.99,
2026-08-17,,,,,PL/615/EXP/ES/2015,,23.99,29.99,
2026-08-17,,,,,PL/6149/EXP/ES/2015,,23.99,29.99,27.00
2026-08-17,,,,,PL/6148/EXP/ES/2015,,23.99,29.99,27.00
2026-08-17,,,,,PL/6147/EXP/ES/2015,,23.99,,27.00
2026-08-17,,,,,PL/6146/EXP/ES/2015,,23.74,23.37,26.98
2026-08-17,,,,,PL/6145/EXP/ES/2015,,23.99,29.49,
2026-08-17,,,,,PL/6144/EXP/ES/2015,,23.89,28.89,27.00
2026-08-17,,,,,PL/6143/EXP/ES/2015,,24.00,29.49,27.00
2026-08-17,,,,,PL/6142/EXP/ES/2015,,23.19,28.39,27.00
2026-08-17,,,,,PL/6141/EXP/ES/2015,,24.00,28.19,27.00
2026-08-17,,,,,PL/6140/EXP/ES/2015,,24.00,28.39,27.00
2026-08-17,,,,,PL/614/EXP/ES/2015,,21.29,24.99,
2026-08-17,,,,,PL/6139/EXP/ES/2015,,24.00,28.39,27.00
2026-08-17,,,,,PL/6138/EXP/ES/2015,,24.00,28.09,27.00
2026-08-17,,,,,PL/6137/EXP/ES/2015,,24.00,28.39,27.00
2026-08-17,,,,,PL/6136/EXP/ES/2015,,22.89,26.79,
2026-08-17,,,,,PL/6135/EXP/ES/2015,,24.00,28.09,27.00
2026-08-17,,,,,PL/6134/EXP/ES/2015,,23.75,28.30,27.00
2026-08-17,,,,,PL/6133/EXP/ES/2015,,21.95,27.55,25.39
2026-08-17,,,,,PL/6132/EXP/ES/2015,,24.79,30.49,27.00
2026-08-17,,,,,PL/6131/EXP/ES/2015,,23.99,,27.00
2026-08-17,,,,,PL/6130/EXP/ES/2015,,22.99,28.99,
2026-08-17,,,,,PL/613/EXP/ES/2015,,24.49,29.99,
2026-08-17,,,,,PL/6129/EXP/ES/2015,,23.99,28.79,26.99
2026-08-17,,,,,PL/6127/EXP/ES/2015,,23.75,28.70,27.00
2026-08-17,,,,,PL/6126/EXP/ES/2015,,23.99,28.99,26.99
2026-08-17,,,,,PL/6125/EXP/ES/2015,,18.85,23.65,25.39
2026-08-17,,,,,PL/6124/EXP/ES/2015,,23.91,27.51,27.25
2026-08-17,,,,,PL/6123/EXP/ES/2015,,24.49,29.99,26.99
2026-08-17,,,,,PL/6122/EXP/ES/2015,,23.99,24.90,
2026-08-17,,,,,PL/6121/EXP/ES/2015,,24.49,29.99,26.99
2026-08-17,,,,,PL/6120/EXP/ES/2015,,23.99,28.49,
2026-08-17,,,,,PL/612/EXP/ES/2015,,24.59,29.99,
2026-08-17,,,,,PL/6119/EXP/ES/2015,,23.60,27.30,27.00
2026-08-17,,,,,PL/6118/EXP/ES/2015,,23.69,28.39,26.89
2026-08-17,,,,,PL/6117/EXP/ES/2015,,24.89,28.64,27.70
2026-08-17,,,,,PL/6116/EXP/ES/2015,,23.79,27.49,26.99
2026-08-17,,,,,PL/6115/EXP/ES/2015,,23.99,29.14,27.00
2026-08-17,,,,,PL/6113/EXP/ES/2015,,21.25,24.85,25.39
2026-08-17,,,,,PL/6112/EXP/ES/2015,,,,27.00
2026-08-17,,,,,PL/6111/EXP/ES/2015,,20.99,24.99,27.00
2026-08-17,,,,,PL/6110/EXP/ES/2015,,20.99,24.99,
2026-08-17,,,,,PL/611/EXP/ES/2015,,21.29,24.99,
2026-08-17,,,,,PL/6109/EXP/ES/2015,,20.99,24.99,27.00
2026-08-17,,,,,PL/6108/EXP/ES/2015,,20.99,24.99,
2026-08-17,,,,,PL/6107/EXP/ES/2015,,20.99,24.99,
2026-08-17,,,,,PL/6106/EXP/ES/2015,,20.99,24.99,
2026-08-17,,,,,PL/6105/EXP/ES/2015,,20.99,24.99,27.00
2026-08-17,,,,,PL/6104/EXP/ES/2015,,23.99,28.00,27.00
2026-08-17,,,,,PL/6103/EXP/ES/2015,,23.99,28.99,27.00
2026-08-17,,,,,PL/6102/EXP/ES/2015,,23.99,28.29,
2026-08-17,,,,,PL/6101/EXP/ES/2015,,22.89,27.99,
2026-08-17,,,,,PL/6100/EXP/ES/2015,,19.99,23.09,25.38
2026-08-17,,,,,PL/610/EXP/ES/2015,,19.99,24.99,
2026-08-17,,,,,PL/6099/EXP/ES/2015,,23.99,28.59,27.00
2026-08-17,,,,,PL/6098/EXP/ES/2015,,24.69,29.99,28.69
2026-08-17,,,,,PL/6097/EXP/ES/2015,,23.99,27.99,27.00
2026-08-17,,,,,PL/6096/EXP/ES/2015,,23.99,,27.00
2026-08-17,,,,,PL/6094/EXP/ES/2015,,23.99,29.49,26.99
2026-08-17,,,,,PL/6093/EXP/ES/2015,,23.99,29.49,26.99
2026-08-17,,,,,PL/6092/EXP/ES/2015,,23.58,28.48,26.39
2026-08-17,,,,,PL/6091/EXP/ES/2015,,21.95,27.55,
2026-08-17,,,,,PL/6090/EXP/ES/2015,,24.69,28.14,27.49
2026-08-17,,,,,PL/609/EXP/ES/2015,,24.49,29.99,
2026-08-17,,,,,PL/6089/EXP/ES/2015,,23.99,29.47,27.00
2026-08-17,,,,,PL/6088/EXP/ES/2015,,23.88,27.78,
2026-08-17,,,,,PL/6087/EXP/ES/2015,,24.89,28.44,27.70
2026-08-17,,,,,PL/6086/EXP/ES/2015,,23.84,28.87,27.00
2026-08-17,,,,,PL/6085/EXP/ES/2015,,23.38,28.00,27.65
2026-08-17,,,,,PL/6084/EXP/ES/2015,,23.80,28.87,27.00
2026-08-17,,,,,PL/6083/EXP/ES/2015,,19.99,24.00,25.50
2026-08-17,,,,,PL/6082/EXP/ES/2015,,23.89,28.49,27.00
2026-08-17,,,,,PL/6081/EXP/ES/2015,,23.79,28.39,
2026-08-17,,,,,PL/6080/EXP/ES/2015,,23.89,28.99,26.99
2026-08-17,,,,,PL/608/EXP/ES/2015,,24.49,29.99,
2026-08-17,,,,,PL/6078/EXP/ES/2015,,23.99,28.89,27.49
2026-08-17,,,,,PL/6077/EXP/ES/2015,,19.99,24.00,25.50
2026-08-17,,,,,PL/6076/EXP/ES/2015,,23.99,29.49,26.99
2026-08-17,,,,,PL/6075/EXP/ES/2015,,24.00,28.49,27.09
2026-08-17,,,,,PL/6074/EXP/ES/2015,,23.59,28.99,
2026-08-17,,,,,PL/6072/EXP/ES/2015,,21.27,26.99,
2026-08-17,,,,,PL/6071/EXP/ES/2015,,24.00,28.49,27.09
2026-08-17,,,,,PL/6070/EXP/ES/2015,,23.49,28.49,25.39
2026-08-17,,,,,PL/607/EXP/ES/2015,,21.29,24.99,
2026-08-17,,,,,PL/6069/EXP/ES/2015,,23.99,28.19,26.99
2026-08-17,,,,,PL/6068/EXP/ES/2015,,23.99,29.49,
2026-08-17,,,,,PL/6067/EXP/ES/2015,,23.99,28.99,
2026-08-17,,,,,PL/6066/EXP/ES/2015,,24.00,,
2026-08-17,,,,,PL/6065/EXP/ES/2015,,24.00,29.70,27.00
2026-08-17,,,,,PL/6064/EXP/ES/2015,,23.59,27.29,26.49
2026-08-17,,,,,PL/6063/EXP/ES/2015,,23.95,27.79,
2026-08-17,,,,,PL/6062/EXP/ES/2015,,23.95,27.91,27.00
2026-08-17,,,,,PL/6060/EXP/ES/2015,,23.99,28.80,
2026-08-17,,,,,PL/606/EXP/ES/2015,,24.49,29.99,
2026-08-17,,,,,PL/6059/EXP/ES/2015,,23.99,29.25,
2026-08-17,,,,,PL/6058/EXP/ES/2015,,24.39,27.94,27.00
2026-08-17,,,,,PL/6057/EXP/ES/2015,,23.99,28.99,26.89
2026-08-17,,,,,PL/6056/EXP/ES/2015,,23.99,28.60,26.99
2026-08-17,,,,,PL/6055/EXP/ES/2015,,23.69,27.49,
2026-08-17,,,,,PL/6054/EXP/ES/2015,,23.99,29.99,27.00
2026-08-17,,,,,PL/6053/EXP/ES/2015,,23.99,28.39,27.00
2026-08-17,,,,,PL/6052/EXP/ES/2015,,23.99,28.39,27.00
2026-08-17,,,,,PL/6051/EXP/ES/2015,,23.99,27.79,27.00
2026-08-17,,,,,PL/6050/EXP/ES/2015,,24.00,28.39,27.00
2026-08-17,,,,,PL/605/EXP/ES/2015,,22.99,29.29,
2026-08-17,,,,,PL/6049/EXP/ES/2015,,22.79,29.19,26.99
2026-08-17,,,,,PL/6048/EXP/ES/2015,,23.79,28.89,
2026-08-17,,,,,PL/6047/EXP/ES/2015,,23.99,28.99,26.99
2026-08-17,,,,,PL/6046/EXP/ES/2015,,23.76,29.36,26.99
2026-08-17,,,,,PL/6045/EXP/ES/2015,,23.79,28.99,26.99
2026-08-17,,,,,PL/6044/EXP/ES/2015,,23.99,28.09,27.00
2026-08-17,,,,,PL/6043/EXP/ES/2015,,23.99,29.69,27.00
2026-08-17,,,,,PL/6042/EXP/ES/2015,,,27.99,
2026-08-17,,,,,PL/6041/EXP/ES/2015,,23.99,29.19,
2026-08-17,,,,,PL/6040/EXP/ES/2015,,23.99,28.89,26.99
2026-08-17,,,,,PL/604/EXP/ES/2015,,24.49,29.99,26.99
2026-08-17,,,,,PL/6039/EXP/ES/2015,,23.97,27.99,26.98
2026-08-17,,,,,PL/6038/EXP/ES/2015,,24.39,27.94,
2026-08-17,,,,,PL/6037/EXP/ES/2015,,23.99,29.69,27.00
2026-08-17,,,,,PL/6036/EXP/ES/2015,,23.16,24.00,26.96
2026-08-17,,,,,PL/6035/EXP/ES/2015,,23.99,29.14,
2026-08-17,,,,,PL/6034/EXP/ES/2015,,23.99,29.99,
2026-08-17,,,,,PL/6033/EXP/ES/2015,,24.00,29.30,27.00
2026-08-17,,,,,PL/6032/EXP/ES/2015,,23.99,29.85,
2026-08-17,,,,,PL/6031/EXP/ES/2015,,23.61,27.08,
2026-08-17,,,,,PL/6030/EXP/ES/2015,,23.99,29.59,27.00
2026-08-17,,,,,PL/603/EXP/ES/2015,,24.49,29.99,
2026-08-17,,,,,PL/6029/EXP/ES/2015,,23.69,28.75,
2026-08-17,,,,,PL/6028/EXP/ES/2015,,23.99,28.99,27.00
2026-08-17,,,,,PL/6027/EXP/ES/2015,,23.75,28.50,27.00
2026-08-17,,,,,PL/6026/EXP/ES/2015,,24.99,29.99,28.69
2026-08-17,,,,,PL/6025/EXP/ES/2015,,23.88,28.99,
2026-08-17,,,,,PL/6024/EXP/ES/2015,,23.89,29.29,
2026-08-17,,,,,PL/6023/EXP/ES/2015,,23.18,28.99,26.99
2026-08-17,,,,,PL/6022/EXP/ES/2015,,23.99,29.69,27.00
2026-08-17,,,,,PL/6021/EXP/ES/2015,,23.99,29.59,26.99
2026-08-17,,,,,PL/6020/EXP/ES/2015,,24.99,28.99,
2026-08-17,,,,,PL/602/EXP/ES/2015,,24.49,29.99,
2026-08-17,,,,,PL/6019/EXP/ES/2015,,24.99,28.99,28.50
2026-08-17,,,,,PL/6018/EXP/ES/2015,,23.99,28.99,26.99
2026-08-17,,,,,PL/6017/EXP/ES/2015,,23.95,28.95,27.00
2026-08-17,,,,,PL/6016/EXP/ES/2015,,23.89,27.99,26.99
2026-08-17,,,,,PL/6015/EXP/ES/2015,,23.99,28.89,27.00
2026-08-17,,,,,PL/6014/EXP/ES/2015,,23.99,29.45,26.99
2026-08-17,,,,,PL/6013/EXP/ES/2015,,23.91,27.39,27.00
2026-08-17,,,,,PL/6012/EXP/ES/2015,,23.99,29.59,27.00
2026-08-17,,,,,PL/6011/EXP/ES/2015,,23.99,28.69,27.00
2026-08-17,,,,,PL/6010/EXP/ES/2015,,23.99,29.59,27.00
2026-08-17,,,,,PL/601/EXP/ES/2015,,22.59,27.99,26.99
2026-08-17,,,,,PL/6009/EXP/ES/2015,,23.99,28.99,27.00
2026-08-17,,,,,PL/6008/EXP/ES/2015,,23.23,26.90,26.99
2026-08-17,,,,,PL/6007/EXP/ES/2015,,23.99,29.59,
2026-08-17,,,,,PL/6006/EXP/ES/2015,,23.99,28.80,27.00
2026-08-17,,,,,PL/6005/EXP/ES/2015,,23.99,29.59,27.00
2026-08-17,,,,,PL/6004/EXP/ES/2015,,24.48,29.99,27.00
2026-08-17,,,,,PL/6003/EXP/ES/2015,,23.99,29.59,27.00
2026-08-17,,,,,PL/6002/EXP/ES/2015,,23.99,29.69,
2026-08-17,,,,,PL/6001/EXP/ES/2015,,23.99,28.29,27.00
2026-08-17,,,,,PL/6000/EXP/ES/2015,,23.99,27.95,27.00
2026-08-17,,,,,PL/600/EXP/ES/2015,,24.49,29.99,
2026-08-17,,,,,PL/5999/EXP/ES/2015,,23.99,,27.00
2026-08-17,,,,,PL/5998/EXP/ES/2015,,24.48,29.99,27.00
2026-08-17,,,,,PL/5996/EXP/ES/2015,,23.99,28.29,27.00
2026-08-17,,,,,PL/5995/EXP/ES/2015,,23.99,28.09,27.00
2026-08-17,,,,,PL/5994/EXP/ES/2015,,23.99,26.59,26.19
2026-08-17,,,,,PL/5993/EXP/ES/2015,,23.99,28.54,26.99
2026-08-17,,,,,PL/5992/EXP/ES/2015,,23.99,28.79,26.99
2026-08-17,,,,,PL/5991/EXP/ES/2015,,23.31,28.89,
2026-08-17,,,,,PL/5990/EXP/ES/2015,,23.99,29.99,27.00
2026-08-17,,,,,PL/599/EXP/ES/2015,,24.49,29.99,
2026-08-17,,,,,PL/5989/EXP/ES/2015,,23.99,29.29,26.99
2026-08-17,,,,,PL/5988/EXP/ES/2015,,23.99,29.39,26.99
2026-08-17,,,,,PL/5987/EXP/ES/2015,,23.85,28.30,26.99
2026-08-17,,,,,PL/5986/EXP/ES/2015,,23.70,27.60,26.85
2026-08-17,,,,,PL/5985/EXP/ES/2015,,22.65,28.65,27.00
2026-08-17,,,,,PL/5984/EXP/ES/2015,,23.99,29.97,
2026-08-17,,,,,PL/5983/EXP/ES/2015,,23.99,,27.00
2026-08-17,,,,,PL/5982/EXP/ES/2015,,23.99,,27.00
2026-08-17,,,,,PL/5981/EXP/ES/2015,,23.99,29.69,27.00
2026-08-17,,,,,PL/5980/EXP/ES/2015,,23.89,28.80,26.99
2026-08-17,,,,,PL/598/EXP/ES/2015,,24.49,29.99,26.99
2026-08-17,,,,,PL/5979/EXP/ES/2015,,23.89,28.88,26.79
2026-08-17,,,,,PL/5978/EXP/ES/2015,,22.85,28.45,
2026-08-17,,,,,PL/5977/EXP/ES/2015,,24.00,28.95,27.00
2026-08-17,,,,,PL/5976/EXP/ES/2015,,23.95,27.95,27.00
2026-08-17,,,,,PL/5975/EXP/ES/2015,,23.99,27.89,
2026-08-17,,,,,PL/5974/EXP/ES/2015,,23.49,26.99,26.99
2026-08-17,,,,,PL/5973/EXP/ES/2015,,24.89,28.39,
2026-08-17,,,,,PL/5972/EXP/ES/2015,,24.00,28.55,27.00
2026-08-17,,,,,PL/5971/EXP/ES/2015,,23.99,28.29,26.99
2026-08-17,,,,,PL/5970/EXP/ES/2015,,24.00,29.81,27.51
2026-08-17,,,,,PL/597/EXP/ES/2015,,24.49,29.99,
2026-08-17,,,,,PL/5969/EXP/ES/2015,,24.89,28.58,27.70
2026-08-17,,,,,PL/5968/EXP/ES/2015,,23.99,28.99,26.99
2026-08-17,,,,,PL/5967/EXP/ES/2015,,23.99,29.19,
2026-08-17,,,,,PL/5966/EXP/ES/2015,,24.00,28.75,27.00
2026-08-17,,,,,PL/5965/EXP/ES/2015,,,28.50,27.00
2026-08-17,,,,,PL/5964/EXP/ES/2015,,23.55,28.29,26.99
2026-08-17,,,,,PL/5963/EXP/ES/2015,,24.68,30.31,27.99
2026-08-17,,,,,PL/5962/EXP/ES/2015,,23.49,27.99,
2026-08-17,,,,,PL/5961/EXP/ES/2015,,23.98,29.49,26.98
2026-08-17,,,,,PL/5960/EXP/ES/2015,,23.04,26.10,27.00
2026-08-17,,,,,PL/596/EXP/ES/2015,,24.49,29.99,
2026-08-17,,,,,PL/5959/EXP/ES/2015,,23.81,27.85,27.00
2026-08-17,,,,,PL/5958/EXP/ES/2015,,24.69,28.14,27.49
2026-08-17,,,,,PL/5957/EXP/ES/2015,,23.79,28.49,
2026-08-17,,,,,PL/5956/EXP/ES/2015,,23.70,27.80,26.90
2026-08-17,,,,,PL/5954/EXP/ES/2015,,23.39,27.69,
2026-08-17,,,,,PL/5953/EXP/ES/2015,,23.99,28.29,26.99
2026-08-17,,,,,PL/5952/EXP/ES/2015,,23.99,28.89,26.99
2026-08-17,,,,,PL/5951/EXP/ES/2015,,23.69,27.95,26.99
2026-08-17,,,,,PL/5950/EXP/ES/2015,,24.00,25.44,26.69
2026-08-17,,,,,PL/595/EXP/ES/2015,,24.49,29.99,
2026-08-17,,,,,PL/5949/EXP/ES/2015,,24.90,29.62,27.00
2026-08-17,,,,,PL/5948/EXP/ES/2015,,24.29,29.85,28.68
2026-08-17,,,,,PL/5947/EXP/ES/2015,,24.00,28.80,27.00
2026-08-17,,,,,PL/5946/EXP/ES/2015,,23.50,27.70,26.90
2026-08-17,,,,,PL/5945/EXP/ES/2015,,26.39,,
2026-08-17,,,,,PL/5944/EXP/ES/2015,,23.99,28.20,27.40
2026-08-17,,,,,PL/5943/EXP/ES/2015,,23.99,,26.99
2026-08-17,,,,,PL/5942/EXP/ES/2015,,24.39,27.99,27.00
2026-08-17,,,,,PL/5941/EXP/ES/2015,,24.00,29.82,27.52
2026-08-17,,,,,PL/5940/EXP/ES/2015,,23.99,28.90,27.00
2026-08-17,,,,,PL/594/EXP/ES/2015,,24.49,29.99,27.99
2026-08-17,,,,,PL/5939/EXP/ES/2015,,24.00,27.80,26.99
2026-08-17,,,,,PL/5938/EXP/ES/2015,,23.99,28.90,27.00
2026-08-17,,,,,PL/5937/EXP/ES/2015,,25.09,27.99,
2026-08-17,,,,,PL/5936/EXP/ES/2015,,24.99,29.99,28.69
2026-08-17,,,,,PL/5935/EXP/ES/2015,,23.99,28.90,27.00
2026-08-17,,,,,PL/5934/EXP/ES/2015,,24.39,27.99,27.00
2026-08-17,,,,,PL/5933/EXP/ES/2015,,23.18,26.54,
2026-08-17,,,,,PL/5932/EXP/ES/2015,,23.99,28.90,27.00
2026-08-17,,,,,PL/5931/EXP/ES/2015,,23.99,30.50,
2026-08-17,,,,,PL/5930/EXP/ES/2015,,22.97,27.30,26.90
2026-08-17,,,,,PL/593/EXP/ES/2015,,20.99,24.99,
2026-08-17,,,,,PL/5928/EXP/ES/2015,,24.39,27.99,27.00
2026-08-17,,,,,PL/5927/EXP/ES/2015,,23.26,27.50,26.72
2026-08-17,,,,,PL/5926/EXP/ES/2015,,23.89,27.99,26.99
2026-08-17,,,,,PL/5925/EXP/ES/2015,,24.89,28.44,27.70
2026-08-17,,,,,PL/5924/EXP/ES/2015,,23.99,29.19,27.00
2026-08-17,,,,,PL/5923/EXP/ES/2015,,24.39,27.94,
2026-08-17,,,,,PL/5922/EXP/ES/2015,,23.99,28.90,27.00
2026-08-17,,,,,PL/5921/EXP/ES/2015,,23.99,28.90,27.00
2026-08-17,,,,,PL/5920/EXP/ES/2015,,23.99,29.48,26.99
2026-08-17,,,,,PL/592/EXP/ES/2015,,21.29,24.99,
2026-08-17,,,,,PL/5918/EXP/ES/2015,,23.99,,26.99
2026-08-17,,,,,PL/5917/EXP/ES/2015,,23.89,28.99,27.00
2026-08-17,,,,,PL/5915/EXP/ES/2015,,24.99,,
2026-08-17,,,,,PL/5914/EXP/ES/2015,,24.49,,27.39
2026-08-17,,,,,PL/5913/EXP/ES/2015,,24.29,,27.39
2026-08-17,,,,,PL/5912/EXP/ES/2015,,23.99,29.19,27.00
2026-08-17,,,,,PL/5911/EXP/ES/2015,,24.49,29.99,27.00
2026-08-17,,,,,PL/5910/EXP/ES/2015,,23.99,29.99,
2026-08-17,,,,,PL/591/EXP/ES/2015,,21.29,24.99,
2026-08-17,,,,,PL/5909/EXP/ES/2015,,23.99,29.09,27.00
2026-08-17,,,,,PL/5908/EXP/ES/2015,,23.99,29.29,26.99
2026-08-17,,,,,PL/5907/EXP/ES/2015,,23.49,28.44,26.47
2026-08-17,,,,,PL/5906/EXP/ES/2015,,24.00,,26.65
2026-08-17,,,,,PL/5905/EXP/ES/2015,,23.99,27.99,27.99
2026-08-17,,,,,PL/5904/EXP/ES/2015,,23.99,29.58,
2026-08-17,,,,,PL/5903/EXP/ES/2015,,22.89,27.32,25.39
2026-08-17,,,,,PL/5902/EXP/ES/2015,,23.98,29.88,
2026-08-17,,,,,PL/5901/EXP/ES/2015,,24.39,27.94,27.00
2026-08-17,,,,,PL/5900/EXP/ES/2015,,24.49,29.89,27.49
2026-08-17,,,,,PL/590/EXP/ES/2015,,24.49,29.99,26.99
2026-08-17,,,,,PL/5899/EXP/ES/2015,,23.99,29.49,26.99
2026-08-17,,,,,PL/5898/EXP/ES/2015,,26.49,28.97,27.00
2026-08-17,,,,,PL/5897/EXP/ES/2015,,23.99,29.10,27.00
2026-08-17,,,,,PL/5896/EXP/ES/2015,,23.98,29.03,
2026-08-17,,,,,PL/5895/EXP/ES/2015,,23.45,26.83,26.61
2026-08-17,,,,,PL/5894/EXP/ES/2015,,23.99,28.99,27.00
2026-08-17,,,,,PL/5893/EXP/ES/2015,,23.98,29.88,
2026-08-17,,,,,PL/5892/EXP/ES/2015,,23.99,28.19,27.00
2026-08-17,,,,,PL/5891/EXP/ES/2015,,23.99,28.90,27.00
2026-08-17,,,,,PL/5890/EXP/ES/2015,,23.78,27.76,27.00
2026-08-17,,,,,PL/589/EXP/ES/2015,,24.49,29.99,26.99
2026-08-17,,,,,PL/5889/EXP/ES/2015,,23.98,28.86,27.00
2026-08-17,,,,,PL/5888/EXP/ES/2015,,23.99,27.35,
2026-08-17,,,,,PL/5887/EXP/ES/2015,,23.17,27.57,
2026-08-17,,,,,PL/5886/EXP/ES/2015,,23.99,27.94,
2026-08-17,,,,,PL/5885/EXP/ES/2015,,23.99,29.71,26.99
2026-08-17,,,,,PL/5884/EXP/ES/2015,,23.99,29.69,
2026-08-17,,,,,PL/5883/EXP/ES/2015,,23.99,29.79,
2026-08-17,,,,,PL/5882/EXP/ES/2015,,22.99,28.99,26.89
2026-08-17,,,,,PL/5881/EXP/ES/2015,,23.99,28.69,
2026-08-17,,,,,PL/5880/EXP/ES/2015,,23.98,29.19,26.99
2026-08-17,,,,,PL/588/EXP/ES/2015,,24.49,29.99,26.99
2026-08-17,,,,,PL/5879/EXP/ES/2015,,23.99,29.29,27.00
2026-08-17,,,,,PL/5878/EXP/ES/2015,,24.49,29.49,27.00
2026-08-17,,,,,PL/5877/EXP/ES/2015,,23.99,,27.00
2026-08-17,,,,,PL/5876/EXP/ES/2015,,23.99,29.99,27.00
2026-08-17,,,,,PL/5875/EXP/ES/2015,,23.99,29.38,27.00
2026-08-17,,,,,PL/5874/EXP/ES/2015,,23.99,28.80,27.00
2026-08-17,,,,,PL/5873/EXP/ES/2015,,23.99,29.19,26.99
2026-08-17,,,,,PL/5872/EXP/ES/2015,,23.99,28.80,27.00
2026-08-17,,,,,PL/5871/EXP/ES/2015,,22.59,27.99,
2026-08-17,,,,,PL/5870/EXP/ES/2015,,23.99,28.80,27.00
2026-08-17,,,,,PL/587/EXP/ES/2015,,24.49,29.99,
2026-08-17,,,,,PL/5869/EXP/ES/2015,,24.78,30.48,28.27
2026-08-17,,,,,PL/5868/EXP/ES/2015,,23.99,28.89,27.00
2026-08-17,,,,,PL/5867/EXP/ES/2015,,24.39,27.94,27.00
2026-08-17,,,,,PL/5866/EXP/ES/2015,,23.85,28.20,26.90
2026-08-17,,,,,PL/5865/EXP/ES/2015,,22.75,27.35,27.55
2026-08-17,,,,,PL/5863/EXP/ES/2015,,24.89,28.39,27.70
2026-08-17,,,,,PL/5862/EXP/ES/2015,,25.00,,28.96
2026-08-17,,,,,PL/5860/EXP/ES/2015,,22.69,28.99,
2026-08-17,,,,,PL/586/EXP/ES/2015,,24.49,29.99,
2026-08-17,,,,,PL/5859/EXP/ES/2015,,23.99,28.99,
2026-08-17,,,,,PL/5858/EXP/ES/2015,,23.94,28.59,26.99
2026-08-17,,,,,PL/5857/EXP/ES/2015,,23.99,29.49,26.99
2026-08-17,,,,,PL/5856/EXP/ES/2015,,23.99,29.49,26.99
2026-08-17,,,,,PL/5855/EXP/ES/2015,,23.60,29.45,26.99
2026-08-17,,,,GASOLINERA EL ZAPOTE S.A. DE C.V.,PL/5854/EXP/ES/2015,Km 17 de La Carretera Guadalajara-Chapala,23.99,29.45,26.99
2026-08-17,,,,,PL/5853/EXP/ES/2015,,23.80,28.18,27.00
2026-08-17,,,,,PL/5852/EXP/ES/2015,,19.19,,
2026-08-17,,,,,PL/5851/EXP/ES/2015,,19.19,23.29,
2026-08-17,,,,,PL/5850/EXP/ES/2015,,19.19,,
2026-08-17,,,,,PL/585/EXP/ES/2015,,20.99,24.99,
2026-08-17,,,,,PL/5849/EXP/ES/2015,,19.19,,
2026-08-17,,,,,PL/5848/EXP/ES/2015,,23.86,27.45,27.00
2026-08-17,,,,,PL/5847/EXP/ES/2015,,23.37,28.37,26.99
2026-08-17,,,,,PL/5846/EXP/ES/2015,,23.99,29.48,27.00
2026-08-17,,,,,PL/5845/EXP/ES/2015,,23.99,,
2026-08-17,,,,,PL/5844/EXP/ES/2015,,24.48,29.65,
2026-08-17,,,,,PL/5843/EXP/ES/2015,,23.65,27.90,27.00
2026-08-17,,,,,PL/5842/EXP/ES/2015,,23.52,28.11,26.99
2026-08-17,,,,,PL/5841/EXP/ES/2015,,23.99,29.20,27.90
2026-08-17,,,,,PL/5840/EXP/ES/2015,,23.99,29.99,27.99
2026-08-17,,,,,PL/584/EXP/ES/2015,,22.99,27.99,26.99
2026-08-17,,,,,PL/5839/EXP/ES/2015,,23.99,28.49,26.99
2026-08-17,,,,,PL/5838/EXP/ES/2015,,22.99,27.95,
2026-08-17,,,,,PL/5837/EXP/ES/2015,,23.60,28.28,26.89
2026-08-17,,,,,PL/5835/EXP/ES/2015,,23.99,,27.00
2026-08-17,,,,,PL/5834/EXP/ES/2015,,22.59,26.83,
2026-08-17,,,,,PL/5833/EXP/ES/2015,,23.99,27.39,27.00
2026-08-17,,,,,PL/5832/EXP/ES/2015,,23.55,29.49,26.98
2026-08-17,,,,,PL/5831/EXP/ES/2015,,22.64,28.99,
2026-08-17,,,,,PL/5830/EXP/ES/2015,,23.49,28.79,26.99
2026-08-17,,,,,PL/583/EXP/ES/2015,,20.99,,26.99
2026-08-17,,,,,PL/5829/EXP/ES/2015,,23.79,28.85,26.99
2026-08-17,,,,,PL/5828/EXP/ES/2015,,23.99,29.09,26.99
2026-08-17,,,,,PL/5827/EXP/ES/2015,,23.99,29.98,27.00
2026-08-17,,,,,PL/5826/EXP/ES/2015,,22.89,28.79,
2026-08-17,,,,,PL/5825/EXP/ES/2015,,23.99,29.09,26.99
2026-08-17,,,,,PL/5824/EXP/ES/2015,,24.29,28.09,27.00
2026-08-17,,,,,PL/5823/EXP/ES/2015,,25.27,31.16,26.99
2026-08-17,,,,,PL/5822/EXP/ES/2015,,23.99,26.68,27.00
2026-08-17,,,,,PL/5821/EXP/ES/2015,,19.19,,
2026-08-17,,,,,PL/5820/EXP/ES/2015,,23.99,29.59,26.99
2026-08-17,,,,,PL/5819/EXP/ES/2015,,23.79,28.99,
2026-08-17,,,,,PL/5818/EXP/ES/2015,,23.59,29.29,26.99
2026-08-17,,,,,PL/5817/EXP/ES/2015,,23.99,28.59,27.00
2026-08-17,,,,,PL/5816/EXP/ES/2015,,23.29,28.39,26.79
2026-08-17,,,,,PL/5815/EXP/ES/2015,,23.97,28.37,26.99
2026-08-17,,,,,PL/5814/EXP/ES/2015,,23.99,28.49,26.99
2026-08-17,,,,,PL/5813/EXP/ES/2015,,23.59,28.29,26.59
2026-08-17,,,,,PL/5812/EXP/ES/2015,,23.97,28.37,
2026-08-17,,,,,PL/5810/EXP/ES/2015,,22.66,28.39,
2026-08-17,,,,,PL/581/EXP/ES/2015,,24.59,29.99,
2026-08-17,,,,,PL/5809/EXP/ES/2015,,19.19,,
2026-08-17,,,,,PL/5808/EXP/ES/2015,,23.99,28.65,27.00
2026-08-17,,,,,PL/5807/EXP/ES/2015,,23.99,29.99,27.00
2026-08-17,,,,,PL/5806/EXP/ES/2015,,19.19,23.29,
2026-08-17,,,,,PL/5805/EXP/ES/2015,,23.99,29.49,27.00
2026-08-17,,,,,PL/5804/EXP/ES/2015,,23.99,,26.99
2026-08-17,,,,,PL/5803/EXP/ES/2015,,22.99,26.99,
2026-08-17,,,,,PL/5802/EXP/ES/2015,,23.85,28.50,27.00
2026-08-17,,,,,PL/5800/EXP/ES/2015,,24.00,28.79,27.00
2026-08-17,,,,,PL/580/EXP/ES/2015,,21.29,24.99,
2026-08-17,,,,,PL/5799/EXP/ES/2015,,23.99,28.89,26.99
2026-08-17,,,,,PL/5798/EXP/ES/2015,,20.99,24.99,
2026-08-17,,,,,PL/5797/EXP/ES/2015,,23.78,27.85,26.65
2026-08-17,,,,,PL/5796/EXP/ES/2015,,23.99,29.20,27.00
2026-08-17,,,,,PL/5795/EXP/ES/2015,,22.89,26.85,26.45
2026-08-17,,,,,PL/5794/EXP/ES/2015,,23.99,,26.99
2026-08-17,,,,,PL/5793/EXP/ES/2015,,22.89,27.50,
2026-08-17,,,,,PL/5792/EXP/ES/2015,,23.39,26.95,26.80
2026-08-17,,,,,PL/5791/EXP/ES/2015,,19.19,23.29,
2026-08-17,,,,,PL/5790/EXP/ES/2015,,23.99,28.25,27.00
2026-08-17,,,,,PL/579/EXP/ES/2015,,24.49,29.99,
2026-08-17,,,,,PL/5789/EXP/ES/2015,,23.99,29.09,27.00
2026-08-17,,,,,PL/5788/EXP/ES/2015,,22.96,26.85,26.69
2026-08-17,,,,,PL/5787/EXP/ES/2015,,23.99,29.00,27.00
2026-08-17,,,,,PL/5786/EXP/ES/2015,,23.99,27.99,26.99
2026-08-17,,,,,PL/5785/EXP/ES/2015,,23.99,29.19,
2026-08-17,,,,,PL/5784/EXP/ES/2015,,24.99,29.99,
2026-08-17,,,,,PL/5783/EXP/ES/2015,,23.99,27.99,26.99
2026-08-17,,,,,PL/5782/EXP/ES/2015,,23.99,29.09,27.00
2026-08-17,,,,,PL/5781/EXP/ES/2015,,23.99,27.95,26.99
2026-08-17,,,,,PL/5780/EXP/ES/2015,,23.99,29.14,27.00
2026-08-17,,,,,PL/578/EXP/ES/2015,,24.49,29.99,26.99
2026-08-17,,,,,PL/5779/EXP/ES/2015,,23.99,28.20,27.40
2026-08-17,,,,,PL/5778/EXP/ES/2015,,23.99,29.49,27.00
2026-08-17,,,,,PL/5777/EXP/ES/2015,,23.77,27.99,26.99
2026-08-17,,,,,PL/5776/EXP/ES/2015,,23.95,29.10,26.99
2026-08-17,,,,,PL/5775/EXP/ES/2015,,24.00,28.89,27.30
2026-08-17,,,,,PL/5774/EXP/ES/2015,,23.77,28.00,26.97
2026-08-17,,,,,PL/5773/EXP/ES/2015,,23.55,27.99,26.99
2026-08-17,,,,,PL/5772/EXP/ES/2015,,23.70,28.39,27.00
2026-08-17,,,,,PL/5771/EXP/ES/2015,,23.99,,
2026-08-17,,,,,PL/5770/EXP/ES/2015,,23.80,27.60,27.00
2026-08-17,,,,,PL/577/EXP/ES/2015,,24.49,29.69,
2026-08-17,,,,,PL/5769/EXP/ES/2015,,24.45,,28.40
2026-08-17,,,,,PL/5768/EXP/ES/2015,,24.40,29.30,28.40
2026-08-17,,,,,PL/5767/EXP/ES/2015,,23.90,28.99,
2026-08-17,,,,,PL/5766/EXP/ES/2015,,24.00,28.99,
2026-08-17,,,,,PL/5765/EXP/ES/2015,,23.99,27.99,26.99
2026-08-17,,,,,PL/5764/EXP/ES/2015,,22.99,27.99,
2026-08-17,,,,,PL/5763/EXP/ES/2015,,23.99,27.99,26.99
2026-08-17,,,,,PL/5762/EXP/ES/2015,,24.00,29.10,27.40
2026-08-17,,,,,PL/5761/EXP/ES/2015,,22.79,27.59,26.49
2026-08-17,,,,,PL/5760/EXP/ES/2015,,24.00,29.50,27.90
2026-08-17,,,,,PL/576/EXP/ES/2015,,21.29,24.99,
2026-08-17,,,,,PL/5759/EXP/ES/2015,,23.99,,
2026-08-17,,,,,PL/5758/EXP/ES/2015,,23.79,28.29,
2026-08-17,,,,,PL/5757/EXP/ES/2015,,23.99,28.98,27.49
2026-08-17,,,,,PL/5756/EXP/ES/2015,,23.30,28.10,26.99
2026-08-17,,,,,PL/5755/EXP/ES/2015,,20.09,25.89,
2026-08-17,,,,,PL/5754/EXP/ES/2015,,22.85,27.99,26.39
2026-08-17,,,,,PL/5753/EXP/ES/2015,,23.98,29.88,27.00
2026-08-17,,,,,PL/5752/EXP/ES/2015,,23.99,27.95,27.00
2026-08-17,,,,,PL/5751/EXP/ES/2015,,23.69,,26.99
2026-08-17,,,,,PL/5750/EXP/ES/2015,,22.99,27.55,25.39
2026-08-17,,,,,PL/575/EXP/ES/2015,,21.99,24.99,26.99
2026-08-17,,,,,PL/5749/EXP/ES/2015,,23.98,29.88,27.00
2026-08-17,,,,,PL/5748/EXP/ES/2015,,23.88,28.79,27.00
2026-08-17,,,,,PL/5747/EXP/ES/2015,,23.99,28.59,26.99
2026-08-17,,,,,PL/5746/EXP/ES/2015,,23.90,28.39,26.99
2026-08-17,,,,,PL/5745/EXP/ES/2015,,23.90,29.09,27.00
2026-08-17,,,,,PL/5744/EXP/ES/2015,,23.24,28.61,26.85
2026-08-17,,,,,PL/5743/EXP/ES/2015,,23.99,27.70,
2026-08-17,,,,,PL/5742/EXP/ES/2015,,23.90,28.39,26.99
2026-08-17,,,,,PL/5741/EXP/ES/2015,,24.61,29.00,27.00
2026-08-17,,,,,PL/5740/EXP/ES/2015,,23.89,28.99,26.99
2026-08-17,,,,,PL/574/EXP/ES/2015,,23.99,29.99,27.99
2026-08-17,,,,,PL/5738/EXP/ES/2015,,23.99,28.39,27.00
2026-08-17,,,,,PL/5737/EXP/ES/2015,,23.99,29.99,
2026-08-17,,,,,PL/5736/EXP/ES/2015,,23.80,25.50,26.65
2026-08-17,,,,,PL/5735/EXP/ES/2015,,23.77,27.99,26.99
2026-08-17,,,,,PL/5734/EXP/ES/2015,,22.89,,26.78
2026-08-17,,,,,PL/5733/EXP/ES/2015,,24.00,29.30,27.00
2026-08-17,,,,,PL/5732/EXP/ES/2015,,23.99,29.20,27.00
2026-08-17,,,,,PL/5731/EXP/ES/2015,,20.89,28.59,26.99
2026-08-17,,,,,PL/5730/EXP/ES/2015,,23.99,28.40,27.00
2026-08-17,,,,,PL/573/EXP/ES/2015,,24.49,29.99,
2026-08-17,,,,,PL/5729/EXP/ES/2015,,24.00,28.39,27.39
2026-08-17,,,,SÚPER SERVICIO LA HACIENDA S.A. DE C.V.,PL/5728/EXP/ES/2015,Avenida Concepción del Valle No. 5300,23.90,27.40,26.99
2026-08-17,,,,,PL/5727/EXP/ES/2015,,23.99,28.95,26.99
2026-08-17,,,,,PL/5726/EXP/ES/2015,,18.75,22.85,25.39
2026-08-17,,,,,PL/5725/EXP/ES/2015,,23.98,27.80,27.00
2026-08-17,,,,,PL/5724/EXP/ES/2015,,23.99,29.59,26.99
2026-08-17,,,,,PL/5723/EXP/ES/2015,,23.99,28.29,27.00
2026-08-17,,,,,PL/5722/EXP/ES/2015,,23.99,,26.99
2026-08-17,,,,,PL/5721/EXP/ES/2015,,23.98,28.79,27.00
2026-08-17,,,,,PL/5720/EXP/ES/2015,,23.99,28.39,27.00
2026-08-17,,,,,PL/572/EXP/ES/2015,,24.59,29.49,26.99
2026-08-17,,,,,PL/5719/EXP/ES/2015,,23.99,29.59,26.99
2026-08-17,,,,,PL/5718/EXP/ES/2015,,23.99,29.40,27.00
2026-08-17,,,,,PL/5717/EXP/ES/2015,,23.99,28.29,27.00
2026-08-17,,,,,PL/5716/EXP/ES/2015,,23.65,27.60,27.00
2026-08-17,,,,,PL/5715/EXP/ES/2015,,23.99,27.79,28.89
2026-08-17,,,,,PL/5714/EXP/ES/2015,,23.99,28.90,26.99
2026-08-17,,,,,PL/5713/EXP/ES/2015,,23.79,28.85,26.99
2026-08-17,,,,,PL/5712/EXP/ES/2015,,23.99,28.29,27.00
2026-08-17,,,,,PL/5711/EXP/ES/2015,,23.99,29.99,27.00
2026-08-17,,,,,PL/5710/EXP/ES/2015,,20.19,25.87,25.39
2026-08-17,,,,,PL/571/EXP/ES/2015,,24.49,29.99,
2026-08-17,,,,,PL/5709/EXP/ES/2015,,23.99,29.59,28.77
2026-08-17,,,,,PL/5708/EXP/ES/2015,,23.99,29.99,27.00
2026-08-17,,,,,PL/5707/EXP/ES/2015,,24.49,29.89,27.49
2026-08-17,,,,SERVICIOS GASOLINEROS DE MEXICO S.A. DE C.V.,PL/5706/EXP/ES/2015,Carretera a Saltillo No. 2892,23.99,29.99,27.00
2026-08-17,,,,,PL/5705/EXP/ES/2015,,23.48,27.38,26.98
2026-08-17,,,,,PL/5704/EXP/ES/2015,,23.99,28.99,27.00
2026-08-17,,,,,PL/5703/EXP/ES/2015,,24.49,29.99,27.49
2026-08-17,,,,,PL/5702/EXP/ES/2015,,23.99,28.59,26.99
2026-08-17,,,,,PL/5701/EXP/ES/2015,,23.89,28.69,27.00
2026-08-17,,,,,PL/5700/EXP/ES/2015,,23.99,28.99,27.00
2026-08-17,,,,,PL/570/EXP/ES/2015,,24.49,29.99,
2026-08-17,,,,,PL/5699/EXP/ES/2015,,23.99,27.99,26.99
2026-08-17,,,,,PL/5698/EXP/ES/2015,,23.99,28.85,27.00
2026-08-17,,,,,PL/5697/EXP/ES/2015,,21.65,26.99,25.37
2026-08-17,,,,,PL/5696/EXP/ES/2015,,23.99,28.53,
2026-08-17,,,,,PL/5695/EXP/ES/2015,,23.85,26.92,27.00
2026-08-17,,,,,PL/5694/EXP/ES/2015,,23.99,28.49,27.00
2026-08-17,,,,,PL/5693/EXP/ES/2015,,24.00,27.66,27.00
2026-08-17,,,,,PL/5692/EXP/ES/2015,,23.99,29.99,27.00
2026-08-17,,,,,PL/5691/EXP/ES/2015,,23.99,29.58,27.00
2026-08-17,,,,,PL/5690/EXP/ES/2015,,23.99,29.99,27.00
2026-08-17,,,,,PL/569/EXP/ES/2015,,24.59,29.99,
2026-08-17,,,,,PL/5689/EXP/ES/2015,,23.97,28.87,27.57
2026-08-17,,,,,PL/5687/EXP/ES/2015,,23.99,28.43,
2026-08-17,,,,,PL/5686/EXP/ES/2015,,23.74,28.33,
2026-08-17,,,,,PL/5685/EXP/ES/2015,,23.11,26.77,26.97
2026-08-17,,,,,PL/5684/EXP/ES/2015,,23.89,28.49,26.99
2026-08-17,,,,,PL/5683/EXP/ES/2015,,23.30,28.39,26.99
2026-08-17,,,,,PL/5682/EXP/ES/2015,,23.29,27.59,26.99
2026-08-17,,,,,PL/5681/EXP/ES/2015,,23.99,28.51,26.99
2026-08-17,,,,,PL/5680/EXP/ES/2015,,23.99,29.46,27.00
2026-08-17,,,,,PL/568/EXP/ES/2015,,21.29,24.99,
2026-08-17,,,,,PL/5679/EXP/ES/2015,,23.09,27.77,26.99
2026-08-17,,,,,PL/5678/EXP/ES/2015,,,27.99,
2026-08-17,,,,,PL/5677/EXP/ES/2015,,23.99,28.43,
2026-08-17,,,,,PL/5676/EXP/ES/2015,,23.39,27.42,26.89
2026-08-17,,,,,PL/5675/EXP/ES/2015,,23.95,29.49,
2026-08-17,,,,,PL/5674/EXP/ES/2015,,23.99,28.99,26.99
2026-08-17,,,,,PL/5673/EXP/ES/2015,,22.99,27.55,25.39
2026-08-17,,,,,PL/5672/EXP/ES/2015,,23.99,27.99,26.99
2026-08-17,,,,,PL/5671/EXP/ES/2015,,23.27,,
2026-08-17,,,,,PL/5670/EXP/ES/2015,,18.79,23.49,
2026-08-17,,,,,PL/567/EXP/ES/2015,,24.49,29.99,
2026-08-17,,,,,PL/5669/EXP/ES/2015,,23.99,28.49,26.99
2026-08-17,,,,,PL/5668/EXP/ES/2015,,23.99,28.45,
2026-08-17,,,,,PL/5667/EXP/ES/2015,,23.99,28.45,
2026-08-17,,,,,PL/5666/EXP/ES/2015,,23.99,30.97,27.89
2026-08-17,,,,,PL/5665/EXP/ES/2015,,23.99,26.89,26.99
2026-08-17,,,,,PL/5664/EXP/ES/2015,,23.99,29.19,
2026-08-17,,,,,PL/5663/EXP/ES/2015,,23.99,29.49,27.00
2026-08-17,,,,,PL/5662/EXP/ES/2015,,24.59,29.29,27.69
2026-08-17,,,,,PL/5661/EXP/ES/2015,,24.49,29.99,27.00
2026-08-17,,,,,PL/5660/EXP/ES/2015,,23.89,28.99,26.99
2026-08-17,,,,,PL/566/EXP/ES/2015,,24.49,29.99,
2026-08-17,,,,,PL/5659/EXP/ES/2015,,23.99,29.59,
2026-08-17,,,,,PL/5658/EXP/ES/2015,,23.59,28.39,
2026-08-17,,,,,PL/5657/EXP/ES/2015,,23.85,28.39,27.00
2026-08-17,,,,,PL/5656/EXP/ES/2015,,24.00,28.20,27.00
2026-08-17,,,,,PL/5655/EXP/ES/2015,,23.99,28.59,26.99
2026-08-17,,,,,PL/5654/EXP/ES/2015,,24.09,,27.49
2026-08-17,,,,,PL/5653/EXP/ES/2015,,23.99,28.99,
2026-08-17,,,,,PL/5652/EXP/ES/2015,,23.99,29.97,27.00
2026-08-17,,,,,PL/5651/EXP/ES/2015,,23.99,29.97,27.00
2026-08-17,,,,,PL/5650/EXP/ES/2015,,24.00,28.69,
2026-08-17,,,,,PL/565/EXP/ES/2015,,24.49,29.69,
2026-08-17,,,,ESTACIÓN DE SERVICIO NAPTE S.A. DE C.V.,PL/5649/EXP/ES/2015,Emiliano Zapata No. 24,23.99,28.50,
2026-08-17,,,,DARA SERVICIOS S.A. DE C.V.,PL/5648/EXP/ES/2015,Timoteo Torres No. 2496,22.99,29.19,26.69
2026-08-17,,,,,PL/5646/EXP/ES/2015,,23.79,29.14,26.99
2026-08-17,,,,,PL/5645/EXP/ES/2015,,23.99,29.97,27.00
2026-08-17,,,,,PL/5644/EXP/ES/2015,,23.89,29.49,27.00
2026-08-17,,,,,PL/5643/EXP/ES/2015,,23.99,29.49,27.00
2026-08-17,,,,,PL/5642/EXP/ES/2015,,23.99,29.49,27.00
2026-08-17,,,,,PL/5641/EXP/ES/2015,,23.99,29.49,27.00
2026-08-17,,,,,PL/5640/EXP/ES/2015,,23.99,29.49,27.00
2026-08-17,,,,,PL/564/EXP/ES/2015,,24.49,29.99,26.99
2026-08-17,,,,,PL/5639/EXP/ES/2015,,23.99,29.49,27.00
2026-08-17,,,,,PL/5638/EXP/ES/2015,,23.99,29.49,27.00
2026-08-17,,,,,PL/5637/EXP/ES/2015,,23.99,29.49,27.00
2026-08-17,,,,,PL/5636/EXP/ES/2015,,23.99,28.43,
2026-08-17,,,,,PL/5635/EXP/ES/2015,,24.09,28.82,27.49
2026-08-17,,,,,PL/5634/EXP/ES/2015,,23.99,29.59,27.00
2026-08-17,,,,,PL/5633/EXP/ES/2015,,24.09,,
2026-08-17,,,,,PL/5632/EXP/ES/2015,,23.99,28.00,27.69
2026-08-17,,,,,PL/5631/EXP/ES/2015,,24.99,,30.50
2026-08-17,,,,,PL/5630/EXP/ES/2015,,24.40,,28.50
2026-08-17,,,,,PL/563/EXP/ES/2015,,24.49,29.99,
2026-08-17,,,,,PL/5629/EXP/ES/2015,,,28.99,27.00
2026-08-17,,,,,PL/5628/EXP/ES/2015,,23.99,28.69,27.00
2026-08-17,,,,,PL/5627/EXP/ES/2015,,19.79,,25.39
2026-08-17,,,,,PL/5626/EXP/ES/2015,,23.95,29.25,27.00
2026-08-17,,,,,PL/5625/EXP/ES/2015,,23.99,28.88,27.00
2026-08-17,,,,,PL/5624/EXP/ES/2015,,23.29,28.39,26.89
2026-08-17,,,,,PL/5623/EXP/ES/2015,,23.99,27.99,26.99
2026-08-17,,,,,PL/5622/EXP/ES/2015,,24.00,,
2026-08-17,,,,,PL/5621/EXP/ES/2015,,23.49,27.98,26.98
2026-08-17,,,,,PL/5620/EXP/ES/2015,,23.99,29.48,
2026-08-17,,,,,PL/562/EXP/ES/2015,,23.99,29.99,
2026-08-17,,,,,PL/5619/EXP/ES/2015,,24.49,29.99,
2026-08-17,,,,,PL/5618/EXP/ES/2015,,22.75,27.80,26.99
2026-08-17,,,,,PL/5617/EXP/ES/2015,,23.10,26.80,26.90
2026-08-17,,,,,PL/5616/EXP/ES/2015,,23.50,,26.90
2026-08-17,,,,,PL/5615/EXP/ES/2015,,21.65,27.50,
2026-08-17,,,,,PL/5614/EXP/ES/2015,,23.20,26.60,
2026-08-17,,,,,PL/5613/EXP/ES/2015,,23.99,29.67,27.00
2026-08-17,,,,,PL/5612/EXP/ES/2015,,23.99,,27.00
2026-08-17,,,,,PL/5611/EXP/ES/2015,,23.98,28.39,26.98
2026-08-17,,,,,PL/5610/EXP/ES/2015,,23.99,29.63,27.00
2026-08-17,,,,,PL/561/EXP/ES/2015,,24.49,29.99,26.99
2026-08-17,,,,,PL/5609/EXP/ES/2015,,23.99,28.59,27.00
2026-08-17,,,,,PL/5608/EXP/ES/2015,,23.98,28.50,27.00
2026-08-17,,,,,PL/5607/EXP/ES/2015,,23.99,,28.55
2026-08-17,,,,,PL/5606/EXP/ES/2015,,23.99,28.69,27.00
2026-08-17,,,,,PL/5605/EXP/ES/2015,,23.99,27.69,27.00
2026-08-17,,,,,PL/5604/EXP/ES/2015,,23.37,27.66,26.93
2026-08-17,,,,,PL/5603/EXP/ES/2015,,23.58,27.70,27.00
2026-08-17,,,,,PL/5602/EXP/ES/2015,,23.99,28.42,29.10
2026-08-17,,,,,PL/5601/EXP/ES/2015,,22.99,27.97,26.99
2026-08-17,,,,,PL/5600/EXP/ES/2015,,23.99,,26.99
2026-08-17,,,,,PL/560/EXP/ES/2015,,24.59,29.99,26.99
2026-08-17,,,,,PL/5599/EXP/ES/2015,,23.99,29.49,
2026-08-17,,,,,PL/5598/EXP/ES/2015,,19.99,25.49,
2026-08-17,,,,,PL/5597/EXP/ES/2015,,24.45,29.50,26.99
2026-08-17,,,,,PL/5596/EXP/ES/2015,,20.19,25.99,
2026-08-17,,,,,PL/5595/EXP/ES/2015,,20.09,25.99,
2026-08-17,,,,,PL/5594/EXP/ES/2015,,23.99,29.89,27.00
2026-08-17,,,,,PL/5593/EXP/ES/2015,,23.99,29.39,27.00
2026-08-17,,,,,PL/5592/EXP/ES/2015,,20.09,26.19,
2026-08-17,,,,,PL/5591/EXP/ES/2015,,23.99,29.69,27.00
2026-08-17,,,,,PL/5590/EXP/ES/2015,,23.87,29.55,27.49
2026-08-17,,,,,PL/559/EXP/ES/2015,,24.49,29.99,26.99
2026-08-17,,,,,PL/5589/EXP/ES/2015,,23.99,28.97,27.00
2026-08-17,,,,,PL/5588/EXP/ES/2015,,23.99,29.19,27.49
2026-08-17,,,,,PL/5587/EXP/ES/2015,,23.99,28.72,27.00
2026-08-17,,,,,PL/5586/EXP/ES/2015,,23.99,28.56,27.00
2026-08-17,,,,,PL/5585/EXP/ES/2015,,23.99,28.99,27.35
2026-08-17,,,,,PL/5584/EXP/ES/2015,,23.99,29.69,27.00
2026-08-17,,,,,PL/5583/EXP/ES/2015,,23.99,28.39,27.00
2026-08-17,,,,,PL/5582/EXP/ES/2015,,25.00,,
2026-08-17,,,,,PL/5581/EXP/ES/2015,,23.99,,27.00
2026-08-17,,,,,PL/5580/EXP/ES/2015,,23.92,27.59,27.00
2026-08-17,,,,,PL/558/EXP/ES/2015,,24.49,29.99,
2026-08-17,,,,,PL/5579/EXP/ES/2015,,23.99,28.39,27.00
2026-08-17,,,,,PL/5578/EXP/ES/2015,,23.99,29.10,27.30
2026-08-17,,,,,PL/5577/EXP/ES/2015,,23.99,28.99,26.99
2026-08-17,,,,,PL/5575/EXP/ES/2015,,23.99,28.69,
2026-08-17,,,,,PL/5573/EXP/ES/2015,,23.99,28.49,
2026-08-17,,,,,PL/5572/EXP/ES/2015,,23.99,29.69,26.99
2026-08-17,,,,,PL/5571/EXP/ES/2015,,23.99,29.29,
2026-08-17,,,,,PL/5570/EXP/ES/2015,,19.99,24.99,
2026-08-17,,,,,PL/557/EXP/ES/2015,,20.99,24.99,
2026-08-17,,,,,PL/5569/EXP/ES/2015,,23.99,28.69,
2026-08-17,,,,,PL/5568/EXP/ES/2015,,23.99,29.29,27.00
2026-08-17,,,,,PL/5567/EXP/ES/2015,,23.99,29.19,27.35
2026-08-17,,,,,PL/5566/EXP/ES/2015,,24.00,28.68,27.00
2026-08-17,,,,,PL/5565/EXP/ES/2015,,23.99,28.75,27.00
2026-08-17,,,,,PL/5564/EXP/ES/2015,,23.99,28.69,
2026-08-17,,,,,PL/5563/EXP/ES/2015,,23.99,28.69,27.00
2026-08-17,,,,,PL/5562/EXP/ES/2015,,23.99,30.50,
2026-08-17,,,,,PL/5561/EXP/ES/2015,,24.00,28.90,27.00
2026-08-17,,,,,PL/556/EXP/ES/2015,,21.29,24.99,
2026-08-17,,,,,PL/5559/EXP/ES/2015,,24.39,29.99,
2026-08-17,,,,,PL/5558/EXP/ES/2015,,23.84,,27.00
2026-08-17,,,,,PL/5557/EXP/ES/2015,,23.70,27.57,27.00
2026-08-17,,,,,PL/5556/EXP/ES/2015,,23.95,27.25,27.00
2026-08-17,,,,,PL/5555/EXP/ES/2015,,24.00,28.70,27.00
2026-08-17,,,,,PL/5554/EXP/ES/2015,,23.95,27.20,27.00
2026-08-17,,,,,PL/5553/EXP/ES/2015,,24.00,27.80,26.99
2026-08-17,,,,,PL/5552/EXP/ES/2015,,25.25,28.99,28.00
2026-08-17,,,,,PL/5551/EXP/ES/2015,,23.99,29.29,27.00
2026-08-17,,,,,PL/5550/EXP/ES/2015,,23.99,29.97,
2026-08-17,,,,,PL/555/EXP/ES/2015,,24.49,29.99,
2026-08-17,,,,,PL/5549/EXP/ES/2015,,24.00,27.00,27.00
2026-08-17,,,,,PL/5548/EXP/ES/2015,,23.95,28.60,27.00
2026-08-17,,,,,PL/5547/EXP/ES/2015,,24.00,,26.99
2026-08-17,,,,,PL/5546/EXP/ES/2015,,23.47,28.37,26.97
2026-08-17,,,,,PL/5545/EXP/ES/2015,,23.99,28.05,27.00
2026-08-17,,,,,PL/5544/EXP/ES/2015,,24.00,28.49,27.00
2026-08-17,,,,,PL/5543/EXP/ES/2015,,23.59,,
2026-08-17,,,,,PL/5542/EXP/ES/2015,,23.99,28.70,
2026-08-17,,,,,PL/5541/EXP/ES/2015,,23.29,27.48,26.99
2026-08-17,,,,,PL/5540/EXP/ES/2015,,22.20,,25.65
2026-08-17,,,,,PL/5539/EXP/ES/2015,,23.96,24.49,25.29
2026-08-17,,,,,PL/5538/EXP/ES/2015,,23.75,29.50,27.00
2026-08-17,,,,,PL/5537/EXP/ES/2015,,23.78,28.39,26.99
2026-08-17,,,,,PL/5536/EXP/ES/2015,,21.95,26.65,25.25
2026-08-17,,,,,PL/5535/EXP/ES/2015,,22.79,25.99,
2026-08-17,,,,,PL/5534/EXP/ES/2015,,23.99,28.84,27.00
2026-08-17,,,,,PL/5533/EXP/ES/2015,,23.39,26.59,
2026-08-17,,,,,PL/5532/EXP/ES/2015,,22.97,27.97,
2026-08-17,,,,,PL/5531/EXP/ES/2015,,23.99,,27.00
2026-08-17,,,,,PL/5530/EXP/ES/2015,,23.17,28.29,26.96
2026-08-17,,,,,PL/553/EXP/ES/2015,,23.99,29.99,
2026-08-17,,,,,PL/5529/EXP/ES/2015,,21.95,26.65,
2026-08-17,,,,,PL/5528/EXP/ES/2015,,23.99,27.89,
2026-08-17,,,,,PL/5527/EXP/ES/2015,,23.75,27.78,27.00
2026-08-17,,,,,PL/5526/EXP/ES/2015,,23.79,28.39,27.24
2026-08-17,,,,,PL/5525/EXP/ES/2015,,23.99,29.45,26.99
2026-08-17,,,,,PL/5524/EXP/ES/2015,,23.99,29.49,26.99
2026-08-17,,,,,PL/5523/EXP/ES/2015,,23.49,27.90,26.30
2026-08-17,,,,,PL/5522/EXP/ES/2015,,23.99,29.49,26.99
2026-08-17,,,,,PL/5521/EXP/ES/2015,,24.49,29.79,27.00
2026-08-17,,,,,PL/5520/EXP/ES/2015,,24.49,29.79,27.00
2026-08-17,,,,,PL/552/EXP/ES/2015,,21.29,24.99,
2026-08-17,,,,,PL/5519/EXP/ES/2015,,23.67,27.25,
2026-08-17,,,,,PL/5518/EXP/ES/2015,,24.49,29.79,27.00
2026-08-17,,,,,PL/5517/EXP/ES/2015,,24.49,29.79,27.00
2026-08-17,,,,,PL/5516/EXP/ES/2015,,24.49,29.79,
2026-08-17,,,,,PL/5515/EXP/ES/2015,,23.19,27.49,
2026-08-17,,,,,PL/5514/EXP/ES/2015,,23.99,29.80,27.00
2026-08-17,,,,,PL/5513/EXP/ES/2015,,23.30,26.90,
2026-08-17,,,,,PL/5512/EXP/ES/2015,,23.48,28.39,26.99
2026-08-17,,,,,PL/5511/EXP/ES/2015,,24.70,29.60,28.60
2026-08-17,,,,,PL/5510/EXP/ES/2015,,24.39,29.49,27.99
2026-08-17,,,,,PL/551/EXP/ES/2015,,24.49,29.99,
2026-08-17,,,,,PL/5509/EXP/ES/2015,,23.99,,27.49
2026-08-17,,,,,PL/5508/EXP/ES/2015,,23.99,29.40,27.00
2026-08-17,,,,,PL/5507/EXP/ES/2015,,24.54,29.40,28.39
2026-08-17,,,,,PL/5506/EXP/ES/2015,,23.99,28.49,27.00
2026-08-17,,,,,PL/5505/EXP/ES/2015,,23.90,28.75,27.00
2026-08-17,,,,,PL/5504/EXP/ES/2015,,23.79,29.99,26.99
2026-08-17,,,,,PL/5502/EXP/ES/2015,,23.91,28.15,26.99
2026-08-17,,,,,PL/5501/EXP/ES/2015,,23.99,28.59,27.00
2026-08-17,,,,,PL/5500/EXP/ES/2015,,24.49,29.89,
2026-08-17,,,,,PL/550/EXP/ES/2015,,21.29,24.99,
2026-08-17,,,,,PL/5499/EXP/ES/2015,,23.99,29.89,27.00
2026-08-17,,,,,PL/5498/EXP/ES/2015,,23.99,28.04,27.38
2026-08-17,,,,,PL/5497/EXP/ES/2015,,23.99,28.99,27.00
2026-08-17,,,,,PL/5496/EXP/ES/2015,,23.99,29.89,27.00
2026-08-17,,,,,PL/5495/EXP/ES/2015,,23.99,27.99,
2026-08-17,,,,,PL/5493/EXP/ES/2015,,23.98,28.97,26.99
2026-08-17,,,,,PL/5492/EXP/ES/2015,,23.69,28.39,26.99
2026-08-17,,,,,PL/5491/EXP/ES/2015,,23.70,28.50,
2026-08-17,,,,,PL/5490/EXP/ES/2015,,23.78,27.95,26.90
2026-08-17,,,,,PL/549/EXP/ES/2015,,24.49,29.99,
2026-08-17,,,,,PL/5489/EXP/ES/2015,,23.55,27.79,26.90
2026-08-17,,,,,PL/5488/EXP/ES/2015,,23.99,28.60,27.00
2026-08-17,,,,,PL/5487/EXP/ES/2015,,23.95,29.89,
2026-08-17,,,,,PL/5486/EXP/ES/2015,,23.70,27.50,27.00
2026-08-17,,,,,PL/5485/EXP/ES/2015,,22.99,26.99,25.99
2026-08-17,,,,,PL/5484/EXP/ES/2015,,22.99,28.99,26.99
2026-08-17,,,,,PL/5483/EXP/ES/2015,,23.45,27.75,26.90
2026-08-17,,,,,PL/5482/EXP/ES/2015,,23.68,28.75,26.94
2026-08-17,,,,,PL/5481/EXP/ES/2015,,23.99,29.50,26.99
2026-08-17,,,,,PL/5480/EXP/ES/2015,,23.99,29.67,27.00
2026-08-17,,,,,PL/548/EXP/ES/2015,,23.49,28.99,
2026-08-17,,,,,PL/5479/EXP/ES/2015,,23.78,,27.00
2026-08-17,,,,,PL/5478/EXP/ES/2015,,20.99,,
2026-08-17,,,,,PL/5477/EXP/ES/2015,,23.54,26.79,26.97
2026-08-17,,,,,PL/5476/EXP/ES/2015,,23.36,27.80,26.90
2026-08-17,,,,,PL/5475/EXP/ES/2015,,23.99,28.99,26.99
2026-08-17,,,,,PL/5474/EXP/ES/2015,,23.98,28.28,27.00
2026-08-17,,,,,PL/5473/EXP/ES/2015,,23.39,27.49,25.39
2026-08-17,,,,,PL/5472/EXP/ES/2015,,23.50,27.79,26.90
2026-08-17,,,,,PL/5471/EXP/ES/2015,,23.99,28.92,27.00
2026-08-17,,,,,PL/5470/EXP/ES/2015,,23.99,28.29,26.99
2026-08-17,,,,,PL/547/EXP/ES/2015,,24.49,29.99,
2026-08-17,,,,,PL/5469/EXP/ES/2015,,24.50,,28.00
2026-08-17,,,,,PL/5468/EXP/ES/2015,,23.99,29.19,
2026-08-17,,,,,PL/5467/EXP/ES/2015,,23.99,28.92,27.00
2026-08-17,,,,,PL/5466/EXP/ES/2015,,23.35,27.50,27.00
2026-08-17,,,,,PL/5465/EXP/ES/2015,,22.90,27.49,25.69
2026-08-17,,,,,PL/5464/EXP/ES/2015,,23.99,28.92,27.00
2026-08-17,,,,,PL/5463/EXP/ES/2015,,23.99,29.20,27.00
2026-08-17,,,,,PL/5462/EXP/ES/2015,,23.99,28.29,
2026-08-17,,,,,PL/5461/EXP/ES/2015,,23.99,28.64,
2026-08-17,,,,,PL/5460/EXP/ES/2015,,23.99,28.92,27.00
2026-08-17,,,,,PL/546/EXP/ES/2015,,24.49,29.99,
2026-08-17,,,,,PL/5459/EXP/ES/2015,,23.55,28.45,26.99
2026-08-17,,,,,PL/5458/EXP/ES/2015,,23.99,28.49,27.00
2026-08-17,,,,,PL/5457/EXP/ES/2015,,23.97,28.90,
2026-08-17,,,,,PL/5456/EXP/ES/2015,,23.90,27.99,27.00
2026-08-17,,,,,PL/5455/EXP/ES/2015,,23.93,28.37,26.99
2026-08-17,,,,,PL/5454/EXP/ES/2015,,23.99,28.56,27.00
2026-08-17,,,,,PL/5453/EXP/ES/2015,,24.39,29.88,27.69
2026-08-17,,,,,PL/5452/EXP/ES/2015,,23.99,28.74,26.99
2026-08-17,,,,,PL/5451/EXP/ES/2015,,21.89,26.99,25.39
2026-08-17,,,,,PL/5450/EXP/ES/2015,,23.99,28.99,26.99
2026-08-17,,,,,PL/545/EXP/ES/2015,,23.99,29.99,
2026-08-17,,,,,PL/5449/EXP/ES/2015,,23.99,28.60,27.00
2026-08-17,,,,,PL/5448/EXP/ES/2015,,22.99,28.37,
2026-08-17,,,,,PL/5447/EXP/ES/2015,,23.99,27.98,27.00
2026-08-17,,,,,PL/5446/EXP/ES/2015,,23.84,28.39,26.99
2026-08-17,,,,,PL/5445/EXP/ES/2015,,20.19,25.79,25.39
2026-08-17,,,,,PL/5444/EXP/ES/2015,,23.59,28.21,26.97
2026-08-17,,,,,PL/5443/EXP/ES/2015,,23.99,27.99,27.00
2026-08-17,,,,,PL/5442/EXP/ES/2015,,22.89,27.46,
2026-08-17,,,,,PL/5441/EXP/ES/2015,,23.99,29.99,
2026-08-17,,,,,PL/5440/EXP/ES/2015,,24.09,28.82,27.49
2026-08-17,,,,,PL/544/EXP/ES/2015,,24.49,29.99,26.99
2026-08-17,,,,,PL/5439/EXP/ES/2015,,23.99,28.88,27.00
2026-08-17,,,,,PL/5438/EXP/ES/2015,,23.99,28.59,26.99
2026-08-17,,,,,PL/5437/EXP/ES/2015,,23.99,27.55,27.24
2026-08-17,,,,,PL/5436/EXP/ES/2015,,23.99,28.49,26.99
2026-08-17,,,,,PL/5435/EXP/ES/2015,,21.29,24.99,25.39
2026-08-17,,,,,PL/5434/EXP/ES/2015,,21.95,26.65,
2026-08-17,,,,,PL/5433/EXP/ES/2015,,23.99,,27.00
2026-08-17,,,,,PL/5432/EXP/ES/2015,,23.89,27.99,27.24
2026-08-17,,,,,PL/5431/EXP/ES/2015,,23.99,28.68,26.99
2026-08-17,,,,,PL/5430/EXP/ES/2015,,23.89,27.55,
2026-08-17,,,,,PL/543/EXP/ES/2015,,24.49,29.69,26.99
2026-08-17,,,,,PL/5429/EXP/ES/2015,,23.99,29.30,26.99
2026-08-17,,,,,PL/5428/EXP/ES/2015,,23.79,27.89,
2026-08-17,,,,,PL/5427/EXP/ES/2015,,23.99,28.89,26.99
2026-08-17,,,,,PL/5426/EXP/ES/2015,,23.95,28.65,26.99
2026-08-17,,,,,PL/5425/EXP/ES/2015,,23.99,28.09,27.24
2026-08-17,,,,,PL/5424/EXP/ES/2015,,24.69,29.99,28.69
2026-08-17,,,,,PL/5423/EXP/ES/2015,,23.99,28.49,27.24
2026-08-17,,,,,PL/5422/EXP/ES/2015,,24.69,29.99,28.69
2026-08-17,,,,,PL/5421/EXP/ES/2015,,24.69,29.99,28.69
2026-08-17,,,,,PL/5420/EXP/ES/2015,,24.69,29.99,
2026-08-17,,,,,PL/542/EXP/ES/2015,,20.99,24.99,
2026-08-17,,,,,PL/5419/EXP/ES/2015,,24.69,29.99,28.69
2026-08-17,,,,,PL/5418/EXP/ES/2015,,23.69,27.99,26.99
2026-08-17,,,,,PL/5417/EXP/ES/2015,,22.99,26.99,
2026-08-17,,,,,PL/5416/EXP/ES/2015,,23.99,27.99,
2026-08-17,,,,,PL/5415/EXP/ES/2015,,23.99,27.99,27.00
2026-08-17,,,,,PL/5414/EXP/ES/2015,,23.99,29.89,27.00
2026-08-17,,,,,PL/5413/EXP/ES/2015,,24.69,29.99,28.69
2026-08-17,,,,,PL/5412/EXP/ES/2015,,23.99,28.79,27.00
2026-08-17,,,,,PL/5411/EXP/ES/2015,,24.00,28.78,27.24
2026-08-17,,,,,PL/5410/EXP/ES/2015,,23.85,27.99,26.99
2026-08-17,,,,,PL/541/EXP/ES/2015,,24.49,29.99,
2026-08-17,,,,,PL/5409/EXP/ES/2015,,23.95,28.85,
2026-08-17,,,,SERVICIO TESISTAN S.A. DE C.V.,PL/5408/EXP/ES/2015,Calle Juan Manuel Ruvalcaba No. 21,23.99,28.89,26.99
2026-08-17,,,,,PL/5407/EXP/ES/2015,,23.99,27.95,
2026-08-17,,,,,PL/5406/EXP/ES/2015,,23.99,28.49,27.00
2026-08-17,,,,,PL/5405/EXP/ES/2015,,23.96,28.55,27.07
2026-08-17,,,,,PL/5404/EXP/ES/2015,,23.89,28.59,27.24
2026-08-17,,,,,PL/5403/EXP/ES/2015,,23.99,28.49,27.00
2026-08-17,,,,,PL/5402/EXP/ES/2015,,23.99,27.95,
2026-08-17,,,,SERVICIO COLOTLAN EXPRESS S.A. DE C.V.,PL/5401/EXP/ES/2015,Carretera Colotlán No. 2845,23.99,28.89,26.99
2026-08-17,,,,,PL/5400/EXP/ES/2015,,23.99,26.79,
2026-08-17,,,,,PL/5399/EXP/ES/2015,,22.95,27.65,
2026-08-17,,,,,PL/5398/EXP/ES/2015,,23.99,29.89,
2026-08-17,,,,,PL/5397/EXP/ES/2015,,23.69,27.69,27.00
2026-08-17,,,,,PL/5396/EXP/ES/2015,,23.99,28.20,27.00
2026-08-17,,,,,PL/5395/EXP/ES/2015,,23.85,27.99,26.99
2026-08-17,,,,,PL/5394/EXP/ES/2015,,23.98,27.93,
2026-08-17,,,,,PL/5393/EXP/ES/2015,,23.99,27.69,27.00
2026-08-17,,,,,PL/5392/EXP/ES/2015,,25.50,30.99,29.95
2026-08-17,,,,,PL/5391/EXP/ES/2015,,23.99,29.99,26.99
2026-08-17,,,,,PL/5390/EXP/ES/2015,,24.00,28.25,27.00
2026-08-17,,,,,PL/539/EXP/ES/2015,,21.29,24.99,
2026-08-17,,,,,PL/5389/EXP/ES/2015,,23.49,27.99,27.30
2026-08-17,,,,,PL/5388/EXP/ES/2015,,23.99,29.99,26.99
2026-08-17,,,,,PL/5387/EXP/ES/2015,,23.89,27.99,27.30
2026-08-17,,,,,PL/5386/EXP/ES/2015,,23.99,27.99,27.00
2026-08-17,,,,,PL/5385/EXP/ES/2015,,23.99,28.99,27.69
2026-08-17,,,,,PL/5384/EXP/ES/2015,,23.99,28.99,28.27
2026-08-17,,,,,PL/5383/EXP/ES/2015,,23.99,28.39,27.00
2026-08-17,,,,,PL/5382/EXP/ES/2015,,23.99,27.99,27.00
2026-08-17,,,,,PL/5381/EXP/ES/2015,,23.89,27.99,27.30
2026-08-17,,,,,PL/5380/EXP/ES/2015,,23.99,28.49,27.00
2026-08-17,,,,,PL/538/EXP/ES/2015,,24.49,29.99,
2026-08-17,,,,,PL/5379/EXP/ES/2015,,23.99,28.39,27.00
2026-08-17,,,,,PL/5378/EXP/ES/2015,,23.99,28.00,26.99
2026-08-17,,,,,PL/5377/EXP/ES/2015,,23.99,,26.99
2026-08-17,,,,,PL/5376/EXP/ES/2015,,23.99,28.59,27.00
2026-08-17,,,,,PL/5375/EXP/ES/2015,,23.99,28.39,27.00
2026-08-17,,,,,PL/5374/EXP/ES/2015,,23.99,28.39,27.00
2026-08-17,,,,,PL/5373/EXP/ES/2015,,23.99,28.19,27.00
2026-08-17,,,,,PL/5372/EXP/ES/2015,,23.98,27.99,
2026-08-17,,,,,PL/5371/EXP/ES/2015,,23.99,30.59,27.99
2026-08-17,,,,,PL/5370/EXP/ES/2015,,23.99,27.99,27.00
2026-08-17,,,,,PL/537/EXP/ES/2015,,24.49,29.99,
2026-08-17,,,,,PL/5369/EXP/ES/2015,,23.39,27.99,
2026-08-17,,,,,PL/5368/EXP/ES/2015,,23.99,28.50,27.00
2026-08-17,,,,,PL/5367/EXP/ES/2015,,23.99,29.69,27.00
2026-08-17,,,,,PL/5366/EXP/ES/2015,,23.99,27.99,27.00
2026-08-17,,,,,PL/5365/EXP/ES/2015,,23.99,29.09,26.99
2026-08-17,,,,,PL/5364/EXP/ES/2015,,23.99,28.69,
2026-08-17,,,,,PL/5363/EXP/ES/2015,,21.29,24.99,25.39
2026-08-17,,,,,PL/5362/EXP/ES/2015,,24.00,29.42,27.00
2026-08-17,,,,,PL/5361/EXP/ES/2015,,23.99,28.50,27.00
2026-08-17,,,,,PL/5360/EXP/ES/2015,,23.99,,27.00
2026-08-17,,,,,PL/536/EXP/ES/2015,,24.89,29.99,
2026-08-17,,,,,PL/5359/EXP/ES/2015,,23.99,29.20,27.72
2026-08-17,,,,,PL/5358/EXP/ES/2015,,23.99,28.98,27.00
2026-08-17,,,,,PL/5357/EXP/ES/2015,,23.99,29.99,27.00
2026-08-17,,,,,PL/5356/EXP/ES/2015,,22.99,27.99,
2026-08-17,,,,SERVICIO TESCOGAS S.A. DE C.V.,PL/5355/EXP/ES/2015,Carretera a Tesistan No. 8920 Km 9,23.99,28.99,26.99
2026-08-17,,,,,PL/5354/EXP/ES/2015,,23.99,29.69,26.99
2026-08-17,,,,,PL/5353/EXP/ES/2015,,23.99,28.70,27.00
2026-08-17,,,,,PL/5352/EXP/ES/2015,,23.99,29.59,27.49
2026-08-17,,,,,PL/5351/EXP/ES/2015,,24.59,29.99,27.99
2026-08-17,,,,,PL/5350/EXP/ES/2015,,20.58,26.78,25.38
2026-08-17,,,,,PL/535/EXP/ES/2015,,24.89,29.99,27.99
2026-08-17,,,,,PL/5349/EXP/ES/2015,,23.99,28.99,27.40
2026-08-17,,,,,PL/5348/EXP/ES/2015,,20.58,26.78,25.38
2026-08-17,,,,,PL/5347/EXP/ES/2015,,22.39,26.99,26.39
2026-08-17,,,,,PL/5346/EXP/ES/2015,,23.99,28.29,27.00
2026-08-17,,,,,PL/5345/EXP/ES/2015,,23.69,28.27,27.00
2026-08-17,,,,,PL/5344/EXP/ES/2015,,22.39,26.99,26.39
2026-08-17,,,,SERVICIO CLOUTHIER PREMIER S.A. DE C.V.,PL/5343/EXP/ES/2015,Avenida Manuel J. Clouthier No. 325,23.99,29.29,26.99
2026-08-17,,,,,PL/5342/EXP/ES/2015,,23.99,,27.00
2026-08-17,,,,,PL/5341/EXP/ES/2015,,23.79,28.39,
2026-08-17,,,,,PL/5340/EXP/ES/2015,,23.99,29.09,
2026-08-17,,,,,PL/534/EXP/ES/2015,,24.89,29.99,27.99
2026-08-17,,,,,PL/5339/EXP/ES/2015,,23.99,29.25,27.00
2026-08-17,,,,,PL/5338/EXP/ES/2015,,23.99,28.99,27.00
2026-08-17,,,,,PL/5337/EXP/ES/2015,,23.99,,26.99
2026-08-17,,,,,PL/5336/EXP/ES/2015,,23.99,28.69,26.99
2026-08-17,,,,,PL/5335/EXP/ES/2015,,23.69,27.99,
2026-08-17,,,,,PL/5334/EXP/ES/2015,,23.99,27.99,27.00
2026-08-17,,,,,PL/5333/EXP/ES/2015,,24.49,29.59,
2026-08-17,,,,,PL/5332/EXP/ES/2015,,23.99,28.79,27.00
2026-08-17,,,,,PL/5331/EXP/ES/2015,,19.89,22.85,25.39
2026-08-17,,,,,PL/5330/EXP/ES/2015,,23.99,28.49,
2026-08-17,,,,,PL/533/EXP/ES/2015,,23.99,29.89,27.49
2026-08-17,,,,,PL/5329/EXP/ES/2015,,23.77,28.37,26.99
2026-08-17,,,,,PL/5328/EXP/ES/2015,,24.49,29.59,27.49
2026-08-17,,,,,PL/5327/EXP/ES/2015,,23.95,28.48,27.00
2026-08-17,,,,,PL/5326/EXP/ES/2015,,24.69,29.99,26.98
2026-08-17,,,,,PL/5325/EXP/ES/2015,,23.99,28.59,
2026-08-17,,,,SERVICIO TORRES DIEZ S.A. DE C.V.,PL/5324/EXP/ES/2015,Avenida de Las Torres No. 1200,23.99,28.99,26.99
2026-08-17,,,,,PL/5323/EXP/ES/2015,,26.00,29.50,
2026-08-17,,,,,PL/5322/EXP/ES/2015,,24.49,29.59,27.49
2026-08-17,,,,,PL/5321/EXP/ES/2015,,23.99,29.59,27.00
2026-08-17,,,,,PL/5320/EXP/ES/2015,,22.99,28.89,25.39
2026-08-17,,,,,PL/532/EXP/ES/2015,,23.99,29.14,26.99
2026-08-17,,,,,PL/5319/EXP/ES/2015,,23.99,28.59,
2026-08-17,,,,,PL/5318/EXP/ES/2015,,23.99,28.29,
2026-08-17,,,,,PL/5317/EXP/ES/2015,,23.79,,
2026-08-17,,,,,PL/5316/EXP/ES/2015,,23.20,,26.90
2026-08-17,,,,,PL/5315/EXP/ES/2015,,23.99,27.97,
2026-08-17,,,,,PL/5314/EXP/ES/2015,,24.45,28.99,27.95
2026-08-17,,,,,PL/5313/EXP/ES/2015,,24.49,29.59,
2026-08-17,,,,,PL/5312/EXP/ES/2015,,23.69,28.39,
2026-08-17,,,,,PL/5311/EXP/ES/2015,,23.59,27.79,27.00
2026-08-17,,,,,PL/5310/EXP/ES/2015,,23.27,27.59,26.85
2026-08-17,,,,,PL/5309/EXP/ES/2015,,23.99,28.29,27.00
2026-08-17,,,,,PL/5308/EXP/ES/2015,,23.99,28.09,27.00
2026-08-17,,,,,PL/5307/EXP/ES/2015,,24.45,28.99,
2026-08-17,,,,,PL/5306/EXP/ES/2015,,29.99,28.59,27.00
2026-08-17,,,,,PL/5305/EXP/ES/2015,,23.95,27.99,27.00
2026-08-17,,,,,PL/5304/EXP/ES/2015,,23.99,30.30,26.99
2026-08-17,,,,,PL/5303/EXP/ES/2015,,23.19,,26.99
2026-08-17,,,,,PL/5302/EXP/ES/2015,,21.35,26.45,
2026-08-17,,,,,PL/5301/EXP/ES/2015,,22.99,27.49,26.99
2026-08-17,,,,,PL/5300/EXP/ES/2015,,23.99,29.29,26.99
2026-08-17,,,,,PL/530/EXP/ES/2015,,24.49,29.99,
2026-08-17,,,,,PL/5299/EXP/ES/2015,,23.39,27.99,
2026-08-17,,,,,PL/5298/EXP/ES/2015,,23.99,,26.99
2026-08-17,,,,,PL/5297/EXP/ES/2015,,23.58,28.19,26.99
2026-08-17,,,,,PL/5296/EXP/ES/2015,,23.99,29.69,24.47
2026-08-17,,,,,PL/5295/EXP/ES/2015,,23.66,28.71,26.99
2026-08-17,,,,,PL/5294/EXP/ES/2015,,23.19,27.98,
2026-08-17,,,,,PL/5293/EXP/ES/2015,,23.76,28.22,26.99
2026-08-17,,,,,PL/5292/EXP/ES/2015,,23.99,29.99,
2026-08-17,,,,,PL/5291/EXP/ES/2015,,23.99,28.59,26.99
2026-08-17,,,,,PL/5290/EXP/ES/2015,,23.99,,26.84
2026-08-17,,,,,PL/529/EXP/ES/2015,,24.59,29.69,
2026-08-17,,,,,PL/5289/EXP/ES/2015,,23.81,28.17,26.99
2026-08-17,,,,,PL/5288/EXP/ES/2015,,23.99,29.99,27.00
2026-08-17,,,,,PL/5287/EXP/ES/2015,,23.45,28.23,26.99
2026-08-17,,,,,PL/5286/EXP/ES/2015,,23.99,28.37,26.99
2026-08-17,,,,,PL/5285/EXP/ES/2015,,23.99,29.69,
2026-08-17,,,,,PL/5284/EXP/ES/2015,,23.76,28.32,26.66
2026-08-17,,,,,PL/5283/EXP/ES/2015,,23.29,27.98,26.97
2026-08-17,,,,,PL/5282/EXP/ES/2015,,23.58,28.19,26.99
2026-08-17,,,,,PL/5281/EXP/ES/2015,,22.97,27.97,
2026-08-17,,,,,PL/5280/EXP/ES/2015,,23.99,29.69,26.99
2026-08-17,,,,,PL/528/EXP/ES/2015,,24.49,29.69,26.99
2026-08-17,,,,,PL/5279/EXP/ES/2015,,23.99,28.29,27.24
2026-08-17,,,,,PL/5278/EXP/ES/2015,,23.87,28.29,27.09
2026-08-17,,,,,PL/5277/EXP/ES/2015,,23.99,28.93,26.92
2026-08-17,,,,,PL/5276/EXP/ES/2015,,23.53,28.26,
2026-08-17,,,,,PL/5275/EXP/ES/2015,,20.39,25.99,25.38
2026-08-17,,,,,PL/5274/EXP/ES/2015,,23.99,27.74,27.00
2026-08-17,,,,,PL/5273/EXP/ES/2015,,23.99,29.29,27.19
2026-08-17,,,,,PL/5272/EXP/ES/2015,,23.99,28.89,26.99
2026-08-17,,,,,PL/5271/EXP/ES/2015,,23.89,29.29,
2026-08-17,,,,,PL/5270/EXP/ES/2015,,23.59,28.14,26.97
2026-08-17,,,,,PL/527/EXP/ES/2015,,24.49,29.99,27.99
2026-08-17,,,,,PL/5269/EXP/ES/2015,,23.98,29.28,26.98
2026-08-17,,,,,PL/5268/EXP/ES/2015,,23.19,27.85,26.71
2026-08-17,,,,,PL/5267/EXP/ES/2015,,23.35,28.49,26.95
2026-08-17,,,,,PL/5266/EXP/ES/2015,,23.75,28.48,26.99
2026-08-17,,,,,PL/5265/EXP/ES/2015,,23.23,27.95,26.99
2026-08-17,,,,,PL/5264/EXP/ES/2015,,23.89,27.89,27.49
2026-08-17,,,,,PL/5263/EXP/ES/2015,,23.02,27.79,
2026-08-17,,,,,PL/5262/EXP/ES/2015,,23.99,28.59,27.00
2026-08-17,,,,,PL/5261/EXP/ES/2015,,23.96,28.23,26.99
2026-08-17,,,,,PL/5260/EXP/ES/2015,,23.87,28.32,26.99
2026-08-17,,,,,PL/526/EXP/ES/2015,,24.49,29.99,
2026-08-17,,,,,PL/5259/EXP/ES/2015,,23.99,28.99,26.89
2026-08-17,,,,,PL/5258/EXP/ES/2015,,23.99,29.29,26.99
2026-08-17,,,,,PL/5257/EXP/ES/2015,,23.99,27.99,
2026-08-17,,,,,PL/5256/EXP/ES/2015,,23.99,28.15,27.00
2026-08-17,,,,,PL/5255/EXP/ES/2015,,23.99,27.99,27.00
2026-08-17,,,,,PL/5254/EXP/ES/2015,,23.99,28.05,27.00
2026-08-17,,,,,PL/5253/EXP/ES/2015,,,27.99,26.99
2026-08-17,,,,,PL/5252/EXP/ES/2015,,23.99,28.05,
2026-08-17,,,,,PL/5251/EXP/ES/2015,,23.99,28.99,27.00
2026-08-17,,,,,PL/5250/EXP/ES/2015,,24.99,29.99,27.00
2026-08-17,,,,,PL/525/EXP/ES/2015,,24.49,29.99,26.99
2026-08-17,,,,,PL/5249/EXP/ES/2015,,23.97,29.80,27.42
2026-08-17,,,,,PL/5248/EXP/ES/2015,,23.97,28.90,27.00
2026-08-17,,,,,PL/5247/EXP/ES/2015,,24.49,29.99,27.50
2026-08-17,,,,,PL/5246/EXP/ES/2015,,23.99,28.20,27.50
2026-08-17,,,,,PL/5245/EXP/ES/2015,,23.99,28.69,27.00
2026-08-17,,,,,PL/5244/EXP/ES/2015,,23.98,28.48,26.99
2026-08-17,,,,,PL/5243/EXP/ES/2015,,23.99,29.99,
2026-08-17,,,,,PL/5242/EXP/ES/2015,,23.98,28.90,26.99
2026-08-17,,,,,PL/5241/EXP/ES/2015,,24.49,29.99,
2026-08-17,,,,,PL/5240/EXP/ES/2015,,23.99,27.80,27.00
2026-08-17,,,,,PL/524/EXP/ES/2015,,24.59,29.29,26.99
2026-08-17,,,,,PL/5239/EXP/ES/2015,,23.99,28.99,27.00
2026-08-17,,,,,PL/5238/EXP/ES/2015,,23.99,27.10,27.00
2026-08-17,,,,,PL/5237/EXP/ES/2015,,23.99,28.99,27.00
2026-08-17,,,,,PL/5236/EXP/ES/2015,,23.99,29.09,26.99
2026-08-17,,,,,PL/5235/EXP/ES/2015,,23.99,,26.99
2026-08-17,,,,,PL/5234/EXP/ES/2015,,23.99,28.14,27.00
2026-08-17,,,,,PL/5233/EXP/ES/2015,,20.79,26.89,26.99
2026-08-17,,,,,PL/5232/EXP/ES/2015,,23.54,27.83,25.39
2026-08-17,,,,,PL/5231/EXP/ES/2015,,22.99,,26.99
2026-08-17,,,,,PL/5230/EXP/ES/2015,,23.54,27.83,25.39
2026-08-17,,,,,PL/523/EXP/ES/2015,,24.49,29.99,
2026-08-17,,,,,PL/5229/EXP/ES/2015,,23.99,29.32,27.00
2026-08-17,,,,,PL/5228/EXP/ES/2015,,23.54,27.83,25.39
2026-08-17,,,,,PL/5227/EXP/ES/2015,,23.54,27.83,25.39
2026-08-17,,,,,PL/5225/EXP/ES/2015,,22.99,28.99,26.49
2026-08-17,,,,,PL/5224/EXP/ES/2015,,23.54,27.83,25.39
2026-08-17,,,,,PL/5223/EXP/ES/2015,,23.99,27.99,27.00
2026-08-17,,,,,PL/5221/EXP/ES/2015,,24.49,,27.20
2026-08-17,,,,,PL/5220/EXP/ES/2015,,21.29,24.79,25.39
2026-08-17,,,,,PL/522/EXP/ES/2015,,20.99,24.99,
2026-08-17,,,,,PL/5219/EXP/ES/2015,,23.99,29.32,27.00
2026-08-17,,,,,PL/5218/EXP/ES/2015,,23.89,28.99,27.00
2026-08-17,,,,,PL/5217/EXP/ES/2015,,23.99,29.75,27.00
2026-08-17,,,,,PL/5216/EXP/ES/2015,,22.90,27.77,26.85
2026-08-17,,,,,PL/5215/EXP/ES/2015,,23.99,28.99,27.00
2026-08-17,,,,,PL/5214/EXP/ES/2015,,23.54,27.83,
2026-08-17,,,,,PL/5213/EXP/ES/2015,,23.43,27.79,26.84
2026-08-17,,,,,PL/5212/EXP/ES/2015,,23.54,27.83,25.39
2026-08-17,,,,,PL/5211/EXP/ES/2015,,23.99,,28.00
2026-08-17,,,,,PL/5210/EXP/ES/2015,,23.99,27.99,26.99
2026-08-17,,,,,PL/521/EXP/ES/2015,,24.49,29.99,
2026-08-17,,,,,PL/5209/EXP/ES/2015,,23.54,27.83,25.39
2026-08-17,,,,,PL/5208/EXP/ES/2015,,23.99,,27.00
2026-08-17,,,,,PL/5207/EXP/ES/2015,,23.54,27.83,25.39
2026-08-17,,,,,PL/5206/EXP/ES/2015,,19.19,23.29,
2026-08-17,,,,,PL/5205/EXP/ES/2015,,19.19,23.29,
2026-08-17,,,,,PL/5204/EXP/ES/2015,,19.19,23.29,
2026-08-17,,,,,PL/5203/EXP/ES/2015,,23.09,28.09,26.94
2026-08-17,,,,,PL/5202/EXP/ES/2015,,19.19,23.29,
2026-08-17,,,,,PL/5201/EXP/ES/2015,,24.40,,27.00
2026-08-17,,,,,PL/5200/EXP/ES/2015,,25.50,30.99,29.95
2026-08-17,,,,,PL/520/EXP/ES/2015,,24.49,29.99,26.99
2026-08-17,,,,,PL/5199/EXP/ES/2015,,23.54,27.83,25.39
2026-08-17,,,,,PL/5198/EXP/ES/2015,,23.58,27.95,27.00
2026-08-17,,,,,PL/5197/EXP/ES/2015,,23.54,27.83,25.39
2026-08-17,,,,,PL/5196/EXP/ES/2015,,23.99,28.99,27.00
2026-08-17,,,,,PL/5195/EXP/ES/2015,,19.73,24.95,
2026-08-17,,,,,PL/5194/EXP/ES/2015,,22.99,26.99,
2026-08-17,,,,,PL/5193/EXP/ES/2015,,23.99,23.99,26.99
2026-08-17,,,,,PL/5192/EXP/ES/2015,,24.69,29.99,26.99
2026-08-17,,,,,PL/5191/EXP/ES/2015,,23.99,28.99,27.00
2026-08-17,,,,,PL/5190/EXP/ES/2015,,23.99,28.69,27.00
2026-08-17,,,,,PL/519/EXP/ES/2015,,24.49,29.99,26.99
2026-08-17,,,,,PL/5189/EXP/ES/2015,,19.55,25.29,
2026-08-17,,,,,PL/5188/EXP/ES/2015,,21.15,26.85,
2026-08-17,,,,,PL/5187/EXP/ES/2015,,22.99,27.15,26.48
2026-08-17,,,,,PL/5186/EXP/ES/2015,,23.99,27.94,
2026-08-17,,,,,PL/5185/EXP/ES/2015,,21.15,26.85,
2026-08-17,,,,,PL/5184/EXP/ES/2015,,21.15,26.85,
2026-08-17,,,,,PL/5183/EXP/ES/2015,,19.99,24.99,
2026-08-17,,,,,PL/5182/EXP/ES/2015,,19.83,24.97,
2026-08-17,,,,,PL/5181/EXP/ES/2015,,23.59,28.29,27.00
2026-08-17,,,,,PL/5180/EXP/ES/2015,,23.99,27.94,
2026-08-17,,,,PETROMAX S.A. DE C.V.,PL/518/EXP/ES/2015,Carretera Guadalajara - Morelia Km 3.5,24.59,29.99,
2026-08-17,,,,,PL/5179/EXP/ES/2015,,20.05,25.49,25.37
2026-08-17,,,,,PL/5178/EXP/ES/2015,,19.99,24.99,
2026-08-17,,,,,PL/5177/EXP/ES/2015,,23.99,29.50,27.00
2026-08-17,,,,,PL/5176/EXP/ES/2015,,,,29.50
2026-08-17,,,,,PL/5175/EXP/ES/2015,,24.49,29.49,27.99
2026-08-17,,,,,PL/5174/EXP/ES/2015,,23.99,29.00,27.46
2026-08-17,,,,,PL/5173/EXP/ES/2015,,19.49,24.99,
2026-08-17,,,,,PL/5172/EXP/ES/2015,,23.99,29.94,26.99
2026-08-17,,,,,PL/5171/EXP/ES/2015,,23.99,29.00,27.00
2026-08-17,,,,,PL/5170/EXP/ES/2015,,24.40,,28.50
2026-08-17,,,,,PL/517/EXP/ES/2015,,24.49,29.99,
2026-08-17,,,,,PL/5169/EXP/ES/2015,,23.99,28.99,27.00
2026-08-17,,,,,PL/5168/EXP/ES/2015,,23.99,,27.00
2026-08-17,,,,,PL/5167/EXP/ES/2015,,22.39,26.99,26.39
2026-08-17,,,,,PL/5166/EXP/ES/2015,,19.19,23.29,
2026-08-17,,,,,PL/5165/EXP/ES/2015,,23.99,28.40,27.00
2026-08-17,,,,,PL/5164/EXP/ES/2015,,23.99,28.99,27.00
2026-08-17,,,,,PL/5163/EXP/ES/2015,,23.99,28.50,27.00
2026-08-17,,,,,PL/5162/EXP/ES/2015,,19.19,,
2026-08-17,,,,,PL/5161/EXP/ES/2015,,23.99,28.35,27.00
2026-08-17,,,,,PL/5160/EXP/ES/2015,,24.00,29.30,26.99
2026-08-17,,,,,PL/516/EXP/ES/2015,,24.49,29.99,
2026-08-17,,,,,PL/5159/EXP/ES/2015,,19.19,,
2026-08-17,,,,,PL/5158/EXP/ES/2015,,19.19,,
2026-08-17,,,,,PL/5157/EXP/ES/2015,,24.99,29.99,
2026-08-17,,,,,PL/5156/EXP/ES/2015,,23.99,28.35,27.00
2026-08-17,,,,,PL/5155/EXP/ES/2015,,23.99,28.20,27.50
2026-08-17,,,,,PL/5154/EXP/ES/2015,,23.99,29.49,
2026-08-17,,,,,PL/5153/EXP/ES/2015,,23.99,27.99,26.99
2026-08-17,,,,,PL/5152/EXP/ES/2015,,23.99,29.59,27.00
2026-08-17,,,,,PL/5151/EXP/ES/2015,,23.90,,26.99
2026-08-17,,,,,PL/5150/EXP/ES/2015,,23.99,27.92,26.99
2026-08-17,,,,,PL/515/EXP/ES/2015,,24.49,29.99,
2026-08-17,,,,,PL/5149/EXP/ES/2015,,23.99,27.79,
2026-08-17,,,,,PL/5148/EXP/ES/2015,,23.56,28.44,
2026-08-17,,,,,PL/5147/EXP/ES/2015,,24.45,28.58,27.49
2026-08-17,,,,,PL/5146/EXP/ES/2015,,23.98,29.58,26.99
2026-08-17,,,,,PL/5145/EXP/ES/2015,,19.19,23.29,
2026-08-17,,,,,PL/5144/EXP/ES/2015,,19.19,23.29,
2026-08-17,,,,,PL/5143/EXP/ES/2015,,19.19,23.29,
2026-08-17,,,,,PL/5142/EXP/ES/2015,,19.19,23.29,
2026-08-17,,,,,PL/5141/EXP/ES/2015,,19.19,23.29,
2026-08-17,,,,,PL/5140/EXP/ES/2015,,19.19,23.29,
2026-08-17,,,,,PL/514/EXP/ES/2015,,24.49,29.99,
2026-08-17,,,,,PL/5139/EXP/ES/2015,,19.19,23.29,
2026-08-17,,,,,PL/5138/EXP/ES/2015,,19.19,23.29,
2026-08-17,,,,,PL/5137/EXP/ES/2015,,19.19,23.29,
2026-08-17,,,,,PL/5136/EXP/ES/2015,,19.19,23.29,
2026-08-17,,,,,PL/5135/EXP/ES/2015,,19.19,23.29,
2026-08-17,,,,,PL/5134/EXP/ES/2015,,19.19,23.29,
2026-08-17,,,,,PL/5133/EXP/ES/2015,,19.19,23.29,
2026-08-17,,,,,PL/5132/EXP/ES/2015,,19.19,23.29,
2026-08-17,,,,,PL/5131/EXP/ES/2015,,19.19,23.29,
2026-08-17,,,,,PL/5130/EXP/ES/2015,,19.19,23.29,
2026-08-17,,,,,PL/513/EXP/ES/2015,,24.49,29.99,27.99
2026-08-17,,,,,PL/5129/EXP/ES/2015,,19.19,23.29,
2026-08-17,,,,,PL/5128/EXP/ES/2015,,19.19,23.29,
2026-08-17,,,,,PL/5127/EXP/ES/2015,,19.19,23.29,
2026-08-17,,,,,PL/5126/EXP/ES/2015,,19.19,23.29,
2026-08-17,,,,,PL/5125/EXP/ES/2015,,19.19,23.29,
2026-08-17,,,,,PL/5124/EXP/ES/2015,,19.19,23.29,25.39
2026-08-17,,,,,PL/5123/EXP/ES/2015,,19.19,23.29,
2026-08-17,,,,,PL/5122/EXP/ES/2015,,19.19,23.29,
2026-08-17,,,,,PL/5121/EXP/ES/2015,,19.19,23.29,
2026-08-17,,,,,PL/5120/EXP/ES/2015,,19.19,23.29,
2026-08-17,,,,PETROMAX S.A. DE C.V.,PL/512/EXP/ES/2015,Carretera México - Guadalajara,24.49,29.99,
2026-08-17,,,,,PL/5119/EXP/ES/2015,,19.19,23.29,
2026-08-17,,,,,PL/5118/EXP/ES/2015,,19.19,23.29,
2026-08-17,,,,,PL/5117/EXP/ES/2015,,19.19,23.29,
2026-08-17,,,,,PL/5116/EXP/ES/2015,,19.19,23.29,
2026-08-17,,,,,PL/5115/EXP/ES/2015,,22.20,27.51,
2026-08-17,,,,,PL/5114/EXP/ES/2015,,23.84,27.79,26.99
2026-08-17,,,,,PL/5113/EXP/ES/2015,,24.00,29.30,27.00
2026-08-17,,,,,PL/5112/EXP/ES/2015,,23.25,27.78,25.35
2026-08-17,,,,,PL/5110/EXP/ES/2015,,23.97,27.97,26.97
2026-08-17,,,,,PL/511/EXP/ES/2015,,20.99,24.99,
2026-08-17,,,,,PL/5109/EXP/ES/2015,,23.99,29.49,27.00
2026-08-17,,,,,PL/5108/EXP/ES/2015,,26.48,,29.98
2026-08-17,,,,,PL/5107/EXP/ES/2015,,23.98,29.79,26.99
2026-08-17,,,,,PL/5106/EXP/ES/2015,,23.99,29.59,26.99
2026-08-17,,,,,PL/5105/EXP/ES/2015,,23.95,29.70,
2026-08-17,,,,,PL/5104/EXP/ES/2015,,23.99,29.69,27.00
2026-08-17,,,,,PL/5103/EXP/ES/2015,,23.99,29.49,
2026-08-17,,,,,PL/5102/EXP/ES/2015,,22.30,23.50,25.40
2026-08-17,,,,,PL/5101/EXP/ES/2015,,23.99,29.19,26.99
2026-08-17,,,,,PL/5100/EXP/ES/2015,,24.69,29.99,26.99
2026-08-17,,,,,PL/5099/EXP/ES/2015,,23.99,29.69,27.00
2026-08-17,,,,,PL/5098/EXP/ES/2015,,23.39,,28.00
2026-08-17,,,,,PL/5097/EXP/ES/2015,,21.84,27.29,25.39
2026-08-17,,,,,PL/5096/EXP/ES/2015,,23.99,29.69,
2026-08-17,,,,,PL/5095/EXP/ES/2015,,22.19,27.29,
2026-08-17,,,,,PL/5094/EXP/ES/2015,,23.99,27.53,27.00
2026-08-17,,,,,PL/5093/EXP/ES/2015,,23.48,27.68,
2026-08-17,,,,,PL/5092/EXP/ES/2015,,23.99,30.65,26.99
2026-08-17,,,,,PL/5091/EXP/ES/2015,,20.50,,25.38
2026-08-17,,,,,PL/509/EXP/ES/2015,,24.89,29.99,27.99
2026-08-17,,,,,PL/5089/EXP/ES/2015,,23.89,27.79,27.00
2026-08-17,,,,,PL/5088/EXP/ES/2015,,21.95,26.87,25.37
2026-08-17,,,,,PL/5087/EXP/ES/2015,,23.99,28.05,27.00
2026-08-17,,,,,PL/5086/EXP/ES/2015,,23.99,29.99,
2026-08-17,,,,,PL/5085/EXP/ES/2015,,23.99,28.99,
2026-08-17,,,,,PL/5084/EXP/ES/2015,,23.99,28.75,27.00
2026-08-17,,,,,PL/5083/EXP/ES/2015,,23.99,29.79,26.99
2026-08-17,,,,,PL/5082/EXP/ES/2015,,23.99,28.75,27.00
2026-08-17,,,,,PL/5081/EXP/ES/2015,,23.99,28.09,26.99
2026-08-17,,,,,PL/5080/EXP/ES/2015,,23.99,28.80,27.40
2026-08-17,,,,,PL/508/EXP/ES/2015,,24.89,29.99,
2026-08-17,,,,,PL/5079/EXP/ES/2015,,23.99,29.49,28.99
2026-08-17,,,,,PL/5078/EXP/ES/2015,,23.99,28.89,26.85
2026-08-17,,,,,PL/5077/EXP/ES/2015,,22.85,27.50,26.55
2026-08-17,,,,,PL/5076/EXP/ES/2015,,23.99,28.49,26.99
2026-08-17,,,,,PL/5074/EXP/ES/2015,,23.39,28.49,26.99
2026-08-17,,,,,PL/5073/EXP/ES/2015,,23.99,29.39,27.39
2026-08-17,,,,,PL/5072/EXP/ES/2015,,23.99,,
2026-08-17,,,,,PL/5071/EXP/ES/2015,,20.99,26.90,
2026-08-17,,,,,PL/5070/EXP/ES/2015,,23.99,28.49,25.39
2026-08-17,,,,,PL/507/EXP/ES/2015,,24.89,29.99,27.99
2026-08-17,,,,,PL/5069/EXP/ES/2015,,23.99,29.97,27.00
2026-08-17,,,,,PL/5068/EXP/ES/2015,,23.99,28.65,27.00
2026-08-17,,,,,PL/5067/EXP/ES/2015,,22.99,28.99,26.99
2026-08-17,,,,,PL/5066/EXP/ES/2015,,21.99,27.99,25.37
2026-08-17,,,,,PL/5065/EXP/ES/2015,,23.99,28.99,
2026-08-17,,,,,PL/5064/EXP/ES/2015,,23.99,29.29,
2026-08-17,,,,,PL/5063/EXP/ES/2015,,24.00,29.96,27.00
2026-08-17,,,,,PL/5062/EXP/ES/2015,,23.99,29.99,27.00
2026-08-17,,,,,PL/5061/EXP/ES/2015,,23.79,28.99,26.99
2026-08-17,,,,,PL/5060/EXP/ES/2015,,23.99,28.49,27.00
2026-08-17,,,,,PL/506/EXP/ES/2015,,23.99,29.89,27.49
2026-08-17,,,,,PL/5059/EXP/ES/2015,,23.99,28.89,26.99
2026-08-17,,,,,PL/5058/EXP/ES/2015,,23.29,27.99,26.48
2026-08-17,,,,,PL/5057/EXP/ES/2015,,24.49,29.79,27.00
2026-08-17,,,,,PL/5056/EXP/ES/2015,,24.49,29.79,27.00
2026-08-17,,,,ESTACIÓN DE SERVICIO PLEYADES S.A. DE C.V.,PL/5055/EXP/ES/2015,Avenida Mariano Otero No. 4153,23.99,29.99,
2026-08-17,,,,,PL/505/EXP/ES/2015,,24.19,29.99,27.29
2026-08-17,,,,,PL/504/EXP/ES/2015,,24.39,29.99,27.49
2026-08-17,,,,GRUPO OCTANO S.A. DE C.V.,PL/503/EXP/ES/2015,Avenida Vallarta No. 6503,23.99,29.99,
2026-08-17,,,,,PL/502/EXP/ES/2015,,23.39,29.89,
2026-08-17,,,,,PL/501/EXP/ES/2015,,23.99,29.14,27.00
2026-08-17,,,,,PL/500/EXP/ES/2015,,23.99,29.14,
2026-08-17,,,,,PL/499/EXP/ES/2015,,24.49,29.99,26.99
2026-08-17,,,,,PL/498/EXP/ES/2015,,23.99,29.14,26.99
2026-08-17,,,,,PL/4970/EXP/ES/2015,,20.29,24.79,
2026-08-17,,,,,PL/497/EXP/ES/2015,,23.99,29.14,26.99
2026-08-17,,,,,PL/4969/EXP/ES/2015,,24.48,29.10,28.30
2026-08-17,,,,,PL/4968/EXP/ES/2015,,24.28,28.19,27.00
2026-08-17,,,,,PL/4967/EXP/ES/2015,,23.99,30.39,27.99
2026-08-17,,,,,PL/4966/EXP/ES/2015,,23.99,25.89,26.09
2026-08-17,,,,,PL/4965/EXP/ES/2015,,23.99,29.99,26.99
2026-08-17,,,,,PL/4964/EXP/ES/2015,,22.99,27.65,
2026-08-17,,,,,PL/4963/EXP/ES/2015,,23.64,28.99,26.79
2026-08-17,,,,,PL/4962/EXP/ES/2015,,23.99,25.09,25.39
2026-08-17,,,,,PL/4961/EXP/ES/2015,,22.99,27.65,
2026-08-17,,,,,PL/4960/EXP/ES/2015,,23.99,30.79,27.99
2026-08-17,,,,,PL/496/EXP/ES/2015,,24.49,29.99,27.99
2026-08-17,,,,,PL/4959/EXP/ES/2015,,23.99,29.99,
2026-08-17,,,,,PL/4958/EXP/ES/2015,,23.99,30.69,27.99
2026-08-17,,,,,PL/4957/EXP/ES/2015,,22.99,27.18,26.99
2026-08-17,,,,,PL/4956/EXP/ES/2015,,23.39,27.99,
2026-08-17,,,,,PL/4955/EXP/ES/2015,,23.95,29.29,27.00
2026-08-17,,,,,PL/4954/EXP/ES/2015,,23.75,27.79,26.99
2026-08-17,,,,,PL/4953/EXP/ES/2015,,22.95,28.92,26.88
2026-08-17,,,,,PL/4952/EXP/ES/2015,,23.89,28.59,
2026-08-17,,,,,PL/4951/EXP/ES/2015,,23.50,27.99,27.00
2026-08-17,,,,,PL/4950/EXP/ES/2015,,,29.97,27.00
2026-08-17,,,,,PL/4949/EXP/ES/2015,,23.99,,
2026-08-17,,,,,PL/4948/EXP/ES/2015,,23.99,29.24,27.00
2026-08-17,,,,,PL/4947/EXP/ES/2015,,19.19,23.29,
2026-08-17,,,,,PL/4946/EXP/ES/2015,,23.95,28.89,26.99
2026-08-17,,,,,PL/4945/EXP/ES/2015,,23.05,28.99,
2026-08-17,,,,,PL/4944/EXP/ES/2015,,19.75,22.55,19.99
2026-08-17,,,,,PL/4943/EXP/ES/2015,,23.99,27.99,
2026-08-17,,,,,PL/4942/EXP/ES/2015,,23.89,28.29,26.99
2026-08-17,,,,,PL/4941/EXP/ES/2015,,23.99,,27.00
2026-08-17,,,,,PL/4940/EXP/ES/2015,,23.99,27.94,26.99
2026-08-17,,,,,PL/494/EXP/ES/2015,,24.49,29.99,
2026-08-17,,,,,PL/4939/EXP/ES/2015,,23.99,27.39,27.00
2026-08-17,,,,,PL/4938/EXP/ES/2015,,23.59,27.89,
2026-08-17,,,,,PL/4937/EXP/ES/2015,,24.49,29.29,26.99
2026-08-17,,,,,PL/4936/EXP/ES/2015,,23.99,29.19,26.99
2026-08-17,,,,,PL/4935/EXP/ES/2015,,23.99,28.49,26.99
2026-08-17,,,,,PL/4934/EXP/ES/2015,,23.99,28.40,27.00
2026-08-17,,,,,PL/4933/EXP/ES/2015,,23.89,27.59,26.98
2026-08-17,,,,,PL/4932/EXP/ES/2015,,22.99,,26.15
2026-08-17,,,,,PL/4931/EXP/ES/2015,,23.99,29.49,
2026-08-17,,,,,PL/4930/EXP/ES/2015,,23.99,28.48,26.99
2026-08-17,,,,,PL/493/EXP/ES/2015,,21.29,24.99,
2026-08-17,,,,,PL/4929/EXP/ES/2015,,23.99,29.19,26.99
2026-08-17,,,,,PL/4928/EXP/ES/2015,,23.99,28.59,26.99
2026-08-17,,,,,PL/4927/EXP/ES/2015,,23.19,27.99,
2026-08-17,,,,,PL/4926/EXP/ES/2015,,24.00,29.49,27.00
2026-08-17,,,,,PL/4925/EXP/ES/2015,,23.99,29.89,
2026-08-17,,,,,PL/4924/EXP/ES/2015,,23.29,27.99,26.99
2026-08-17,,,,,PL/4923/EXP/ES/2015,,23.99,29.25,
2026-08-17,,,,,PL/4922/EXP/ES/2015,,23.99,28.55,27.00
2026-08-17,,,,,PL/4921/EXP/ES/2015,,23.99,29.89,
2026-08-17,,,,,PL/4920/EXP/ES/2015,,23.99,29.99,28.99
2026-08-17,,,,,PL/492/EXP/ES/2015,,24.49,29.99,
2026-08-17,,,,,PL/4919/EXP/ES/2015,,23.99,29.59,27.00
2026-08-17,,,,,PL/4918/EXP/ES/2015,,24.69,29.99,27.00
2026-08-17,,,,,PL/4917/EXP/ES/2015,,,,27.00
2026-08-17,,,,,PL/4915/EXP/ES/2015,,23.92,28.00,27.00
2026-08-17,,,,,PL/4913/EXP/ES/2015,,23.99,28.55,27.00
2026-08-17,,,,,PL/4912/EXP/ES/2015,,23.99,29.58,26.99
2026-08-17,,,,,PL/4911/EXP/ES/2015,,23.98,28.89,26.99
2026-08-17,,,,,PL/4910/EXP/ES/2015,,23.90,28.15,27.00
2026-08-17,,,,,PL/491/EXP/ES/2015,,21.29,24.99,
2026-08-17,,,,,PL/4909/EXP/ES/2015,,23.57,28.37,26.88
2026-08-17,,,,,PL/4908/EXP/ES/2015,,23.40,28.25,26.99
2026-08-17,,,,,PL/4907/EXP/ES/2015,,23.46,28.36,26.99
2026-08-17,,,,,PL/4906/EXP/ES/2015,,23.99,28.55,27.00
2026-08-17,,,,,PL/4905/EXP/ES/2015,,23.99,28.79,26.95
2026-08-17,,,,,PL/4904/EXP/ES/2015,,22.94,27.74,
2026-08-17,,,,,PL/4903/EXP/ES/2015,,23.99,,27.00
2026-08-17,,,,,PL/4902/EXP/ES/2015,,23.81,28.29,26.99
2026-08-17,,,,,PL/4901/EXP/ES/2015,,23.71,28.00,
2026-08-17,,,,,PL/4900/EXP/ES/2015,,23.89,28.89,27.00
2026-08-17,,,,,PL/490/EXP/ES/2015,,24.59,29.49,26.99
2026-08-17,,,,,PL/4899/EXP/ES/2015,,23.99,28.95,27.00
2026-08-17,,,,,PL/4898/EXP/ES/2015,,23.40,28.10,
2026-08-17,,,,,PL/4897/EXP/ES/2015,,22.45,26.95,25.99
2026-08-17,,,,,PL/4896/EXP/ES/2015,,23.99,28.99,27.00
2026-08-17,,,,,PL/4895/EXP/ES/2015,,21.95,26.65,
2026-08-17,,,,,PL/4894/EXP/ES/2015,,24.00,,27.50
2026-08-17,,,,,PL/4893/EXP/ES/2015,,22.55,26.95,
2026-08-17,,,,,PL/4892/EXP/ES/2015,,23.99,28.85,27.00
2026-08-17,,,,,PL/4891/EXP/ES/2015,,22.59,27.50,
2026-08-17,,,,,PL/4890/EXP/ES/2015,,23.85,28.25,27.00
2026-08-17,,,,,PL/489/EXP/ES/2015,,24.49,29.99,
2026-08-17,,,,,PL/4889/EXP/ES/2015,,22.75,26.95,
2026-08-17,,,,,PL/4888/EXP/ES/2015,,20.89,,24.99
2026-08-17,,,,,PL/4887/EXP/ES/2015,,23.20,27.50,27.00
2026-08-17,,,,,PL/4886/EXP/ES/2015,,23.96,28.55,27.07
2026-08-17,,,,,PL/4885/EXP/ES/2015,,24.00,,27.50
2026-08-17,,,,,PL/4884/EXP/ES/2015,,24.40,28.72,27.35
2026-08-17,,,,,PL/4883/EXP/ES/2015,,24.99,,27.00
2026-08-17,,,,,PL/4882/EXP/ES/2015,,21.99,27.29,
2026-08-17,,,,,PL/4881/EXP/ES/2015,,23.80,28.70,26.99
2026-08-17,,,,,PL/4880/EXP/ES/2015,,23.80,28.70,26.99
2026-08-17,,,,,PL/488/EXP/ES/2015,,24.49,29.99,
2026-08-17,,,,,PL/4879/EXP/ES/2015,,23.99,29.58,27.00
2026-08-17,,,,,PL/4878/EXP/ES/2015,,23.99,29.59,27.00
2026-08-17,,,,,PL/4877/EXP/ES/2015,,20.99,,
2026-08-17,,,,,PL/4876/EXP/ES/2015,,23.99,29.58,27.00
2026-08-17,,,,,PL/4875/EXP/ES/2015,,23.67,28.37,26.99
2026-08-17,,,,,PL/4874/EXP/ES/2015,,23.99,28.59,27.00
2026-08-17,,,,,PL/4873/EXP/ES/2015,,23.99,,27.00
2026-08-17,,,,,PL/4872/EXP/ES/2015,,24.00,28.69,27.00
2026-08-17,,,,,PL/4871/EXP/ES/2015,,23.99,29.99,
2026-08-17,,,,,PL/4870/EXP/ES/2015,,23.95,27.50,26.98
2026-08-17,,,,,PL/487/EXP/ES/2015,,24.59,29.99,27.99
2026-08-17,,,,,PL/4869/EXP/ES/2015,,23.93,28.93,
2026-08-17,,,,GASOLINERA CUESCO S.A. DE C.V.,PL/4868/EXP/ES/2015,Carretera Cajititlán-Cuexcomatitlán No. 800 Km 6.40,22.99,28.90,26.99
2026-08-17,,,,,PL/4867/EXP/ES/2015,,22.99,28.99,
2026-08-17,,,,,PL/4866/EXP/ES/2015,,22.39,26.99,
2026-08-17,,,,,PL/4865/EXP/ES/2015,,23.99,29.79,27.00
2026-08-17,,,,,PL/4864/EXP/ES/2015,,24.00,29.59,
2026-08-17,,,,,PL/4863/EXP/ES/2015,,23.99,29.59,
2026-08-17,,,,,PL/4862/EXP/ES/2015,,23.99,27.79,
2026-08-17,,,,,PL/4861/EXP/ES/2015,,23.99,29.59,
2026-08-17,,,,,PL/4860/EXP/ES/2015,,24.49,29.79,27.00
2026-08-17,,,,,PL/486/EXP/ES/2015,,24.49,29.99,
2026-08-17,,,,,PL/4859/EXP/ES/2015,,23.99,29.89,
2026-08-17,,,,,PL/4858/EXP/ES/2015,,23.99,29.89,
2026-08-17,,,,,PL/4857/EXP/ES/2015,,23.99,28.99,27.00
2026-08-17,,,,,PL/4856/EXP/ES/2015,,23.99,28.54,
2026-08-17,,,,,PL/4855/EXP/ES/2015,,23.99,,27.00
2026-08-17,,,,,PL/4854/EXP/ES/2015,,23.99,29.49,
2026-08-17,,,,,PL/4853/EXP/ES/2015,,23.99,29.59,
2026-08-17,,,,,PL/4852/EXP/ES/2015,,23.99,29.99,
2026-08-17,,,,,PL/4851/EXP/ES/2015,,23.99,29.59,
2026-08-17,,,,,PL/4850/EXP/ES/2015,,22.50,28.49,25.99
2026-08-17,,,,,PL/485/EXP/ES/2015,,24.49,29.99,26.99
2026-08-17,,,,,PL/4849/EXP/ES/2015,,24.27,28.19,27.00
2026-08-17,,,,,PL/4848/EXP/ES/2015,,24.50,,28.75
2026-08-17,,,,,PL/4847/EXP/ES/2015,,23.99,28.99,27.00
2026-08-17,,,,,PL/4846/EXP/ES/2015,,23.99,29.39,27.00
2026-08-17,,,,,PL/4845/EXP/ES/2015,,23.99,26.49,26.79
2026-08-17,,,,,PL/4844/EXP/ES/2015,,22.73,27.93,26.93
2026-08-17,,,,,PL/4843/EXP/ES/2015,,23.90,28.73,26.69
2026-08-17,,,,,PL/4842/EXP/ES/2015,,23.99,30.59,
2026-08-17,,,,,PL/4841/EXP/ES/2015,,20.99,26.90,27.00
2026-08-17,,,,,PL/4840/EXP/ES/2015,,23.99,28.70,27.00
2026-08-17,,,,,PL/484/EXP/ES/2015,,24.49,29.99,
2026-08-17,,,,,PL/4839/EXP/ES/2015,,22.92,27.23,26.69
2026-08-17,,,,,PL/4838/EXP/ES/2015,,20.99,26.90,
2026-08-17,,,,,PL/4837/EXP/ES/2015,,,,
2026-08-17,,,,,PL/4836/EXP/ES/2015,,23.95,28.95,27.00
2026-08-17,,,,,PL/4835/EXP/ES/2015,,20.99,26.90,
2026-08-17,,,,,PL/4834/EXP/ES/2015,,22.90,27.23,26.69
2026-08-17,,,,,PL/4833/EXP/ES/2015,,23.27,28.07,
2026-08-17,,,,,PL/4832/EXP/ES/2015,,20.99,26.90,
2026-08-17,,,,,PL/4831/EXP/ES/2015,,23.49,28.18,
2026-08-17,,,,,PL/4830/EXP/ES/2015,,23.79,28.99,26.99
2026-08-17,,,,,PL/483/EXP/ES/2015,,21.29,24.99,
2026-08-17,,,,,PL/4829/EXP/ES/2015,,22.75,26.95,
2026-08-17,,,,,PL/4828/EXP/ES/2015,,23.99,29.99,
2026-08-17,,,,,PL/4827/EXP/ES/2015,,23.79,28.39,26.98
2026-08-17,,,,,PL/4826/EXP/ES/2015,,23.91,27.91,26.91
2026-08-17,,,,,PL/4825/EXP/ES/2015,,23.99,28.95,27.00
2026-08-17,,,,,PL/4824/EXP/ES/2015,,22.95,28.99,
2026-08-17,,,,,PL/4823/EXP/ES/2015,,23.99,29.50,27.00
2026-08-17,,,,,PL/4822/EXP/ES/2015,,23.99,28.79,27.00
2026-08-17,,,,,PL/4821/EXP/ES/2015,,23.75,29.49,26.18
2026-08-17,,,,,PL/4820/EXP/ES/2015,,23.95,28.75,27.00
2026-08-17,,,,,PL/482/EXP/ES/2015,,24.59,29.99,
2026-08-17,,,,,PL/4819/EXP/ES/2015,,22.99,28.39,26.99
2026-08-17,,,,,PL/4818/EXP/ES/2015,,23.99,29.99,27.00
2026-08-17,,,,,PL/4817/EXP/ES/2015,,23.60,,26.99
2026-08-17,,,,,PL/4816/EXP/ES/2015,,23.99,29.99,
2026-08-17,,,,,PL/4815/EXP/ES/2015,,23.99,28.13,26.99
2026-08-17,,,,,PL/4814/EXP/ES/2015,,23.89,28.19,
2026-08-17,,,,,PL/4813/EXP/ES/2015,,23.99,30.89,27.89
2026-08-17,,,,,PL/4812/EXP/ES/2015,,23.99,27.29,27.00
2026-08-17,,,,,PL/4811/EXP/ES/2015,,24.49,25.49,27.00
2026-08-17,,,,,PL/4810/EXP/ES/2015,,23.89,27.94,26.99
2026-08-17,,,,,PL/481/EXP/ES/2015,,24.49,29.99,
2026-08-17,,,,,PL/4809/EXP/ES/2015,,23.99,29.28,
2026-08-17,,,,,PL/4808/EXP/ES/2015,,23.65,28.15,27.00
2026-08-17,,,,,PL/4807/EXP/ES/2015,,23.39,26.96,
2026-08-17,,,,GRUPO SULUMA S.A. DE C.V.,PL/4806/EXP/ES/2015,Carretera Estatal a San Isidro Mazatepec Km 5+200 Santa Cruz de Las Flores,23.99,28.99,27.00
2026-08-17,,,,,PL/4805/EXP/ES/2015,,23.99,30.97,27.89
2026-08-17,,,,,PL/4804/EXP/ES/2015,,23.60,27.99,
2026-08-17,,,,,PL/4803/EXP/ES/2015,,23.99,29.99,
2026-08-17,,,,,PL/4802/EXP/ES/2015,,23.99,29.99,26.99
2026-08-17,,,,,PL/4801/EXP/ES/2015,,23.92,28.98,
2026-08-17,,,,,PL/4800/EXP/ES/2015,,23.99,28.99,27.00
2026-08-17,,,,,PL/480/EXP/ES/2015,,23.99,29.49,
2026-08-17,,,,,PL/4799/EXP/ES/2015,,24.00,29.30,27.00
2026-08-17,,,,,PL/4798/EXP/ES/2015,,23.99,28.13,26.99
2026-08-17,,,,,PL/4797/EXP/ES/2015,,23.99,29.39,27.39
2026-08-17,,,,,PL/4796/EXP/ES/2015,,23.99,25.49,27.00
2026-08-17,,,,,PL/4795/EXP/ES/2015,,23.89,28.04,27.27
2026-08-17,,,,,PL/4794/EXP/ES/2015,,21.75,25.87,25.37
2026-08-17,,,,,PL/4793/EXP/ES/2015,,23.95,28.99,27.00
2026-08-17,,,,,PL/4792/EXP/ES/2015,,23.97,28.79,27.00
2026-08-17,,,,,PL/4791/EXP/ES/2015,,23.17,27.19,26.49
2026-08-17,,,,,PL/4790/EXP/ES/2015,,23.99,29.45,27.00
2026-08-17,,,,,PL/479/EXP/ES/2015,,21.29,24.99,
2026-08-17,,,,,PL/4789/EXP/ES/2015,,23.99,29.50,27.00
2026-08-17,,,,,PL/4788/EXP/ES/2015,,23.99,28.50,
2026-08-17,,,,,PL/4787/EXP/ES/2015,,24.00,,27.00
2026-08-17,,,,,PL/4786/EXP/ES/2015,,23.99,28.99,27.00
2026-08-17,,,,,PL/4785/EXP/ES/2015,,23.99,29.45,27.00
2026-08-17,,,,,PL/4784/EXP/ES/2015,,23.95,28.50,27.00
2026-08-17,,,,,PL/4783/EXP/ES/2015,,24.00,29.02,27.00
2026-08-17,,,,,PL/4782/EXP/ES/2015,,23.97,28.79,27.00
2026-08-17,,,,,PL/4781/EXP/ES/2015,,23.55,27.45,
2026-08-17,,,,,PL/4780/EXP/ES/2015,,23.95,28.39,27.00
2026-08-17,,,,,PL/478/EXP/ES/2015,,24.49,29.49,26.99
2026-08-17,,,,,PL/4779/EXP/ES/2015,,22.80,27.40,26.35
2026-08-17,,,,,PL/4778/EXP/ES/2015,,22.84,,25.39
2026-08-17,,,,,PL/4777/EXP/ES/2015,,23.99,29.85,27.49
2026-08-17,,,,,PL/4776/EXP/ES/2015,,21.28,24.90,25.39
2026-08-17,,,,,PL/4775/EXP/ES/2015,,23.99,27.90,27.00
2026-08-17,,,,,PL/4774/EXP/ES/2015,,23.99,29.69,
2026-08-17,,,,,PL/4773/EXP/ES/2015,,23.99,,28.28
2026-08-17,,,,,PL/4772/EXP/ES/2015,,23.99,28.69,27.00
2026-08-17,,,,,PL/4771/EXP/ES/2015,,23.99,28.16,27.00
2026-08-17,,,,,PL/4770/EXP/ES/2015,,23.39,28.59,
2026-08-17,,,,,PL/477/EXP/ES/2015,,21.99,24.99,
2026-08-17,,,,,PL/4769/EXP/ES/2015,,23.63,27.99,
2026-08-17,,,,,PL/4768/EXP/ES/2015,,24.00,,27.00
2026-08-17,,,,,PL/4766/EXP/ES/2015,,23.99,,27.00
2026-08-17,,,,,PL/4765/EXP/ES/2015,,23.39,28.79,27.00
2026-08-17,,,,,PL/4764/EXP/ES/2015,,23.99,29.59,
2026-08-17,,,,,PL/4763/EXP/ES/2015,,23.70,,
2026-08-17,,,,,PL/4762/EXP/ES/2015,,23.99,28.69,27.00
2026-08-17,,,,,PL/4761/EXP/ES/2015,,24.99,29.98,27.00
2026-08-17,,,,,PL/4760/EXP/ES/2015,,24.49,29.99,27.00
2026-08-17,,,,,PL/476/EXP/ES/2015,,24.59,29.99,
2026-08-17,,,,,PL/4759/EXP/ES/2015,,23.79,28.78,27.05
2026-08-17,,,,,PL/4758/EXP/ES/2015,,23.99,28.39,
2026-08-17,,,,,PL/4757/EXP/ES/2015,,23.99,28.35,
2026-08-17,,,,,PL/4756/EXP/ES/2015,,23.99,28.35,27.00
2026-08-17,,,,,PL/4755/EXP/ES/2015,,23.80,27.38,27.00
2026-08-17,,,,,PL/4754/EXP/ES/2015,,23.95,,26.99
2026-08-17,,,,,PL/4753/EXP/ES/2015,,23.99,28.00,26.98
2026-08-17,,,,,PL/4752/EXP/ES/2015,,23.99,29.00,27.00
2026-08-17,,,,,PL/4751/EXP/ES/2015,,23.50,,26.99
2026-08-17,,,,,PL/4750/EXP/ES/2015,,23.99,28.69,27.00
2026-08-17,,,,,PL/475/EXP/ES/2015,,19.99,24.99,
2026-08-17,,,,,PL/4749/EXP/ES/2015,,23.99,28.99,27.00
2026-08-17,,,,,PL/4748/EXP/ES/2015,,24.00,28.30,27.00
2026-08-17,,,,,PL/4747/EXP/ES/2015,,24.00,28.30,27.00
2026-08-17,,,,,PL/4746/EXP/ES/2015,,23.99,28.45,
2026-08-17,,,,,PL/4745/EXP/ES/2015,,24.00,28.65,27.00
2026-08-17,,,,,PL/4744/EXP/ES/2015,,23.99,,27.00
2026-08-17,,,,,PL/4743/EXP/ES/2015,,23.97,28.74,
2026-08-17,,,,,PL/4742/EXP/ES/2015,,23.99,28.99,27.00
2026-08-17,,,,,PL/4741/EXP/ES/2015,,23.99,28.99,
2026-08-17,,,,,PL/4740/EXP/ES/2015,,24.00,28.30,27.00
2026-08-17,,,,,PL/474/EXP/ES/2015,,24.49,29.99,
2026-08-17,,,,,PL/4739/EXP/ES/2015,,23.99,28.79,27.00
2026-08-17,,,,,PL/4738/EXP/ES/2015,,23.99,28.79,27.00
2026-08-17,,,,,PL/4737/EXP/ES/2015,,23.99,28.69,27.00
2026-08-17,,,,,PL/4736/EXP/ES/2015,,23.99,28.69,
2026-08-17,,,,,PL/4735/EXP/ES/2015,,23.99,28.69,
2026-08-17,,,,,PL/4734/EXP/ES/2015,,24.49,,26.99
2026-08-17,,,,,PL/4733/EXP/ES/2015,,23.99,,
2026-08-17,,,,,PL/4732/EXP/ES/2015,,23.99,29.79,27.00
2026-08-17,,,,,PL/4731/EXP/ES/2015,,24.50,30.50,27.00
2026-08-17,,,,,PL/4730/EXP/ES/2015,,23.99,28.80,27.95
2026-08-17,,,,,PL/473/EXP/ES/2015,,24.49,29.99,
2026-08-17,,,,,PL/4729/EXP/ES/2015,,23.99,28.69,
2026-08-17,,,,,PL/4728/EXP/ES/2015,,23.97,28.50,
2026-08-17,,,,,PL/4727/EXP/ES/2015,,20.99,24.49,
2026-08-17,,,,,PL/4726/EXP/ES/2015,,23.99,29.59,
2026-08-17,,,,,PL/4725/EXP/ES/2015,,23.99,29.97,27.00
2026-08-17,,,,,PL/4724/EXP/ES/2015,,23.99,29.59,27.00
2026-08-17,,,,,PL/4723/EXP/ES/2015,,24.40,28.73,27.35
2026-08-17,,,,,PL/4722/EXP/ES/2015,,22.46,27.49,25.15
2026-08-17,,,,,PL/4721/EXP/ES/2015,,23.99,29.59,
2026-08-17,,,,,PL/4720/EXP/ES/2015,,23.95,,
2026-08-17,,,,,PL/472/EXP/ES/2015,,24.49,29.99,
2026-08-17,,,,,PL/4719/EXP/ES/2015,,23.98,28.97,
2026-08-17,,,,,PL/4718/EXP/ES/2015,,23.54,27.98,
2026-08-17,,,,,PL/4717/EXP/ES/2015,,23.99,29.99,
2026-08-17,,,,,PL/4715/EXP/ES/2015,,23.30,,27.00
2026-08-17,,,,,PL/4714/EXP/ES/2015,,23.88,28.98,26.98
2026-08-17,,,,,PL/4713/EXP/ES/2015,,23.08,27.99,26.98
2026-08-17,,,,,PL/4712/EXP/ES/2015,,23.50,27.80,26.99
2026-08-17,,,,,PL/4711/EXP/ES/2015,,23.99,28.99,27.00
2026-08-17,,,,,PL/4710/EXP/ES/2015,,23.99,29.59,
2026-08-17,,,,,PL/471/EXP/ES/2015,,24.59,29.69,26.99
2026-08-17,,,,,PL/4709/EXP/ES/2015,,23.99,28.79,27.00
2026-08-17,,,,,PL/4708/EXP/ES/2015,,23.99,28.55,27.00
2026-08-17,,,,,PL/4707/EXP/ES/2015,,23.99,27.99,
2026-08-17,,,,,PL/4706/EXP/ES/2015,,23.99,29.69,26.99
2026-08-17,,,,,PL/4705/EXP/ES/2015,,23.99,29.58,
2026-08-17,,,,,PL/4704/EXP/ES/2015,,23.99,28.93,
2026-08-17,,,,,PL/4703/EXP/ES/2015,,23.99,28.99,
2026-08-17,,,,,PL/4702/EXP/ES/2015,,23.98,28.90,27.00
2026-08-17,,,,,PL/4701/EXP/ES/2015,,23.99,29.59,
2026-08-17,,,,,PL/4700/EXP/ES/2015,,23.99,28.93,26.99
2026-08-17,,,,,PL/470/EXP/ES/2015,,24.59,29.69,26.99
2026-08-17,,,,,PL/4699/EXP/ES/2015,,23.99,,28.39
2026-08-17,,,,,PL/4698/EXP/ES/2015,,23.74,27.99,27.00
2026-08-17,,,,,PL/4697/EXP/ES/2015,,19.71,24.95,25.37
2026-08-17,,,,,PL/4696/EXP/ES/2015,,23.99,28.39,27.00
2026-08-17,,,,,PL/4695/EXP/ES/2015,,23.97,28.51,27.30
2026-08-17,,,,,PL/4694/EXP/ES/2015,,23.65,27.95,27.00
2026-08-17,,,,,PL/4693/EXP/ES/2015,,23.95,29.00,27.00
2026-08-17,,,,,PL/4692/EXP/ES/2015,,23.89,28.90,27.00
2026-08-17,,,,,PL/4691/EXP/ES/2015,,23.99,29.60,27.00
2026-08-17,,,,,PL/4690/EXP/ES/2015,,23.99,28.80,
2026-08-17,,,,,PL/469/EXP/ES/2015,,24.49,29.99,
2026-08-17,,,,,PL/4689/EXP/ES/2015,,23.99,,26.99
2026-08-17,,,,,PL/4688/EXP/ES/2015,,23.89,27.99,
2026-08-17,,,,,PL/4687/EXP/ES/2015,,23.99,28.59,27.00
2026-08-17,,,,,PL/4686/EXP/ES/2015,,23.99,29.49,27.00
2026-08-17,,,,,PL/4685/EXP/ES/2015,,23.99,28.59,27.00
2026-08-17,,,,,PL/4684/EXP/ES/2015,,23.66,28.40,27.00
2026-08-17,,,,,PL/4683/EXP/ES/2015,,23.99,28.59,27.00
2026-08-17,,,,,PL/4682/EXP/ES/2015,,23.99,28.59,27.00
2026-08-17,,,,,PL/4681/EXP/ES/2015,,23.29,27.59,27.00
2026-08-17,,,,,PL/4680/EXP/ES/2015,,23.99,28.59,27.00
2026-08-17,,,,,PL/468/EXP/ES/2015,,21.29,24.99,
2026-08-17,,,,,PL/4679/EXP/ES/2015,,23.89,28.99,27.00
2026-08-17,,,,,PL/4678/EXP/ES/2015,,21.99,24.99,
2026-08-17,,,,,PL/4677/EXP/ES/2015,,20.07,26.01,
2026-08-17,,,,,PL/4675/EXP/ES/2015,,24.39,27.99,27.00
2026-08-17,,,,,PL/4674/EXP/ES/2015,,27.65,27.65,
2026-08-17,,,,,PL/4673/EXP/ES/2015,,23.98,28.90,27.00
2026-08-17,,,,,PL/4672/EXP/ES/2015,,23.19,27.98,26.98
2026-08-17,,,,,PL/4671/EXP/ES/2015,,24.44,28.55,27.59
2026-08-17,,,,,PL/4670/EXP/ES/2015,,20.40,24.99,26.99
2026-08-17,,,,,PL/467/EXP/ES/2015,,21.29,24.99,
2026-08-17,,,,,PL/4669/EXP/ES/2015,,24.00,28.50,26.99
2026-08-17,,,,,PL/4668/EXP/ES/2015,,23.98,28.90,27.00
2026-08-17,,,,,PL/4667/EXP/ES/2015,,23.99,28.99,26.99
2026-08-17,,,,,PL/4666/EXP/ES/2015,,23.99,27.99,
2026-08-17,,,,,PL/4665/EXP/ES/2015,,23.99,27.94,
2026-08-17,,,,,PL/4664/EXP/ES/2015,,23.57,27.98,26.97
2026-08-17,,,,,PL/4663/EXP/ES/2015,,22.88,27.94,
2026-08-17,,,,,PL/4662/EXP/ES/2015,,23.99,,27.99
2026-08-17,,,,,PL/4661/EXP/ES/2015,,23.90,29.06,26.97
2026-08-17,,,,,PL/4660/EXP/ES/2015,,23.99,28.99,
2026-08-17,,,,,PL/466/EXP/ES/2015,,24.49,29.99,
2026-08-17,,,,,PL/4659/EXP/ES/2015,,22.68,27.99,26.94
2026-08-17,,,,,PL/4658/EXP/ES/2015,,23.99,28.25,27.00
2026-08-17,,,,,PL/4657/EXP/ES/2015,,23.68,28.39,26.99
2026-08-17,,,,,PL/4656/EXP/ES/2015,,24.00,29.99,
2026-08-17,,,,,PL/4655/EXP/ES/2015,,21.94,27.29,
2026-08-17,,,,,PL/4654/EXP/ES/2015,,24.50,30.50,
2026-08-17,,,,,PL/4653/EXP/ES/2015,,23.99,28.65,27.00
2026-08-17,,,,,PL/4652/EXP/ES/2015,,23.98,28.55,27.00
2026-08-17,,,,,PL/4651/EXP/ES/2015,,23.99,27.99,27.00
2026-08-17,,,,,PL/4650/EXP/ES/2015,,23.54,27.98,
2026-08-17,,,,,PL/465/EXP/ES/2015,,24.49,29.99,
2026-08-17,,,,,PL/4649/EXP/ES/2015,,23.88,28.98,26.98
2026-08-17,,,,,PL/4648/EXP/ES/2015,,23.99,28.61,27.00
2026-08-17,,,,,PL/4647/EXP/ES/2015,,24.00,29.99,
2026-08-17,,,,,PL/4646/EXP/ES/2015,,21.99,26.45,25.37
2026-08-17,,,,,PL/4645/EXP/ES/2015,,24.00,28.89,27.00
2026-08-17,,,,,PL/4644/EXP/ES/2015,,23.79,28.15,26.99
2026-08-17,,,,,PL/4643/EXP/ES/2015,,23.99,28.99,
2026-08-17,,,,,PL/4642/EXP/ES/2015,,23.95,28.27,27.00
2026-08-17,,,,,PL/4641/EXP/ES/2015,,23.99,28.49,
2026-08-17,,,,,PL/4640/EXP/ES/2015,,23.99,28.89,27.00
2026-08-17,,,,,PL/464/EXP/ES/2015,,24.49,29.99,
2026-08-17,,,,,PL/4639/EXP/ES/2015,,23.99,28.99,
2026-08-17,,,,,PL/4638/EXP/ES/2015,,22.59,27.45,25.37
2026-08-17,,,,,PL/4637/EXP/ES/2015,,22.99,28.37,26.99
2026-08-17,,,,,PL/4636/EXP/ES/2015,,24.00,29.99,27.00
2026-08-17,,,,,PL/4635/EXP/ES/2015,,23.99,28.30,27.00
2026-08-17,,,,,PL/4634/EXP/ES/2015,,24.00,,24.33
2026-08-17,,,,,PL/4632/EXP/ES/2015,,24.00,29.99,27.00
2026-08-17,,,,,PL/4631/EXP/ES/2015,,23.95,28.27,27.00
2026-08-17,,,,,PL/4630/EXP/ES/2015,,23.81,27.63,27.00
2026-08-17,,,,,PL/463/EXP/ES/2015,,24.49,29.99,
2026-08-17,,,,,PL/4629/EXP/ES/2015,,23.95,27.95,27.10
2026-08-17,,,,,PL/4628/EXP/ES/2015,,21.99,27.49,25.39
2026-08-17,,,,,PL/4627/EXP/ES/2015,,19.49,24.49,
2026-08-17,,,,,PL/4626/EXP/ES/2015,,23.90,28.10,27.00
2026-08-17,,,,,PL/4625/EXP/ES/2015,,23.89,28.39,26.99
2026-08-17,,,,,PL/4624/EXP/ES/2015,,23.99,30.39,28.00
2026-08-17,,,,,PL/4623/EXP/ES/2015,,23.99,28.55,27.00
2026-08-17,,,,,PL/4622/EXP/ES/2015,,23.89,28.49,26.99
2026-08-17,,,,,PL/4621/EXP/ES/2015,,23.90,,27.10
2026-08-17,,,,,PL/4620/EXP/ES/2015,,24.99,29.99,29.40
2026-08-17,,,,,PL/4619/EXP/ES/2015,,23.40,27.50,27.00
2026-08-17,,,,,PL/4618/EXP/ES/2015,,23.89,27.89,27.00
2026-08-17,,,,,PL/4617/EXP/ES/2015,,23.27,27.59,26.85
2026-08-17,,,,,PL/4616/EXP/ES/2015,,19.19,,
2026-08-17,,,,,PL/4615/EXP/ES/2015,,23.50,27.60,27.00
2026-08-17,,,,,PL/4613/EXP/ES/2015,,23.40,27.50,27.00
2026-08-17,,,,,PL/4612/EXP/ES/2015,,20.35,,22.45
2026-08-17,,,,,PL/4610/EXP/ES/2015,,19.19,,25.39
2026-08-17,,,,,PL/461/EXP/ES/2015,,24.49,29.99,26.99
2026-08-17,,,,,PL/4609/EXP/ES/2015,,24.29,29.49,26.99
2026-08-17,,,,,PL/4608/EXP/ES/2015,,23.90,29.00,
2026-08-17,,,,,PL/4607/EXP/ES/2015,,24.00,29.45,27.00
2026-08-17,,,,,PL/4606/EXP/ES/2015,,23.99,28.99,27.00
2026-08-17,,,,,PL/4605/EXP/ES/2015,,23.90,28.00,27.00
2026-08-17,,,,,PL/4604/EXP/ES/2015,,19.19,23.29,
2026-08-17,,,,,PL/4603/EXP/ES/2015,,19.19,23.29,
2026-08-17,,,,,PL/4602/EXP/ES/2015,,19.19,23.29,
2026-08-17,,,,,PL/4601/EXP/ES/2015,,19.19,23.29,
2026-08-17,,,,,PL/4600/EXP/ES/2015,,19.19,23.29,
2026-08-17,,,,,PL/460/EXP/ES/2015,,21.29,24.99,
2026-08-17,,,,,PL/4599/EXP/ES/2015,,19.19,23.29,
2026-08-17,,,,,PL/4598/EXP/ES/2015,,19.19,23.29,
2026-08-17,,,,,PL/4597/EXP/ES/2015,,19.19,23.29,
2026-08-17,,,,,PL/4596/EXP/ES/2015,,19.19,23.29,
2026-08-17,,,,,PL/4595/EXP/ES/2015,,19.19,23.29,
2026-08-17,,,,,PL/4594/EXP/ES/2015,,19.19,23.29,
2026-08-17,,,,,PL/4593/EXP/ES/2015,,22.99,26.99,26.99
2026-08-17,,,,,PL/4592/EXP/ES/2015,,23.99,27.99,27.00
2026-08-17,,,,,PL/4591/EXP/ES/2015,,19.19,23.29,
2026-08-17,,,,,PL/4590/EXP/ES/2015,,19.19,23.29,
2026-08-17,,,,,PL/459/EXP/ES/2015,,24.49,29.99,
2026-08-17,,,,,PL/4589/EXP/ES/2015,,19.19,23.29,
2026-08-17,,,,,PL/4588/EXP/ES/2015,,19.19,23.29,
2026-08-17,,,,,PL/4587/EXP/ES/2015,,23.99,29.69,27.00
2026-08-17,,,,,PL/4586/EXP/ES/2015,,21.99,27.29,
2026-08-17,,,,,PL/4585/EXP/ES/2015,,24.99,29.99,28.99
2026-08-17,,,,,PL/4584/EXP/ES/2015,,19.95,26.29,25.39
2026-08-17,,,,,PL/4583/EXP/ES/2015,,24.50,30.50,27.00
2026-08-17,,,,,PL/4582/EXP/ES/2015,,23.79,27.79,27.00
2026-08-17,,,,,PL/4581/EXP/ES/2015,,23.99,,27.99
2026-08-17,,,,,PL/4580/EXP/ES/2015,,18.77,,25.77
2026-08-17,,,,,PL/458/EXP/ES/2015,,24.49,29.99,
2026-08-17,,,,,PL/4579/EXP/ES/2015,,23.99,29.44,27.00
2026-08-17,,,,,PL/4578/EXP/ES/2015,,23.99,28.55,
2026-08-17,,,,,PL/4577/EXP/ES/2015,,23.99,29.85,27.00
2026-08-17,,,,,PL/4576/EXP/ES/2015,,23.99,24.49,27.49
2026-08-17,,,,,PL/4575/EXP/ES/2015,,23.99,29.49,27.00
2026-08-17,,,,,PL/4574/EXP/ES/2015,,23.99,29.99,27.00
2026-08-17,,,,,PL/4573/EXP/ES/2015,,24.49,29.99,
2026-08-17,,,,,PL/4572/EXP/ES/2015,,25.89,29.99,27.00
2026-08-17,,,,,PL/4571/EXP/ES/2015,,23.99,29.99,
2026-08-17,,,,,PL/4570/EXP/ES/2015,,23.96,29.82,26.98
2026-08-17,,,,,PL/457/EXP/ES/2015,,23.39,29.49,
2026-08-17,,,,,PL/4569/EXP/ES/2015,,23.99,28.99,27.00
2026-08-17,,,,,PL/4568/EXP/ES/2015,,24.59,29.99,
2026-08-17,,,,,PL/4567/EXP/ES/2015,,22.19,27.29,
2026-08-17,,,,,PL/4566/EXP/ES/2015,,23.29,27.99,26.99
2026-08-17,,,,,PL/4565/EXP/ES/2015,,24.39,27.99,27.00
2026-08-17,,,,,PL/4564/EXP/ES/2015,,24.29,27.99,27.00
2026-08-17,,,,,PL/4563/EXP/ES/2015,,23.99,,27.00
2026-08-17,,,,,PL/4562/EXP/ES/2015,,23.99,29.99,27.69
2026-08-17,,,,,PL/4561/EXP/ES/2015,,24.00,29.96,27.00
2026-08-17,,,,,PL/4560/EXP/ES/2015,,24.09,29.89,
2026-08-17,,,,,PL/456/EXP/ES/2015,,24.49,29.99,
2026-08-17,,,,,PL/4559/EXP/ES/2015,,23.50,28.40,
2026-08-17,,,,,PL/4558/EXP/ES/2015,,23.95,29.87,26.79
2026-08-17,,,,,PL/4557/EXP/ES/2015,,24.39,27.99,27.00
2026-08-17,,,,,PL/4555/EXP/ES/2015,,25.38,28.99,28.28
2026-08-17,,,,,PL/4554/EXP/ES/2015,,23.99,,27.00
2026-08-17,,,,,PL/4553/EXP/ES/2015,,23.99,28.28,28.28
2026-08-17,,,,,PL/4552/EXP/ES/2015,,24.49,29.29,26.99
2026-08-17,,,,,PL/4551/EXP/ES/2015,,23.99,28.28,28.28
2026-08-17,,,,,PL/4550/EXP/ES/2015,,23.99,28.50,28.28
2026-08-17,,,,,PL/455/EXP/ES/2015,,24.49,29.99,
2026-08-17,,,,,PL/4549/EXP/ES/2015,,22.14,27.29,
2026-08-17,,,,,PL/4548/EXP/ES/2015,,23.89,28.70,27.00
2026-08-17,,,,,PL/4547/EXP/ES/2015,,24.49,29.99,26.99
2026-08-17,,,,,PL/4545/EXP/ES/2015,,24.99,,29.29
2026-08-17,,,,,PL/4544/EXP/ES/2015,,23.99,,27.90
2026-08-17,,,,,PL/4543/EXP/ES/2015,,23.99,,27.00
2026-08-17,,,,,PL/4542/EXP/ES/2015,,23.99,29.69,
2026-08-17,,,,,PL/4541/EXP/ES/2015,,22.99,27.99,
2026-08-17,,,,,PL/4540/EXP/ES/2015,,23.97,27.97,26.97
2026-08-17,,,,,PL/454/EXP/ES/2015,,21.29,24.99,
2026-08-17,,,,,PL/4539/EXP/ES/2015,,22.99,27.99,26.49
2026-08-17,,,,,PL/4538/EXP/ES/2015,,23.79,27.79,27.00
2026-08-17,,,,,PL/4537/EXP/ES/2015,,23.99,28.99,27.00
2026-08-17,,,,,PL/4536/EXP/ES/2015,,23.99,29.99,27.00
2026-08-17,,,,,PL/4535/EXP/ES/2015,,23.77,28.37,26.99
2026-08-17,,,,,PL/4534/EXP/ES/2015,,23.99,28.99,27.00
2026-08-17,,,,,PL/4533/EXP/ES/2015,,24.00,28.68,27.00
2026-08-17,,,,,PL/4532/EXP/ES/2015,,23.59,28.37,26.99
2026-08-17,,,,,PL/4531/EXP/ES/2015,,23.99,28.69,
2026-08-17,,,,,PL/4530/EXP/ES/2015,,24.59,29.99,
2026-08-17,,,,,PL/453/EXP/ES/2015,,21.29,24.99,
2026-08-17,,,,,PL/4529/EXP/ES/2015,,23.80,27.69,
2026-08-17,,,,,PL/4527/EXP/ES/2015,,24.49,29.99,
2026-08-17,,,,,PL/4526/EXP/ES/2015,,22.19,27.29,25.39
2026-08-17,,,,,PL/4525/EXP/ES/2015,,23.99,28.32,27.00
2026-08-17,,,,,PL/4524/EXP/ES/2015,,23.99,27.99,27.00
2026-08-17,,,,,PL/4522/EXP/ES/2015,,23.99,28.39,
2026-08-17,,,,,PL/4521/EXP/ES/2015,,24.50,30.50,
2026-08-17,,,,,PL/4520/EXP/ES/2015,,23.38,27.99,26.99
2026-08-17,,,,,PL/452/EXP/ES/2015,,24.59,29.99,
2026-08-17,,,,,PL/4519/EXP/ES/2015,,23.99,29.69,26.99
2026-08-17,,,,,PL/4518/EXP/ES/2015,,24.50,30.50,
2026-08-17,,,,,PL/4516/EXP/ES/2015,,23.38,27.68,26.90
2026-08-17,,,,,PL/4515/EXP/ES/2015,,20.37,24.49,27.00
2026-08-17,,,,,PL/4514/EXP/ES/2015,,23.45,27.85,
2026-08-17,,,,,PL/4513/EXP/ES/2015,,23.99,29.05,27.00
2026-08-17,,,,,PL/4512/EXP/ES/2015,,20.37,24.49,
2026-08-17,,,,,PL/4511/EXP/ES/2015,,23.99,28.99,27.00
2026-08-17,,,,,PL/4510/EXP/ES/2015,,23.99,29.35,27.00
2026-08-17,,,,,PL/451/EXP/ES/2015,,24.49,29.99,
2026-08-17,,,,,PL/4509/EXP/ES/2015,,23.89,29.30,
2026-08-17,,,,,PL/4508/EXP/ES/2015,,23.99,,27.00
2026-08-17,,,,,PL/4507/EXP/ES/2015,,23.99,29.35,27.00
2026-08-17,,,,JOSÉ LUIS IBARRA NAVARRO,PL/4506/EXP/ES/2015,Carretera Guadlajara - Chapala Km 18,23.79,28.69,26.98
2026-08-17,,,,,PL/4505/EXP/ES/2015,,22.92,27.20,26.69
2026-08-17,,,,,PL/4504/EXP/ES/2015,,23.18,27.52,26.91
2026-08-17,,,,,PL/4503/EXP/ES/2015,,23.69,29.39,27.00
2026-08-17,,,,,PL/4502/EXP/ES/2015,,23.99,28.47,
2026-08-17,,,,,PL/4501/EXP/ES/2015,,23.99,29.79,26.97
2026-08-17,,,,,PL/4500/EXP/ES/2015,,23.94,25.20,27.00
2026-08-17,,,,,PL/450/EXP/ES/2015,,24.49,29.99,27.99
2026-08-17,,,,,PL/4499/EXP/ES/2015,,23.99,27.99,26.99
2026-08-17,,,,,PL/4498/EXP/ES/2015,,23.99,29.99,
2026-08-17,,,,,PL/4497/EXP/ES/2015,,23.99,28.69,
2026-08-17,,,,,PL/4496/EXP/ES/2015,,24.39,29.99,
2026-08-17,,,,,PL/4495/EXP/ES/2015,,23.99,27.99,27.00
2026-08-17,,,,,PL/4494/EXP/ES/2015,,23.99,28.49,27.00
2026-08-17,,,,,PL/4493/EXP/ES/2015,,23.99,27.39,27.00
2026-08-17,,,,,PL/4492/EXP/ES/2015,,24.49,,27.99
2026-08-17,,,,,PL/4491/EXP/ES/2015,,23.78,29.49,27.00
2026-08-17,,,,,PL/4490/EXP/ES/2015,,23.99,29.85,27.49
2026-08-17,,,,,PL/449/EXP/ES/2015,,22.99,28.49,
2026-08-17,,,,,PL/4489/EXP/ES/2015,,23.95,28.45,26.99
2026-08-17,,,,,PL/4488/EXP/ES/2015,,24.14,27.04,29.14
2026-08-17,,,,,PL/4487/EXP/ES/2015,,23.90,29.49,27.00
2026-08-17,,,,,PL/4486/EXP/ES/2015,,24.99,29.99,29.49
2026-08-17,,,,,PL/4485/EXP/ES/2015,,23.85,27.62,26.99
2026-08-17,,,,,PL/4484/EXP/ES/2015,,23.99,28.48,27.00
2026-08-17,,,,,PL/4483/EXP/ES/2015,,23.99,28.69,
2026-08-17,,,,,PL/4482/EXP/ES/2015,,23.99,29.19,27.00
2026-08-17,,,,,PL/4481/EXP/ES/2015,,23.70,28.75,27.00
2026-08-17,,,,,PL/4480/EXP/ES/2015,,23.99,29.69,
2026-08-17,,,,,PL/448/EXP/ES/2015,,24.49,29.99,
2026-08-17,,,,,PL/4479/EXP/ES/2015,,23.89,27.99,
2026-08-17,,,,,PL/4478/EXP/ES/2015,,21.28,,25.39
2026-08-17,,,,,PL/4477/EXP/ES/2015,,24.50,30.00,28.50
2026-08-17,,,,,PL/4476/EXP/ES/2015,,24.50,30.00,28.50
2026-08-17,,,,,PL/4475/EXP/ES/2015,,23.99,28.49,27.00
2026-08-17,,,,,PL/4474/EXP/ES/2015,,23.99,,27.00
2026-08-17,,,,,PL/4473/EXP/ES/2015,,23.80,28.50,26.99
2026-08-17,,,,,PL/4472/EXP/ES/2015,,23.99,29.59,27.00
2026-08-17,,,,,PL/4471/EXP/ES/2015,,23.99,29.19,27.00
2026-08-17,,,,,PL/4470/EXP/ES/2015,,25.99,30.24,29.29
2026-08-17,,,,,PL/447/EXP/ES/2015,,24.49,29.99,
2026-08-17,,,,,PL/4469/EXP/ES/2015,,23.99,29.25,26.80
2026-08-17,,,,,PL/4468/EXP/ES/2015,,23.99,,
2026-08-17,,,,,PL/4467/EXP/ES/2015,,23.98,,27.00
2026-08-17,,,,,PL/4465/EXP/ES/2015,,23.98,28.79,27.00
2026-08-17,,,,,PL/4464/EXP/ES/2015,,24.39,27.99,27.00
2026-08-17,,,,,PL/4463/EXP/ES/2015,,24.39,27.94,27.00
2026-08-17,,,,,PL/4462/EXP/ES/2015,,23.99,27.99,27.40
2026-08-17,,,,,PL/4461/EXP/ES/2015,,23.39,27.99,27.00
2026-08-17,,,,,PL/4460/EXP/ES/2015,,23.99,29.99,27.00
2026-08-17,,,,,PL/446/EXP/ES/2015,,24.49,29.99,
2026-08-17,,,,,PL/4459/EXP/ES/2015,,23.46,27.69,26.99
2026-08-17,,,,,PL/4458/EXP/ES/2015,,23.75,25.50,26.99
2026-08-17,,,,,PL/4457/EXP/ES/2015,,24.50,,27.37
2026-08-17,,,,,PL/4456/EXP/ES/2015,,23.46,27.69,26.99
2026-08-17,,,,,PL/4455/EXP/ES/2015,,23.99,28.49,
2026-08-17,,,,,PL/4454/EXP/ES/2015,,23.21,27.55,
2026-08-17,,,,,PL/4453/EXP/ES/2015,,23.99,28.99,27.00
2026-08-17,,,,,PL/4452/EXP/ES/2015,,23.89,28.39,26.99
2026-08-17,,,,,PL/4451/EXP/ES/2015,,23.79,28.49,26.99
2026-08-17,,,,,PL/4450/EXP/ES/2015,,23.69,28.29,26.99
2026-08-17,,,,,PL/445/EXP/ES/2015,,24.59,29.99,
2026-08-17,,,,,PL/4449/EXP/ES/2015,,23.99,28.89,27.29
2026-08-17,,,,,PL/4448/EXP/ES/2015,,23.50,27.79,26.90
2026-08-17,,,,,PL/4447/EXP/ES/2015,,23.29,27.59,26.89
2026-08-17,,,,,PL/4446/EXP/ES/2015,,23.99,28.79,
2026-08-17,,,,,PL/4445/EXP/ES/2015,,23.98,27.79,26.99
2026-08-17,,,,,PL/4444/EXP/ES/2015,,23.99,29.46,27.00
2026-08-17,,,,,PL/4443/EXP/ES/2015,,24.00,29.70,27.00
2026-08-17,,,,,PL/4442/EXP/ES/2015,,23.29,27.59,26.89
2026-08-17,,,,,PL/4441/EXP/ES/2015,,23.99,29.09,26.99
2026-08-17,,,,,PL/4440/EXP/ES/2015,,24.00,28.50,27.00
2026-08-17,,,,,PL/444/EXP/ES/2015,,24.49,29.99,
2026-08-17,,,,,PL/4439/EXP/ES/2015,,23.95,29.15,27.00
2026-08-17,,,,,PL/4438/EXP/ES/2015,,23.99,29.50,27.00
2026-08-17,,,,,PL/4437/EXP/ES/2015,,22.69,27.99,26.99
2026-08-17,,,,,PL/4436/EXP/ES/2015,,22.66,28.39,27.00
2026-08-17,,,,,PL/4435/EXP/ES/2015,,23.99,28.55,27.00
2026-08-17,,,,,PL/4434/EXP/ES/2015,,24.99,30.49,
2026-08-17,,,,,PL/4433/EXP/ES/2015,,24.99,30.49,
2026-08-17,,,,,PL/4432/EXP/ES/2015,,22.98,27.08,
2026-08-17,,,,,PL/4431/EXP/ES/2015,,23.99,27.89,26.99
2026-08-17,,,,,PL/4430/EXP/ES/2015,,23.90,27.70,27.00
2026-08-17,,,,,PL/443/EXP/ES/2015,,21.29,24.99,
2026-08-17,,,,,PL/4429/EXP/ES/2015,,23.99,,27.00
2026-08-17,,,,,PL/4428/EXP/ES/2015,,24.49,29.79,
2026-08-17,,,,,PL/4427/EXP/ES/2015,,24.49,29.79,27.00
2026-08-17,,,,,PL/4426/EXP/ES/2015,,24.49,29.79,27.00
2026-08-17,,,,,PL/4425/EXP/ES/2015,,24.49,29.79,
2026-08-17,,,,,PL/4424/EXP/ES/2015,,24.49,29.79,
2026-08-17,,,,,PL/4423/EXP/ES/2015,,24.49,29.79,27.00
2026-08-17,,,,,PL/4422/EXP/ES/2015,,24.49,29.79,
2026-08-17,,,,,PL/4421/EXP/ES/2015,,24.49,29.79,27.00
2026-08-17,,,,,PL/4420/EXP/ES/2015,,24.49,29.79,27.00
2026-08-17,,,,,PL/442/EXP/ES/2015,,21.29,24.99,
2026-08-17,,,,,PL/4419/EXP/ES/2015,,24.49,29.79,27.00
2026-08-17,,,,,PL/4418/EXP/ES/2015,,24.49,29.79,27.00
2026-08-17,,,,,PL/4417/EXP/ES/2015,,24.49,29.79,27.00
2026-08-17,,,,,PL/4416/EXP/ES/2015,,24.49,29.79,
2026-08-17,,,,,PL/4415/EXP/ES/2015,,27.00,,27.00
2026-08-17,,,,,PL/4414/EXP/ES/2015,,23.99,,27.00
2026-08-17,,,,,PL/4413/EXP/ES/2015,,23.99,28.99,26.99
2026-08-17,,,,,PL/4412/EXP/ES/2015,,23.99,28.99,26.99
2026-08-17,,,,,PL/4411/EXP/ES/2015,,23.99,28.99,26.99
2026-08-17,,,,,PL/4410/EXP/ES/2015,,23.98,,26.98
2026-08-17,,,,,PL/441/EXP/ES/2015,,24.49,29.99,26.99
2026-08-17,,,,,PL/4409/EXP/ES/2015,,24.00,,27.00
2026-08-17,,,,,PL/4408/EXP/ES/2015,,23.98,27.78,27.00
2026-08-17,,,,,PL/4407/EXP/ES/2015,,23.47,28.39,26.47
2026-08-17,,,,,PL/4406/EXP/ES/2015,,23.47,28.41,26.45
2026-08-17,,,,,PL/4405/EXP/ES/2015,,23.99,28.99,26.99
2026-08-17,,,,,PL/4404/EXP/ES/2015,,19.98,24.49,
2026-08-17,,,,,PL/4402/EXP/ES/2015,,24.00,28.60,27.00
2026-08-17,,,,,PL/4401/EXP/ES/2015,,23.79,28.49,26.99
2026-08-17,,,,,PL/4400/EXP/ES/2015,,23.99,28.89,27.00
2026-08-17,,,,,PL/440/EXP/ES/2015,,24.59,29.99,
2026-08-17,,,,,PL/4399/EXP/ES/2015,,23.59,24.80,27.00
2026-08-17,,,,,PL/4398/EXP/ES/2015,,23.99,28.99,27.00
2026-08-17,,,,,PL/4397/EXP/ES/2015,,23.78,27.89,27.00
2026-08-17,,,,,PL/4396/EXP/ES/2015,,23.99,27.99,27.00
2026-08-17,,,,,PL/4395/EXP/ES/2015,,23.59,27.99,
2026-08-17,,,,,PL/4394/EXP/ES/2015,,23.79,28.49,26.99
2026-08-17,,,,,PL/4393/EXP/ES/2015,,23.99,28.59,27.19
2026-08-17,,,,,PL/4392/EXP/ES/2015,,23.26,27.94,
2026-08-17,,,,,PL/4391/EXP/ES/2015,,23.89,29.79,26.99
2026-08-17,,,,,PL/4390/EXP/ES/2015,,23.89,29.79,26.99
2026-08-17,,,,,PL/439/EXP/ES/2015,,24.49,29.99,27.99
2026-08-17,,,,,PL/4389/EXP/ES/2015,,23.99,27.99,27.00
2026-08-17,,,,,PL/4388/EXP/ES/2015,,23.39,27.70,26.99
2026-08-17,,,,,PL/4387/EXP/ES/2015,,23.79,29.79,26.99
2026-08-17,,,,,PL/4386/EXP/ES/2015,,23.99,28.79,27.00
2026-08-17,,,,,PL/4385/EXP/ES/2015,,22.97,27.30,26.99
2026-08-17,,,,,PL/4384/EXP/ES/2015,,24.00,28.15,27.00
2026-08-17,,,,,PL/4383/EXP/ES/2015,,24.00,,27.47
2026-08-17,,,,,PL/4382/EXP/ES/2015,,24.00,28.59,27.00
2026-08-17,,,,,PL/4381/EXP/ES/2015,,23.40,27.50,26.95
2026-08-17,,,,,PL/4380/EXP/ES/2015,,23.99,28.99,
2026-08-17,,,,,PL/438/EXP/ES/2015,,24.49,29.99,
2026-08-17,,,,,PL/4379/EXP/ES/2015,,23.99,29.99,
2026-08-17,,,,,PL/4378/EXP/ES/2015,,23.40,27.50,26.95
2026-08-17,,,,,PL/4377/EXP/ES/2015,,23.85,28.45,26.99
2026-08-17,,,,,PL/4376/EXP/ES/2015,,22.99,26.99,26.89
2026-08-17,,,,,PL/4375/EXP/ES/2015,,23.40,27.90,26.83
2026-08-17,,,,,PL/4374/EXP/ES/2015,,22.49,27.69,
2026-08-17,,,,,PL/4373/EXP/ES/2015,,24.39,27.94,
2026-08-17,,,,,PL/4372/EXP/ES/2015,,23.98,28.79,27.00
2026-08-17,,,,,PL/4371/EXP/ES/2015,,23.25,27.40,26.90
2026-08-17,,,,,PL/4370/EXP/ES/2015,,23.99,28.59,27.00
2026-08-17,,,,,PL/437/EXP/ES/2015,,24.49,29.99,
2026-08-17,,,,,PL/4369/EXP/ES/2015,,22.99,27.99,26.35
2026-08-17,,,,,PL/4367/EXP/ES/2015,,23.29,27.69,
2026-08-17,,,,,PL/4366/EXP/ES/2015,,23.90,27.85,27.00
2026-08-17,,,,,PL/4365/EXP/ES/2015,,23.88,28.99,
2026-08-17,,,,,PL/4364/EXP/ES/2015,,23.99,28.69,
2026-08-17,,,,,PL/4363/EXP/ES/2015,,23.99,27.69,
2026-08-17,,,,,PL/4362/EXP/ES/2015,,23.69,27.69,
2026-08-17,,,,,PL/4361/EXP/ES/2015,,23.54,27.83,25.39
2026-08-17,,,,,PL/4360/EXP/ES/2015,,22.99,27.69,26.19
2026-08-17,,,,,PL/436/EXP/ES/2015,,23.99,29.99,27.99
2026-08-17,,,,,PL/4359/EXP/ES/2015,,23.49,27.69,
2026-08-17,,,,,PL/4358/EXP/ES/2015,,23.49,,
2026-08-17,,,,,PL/4357/EXP/ES/2015,,23.99,29.29,27.00
2026-08-17,,,,,PL/4356/EXP/ES/2015,,24.48,29.60,
2026-08-17,,,,,PL/4355/EXP/ES/2015,,22.89,28.39,26.99
2026-08-17,,,,,PL/4354/EXP/ES/2015,,23.99,28.89,26.99
2026-08-17,,,,,PL/4353/EXP/ES/2015,,23.95,28.39,
2026-08-17,,,,,PL/4352/EXP/ES/2015,,23.59,27.95,26.99
2026-08-17,,,,,PL/4351/EXP/ES/2015,,23.78,28.90,
2026-08-17,,,,,PL/4350/EXP/ES/2015,,23.99,29.89,26.99
2026-08-17,,,,,PL/435/EXP/ES/2015,,23.99,,
2026-08-17,,,,,PL/4349/EXP/ES/2015,,23.85,28.25,26.99
2026-08-17,,,,,PL/4348/EXP/ES/2015,,24.78,30.48,28.27
2026-08-17,,,,,PL/4347/EXP/ES/2015,,24.78,30.48,
2026-08-17,,,,,PL/4346/EXP/ES/2015,,24.78,30.48,28.27
2026-08-17,,,,,PL/4345/EXP/ES/2015,,24.78,30.48,28.27
2026-08-17,,,,,PL/4344/EXP/ES/2015,,23.99,28.72,27.00
2026-08-17,,,,,PL/4343/EXP/ES/2015,,24.78,30.48,28.27
2026-08-17,,,,,PL/4342/EXP/ES/2015,,23.78,,26.99
2026-08-17,,,,,PL/4341/EXP/ES/2015,,23.95,29.39,26.99
2026-08-17,,,,,PL/4340/EXP/ES/2015,,21.99,27.99,25.29
2026-08-17,,,,,PL/434/EXP/ES/2015,,24.49,29.99,
2026-08-17,,,,,PL/4339/EXP/ES/2015,,23.95,28.39,
2026-08-17,,,,,PL/4338/EXP/ES/2015,,24.00,28.19,27.00
2026-08-17,,,,,PL/4337/EXP/ES/2015,,23.74,28.39,
2026-08-17,,,,,PL/4336/EXP/ES/2015,,24.78,30.48,28.27
2026-08-17,,,,,PL/4335/EXP/ES/2015,,20.99,26.90,
2026-08-17,,,,,PL/4334/EXP/ES/2015,,23.78,28.29,
2026-08-17,,,,,PL/4333/EXP/ES/2015,,23.99,28.99,26.99
2026-08-17,,,,,PL/4332/EXP/ES/2015,,23.78,28.90,26.99
2026-08-17,,,,,PL/4331/EXP/ES/2015,,23.99,29.99,27.00
2026-08-17,,,,,PL/4330/EXP/ES/2015,,23.99,28.99,26.99
2026-08-17,,,,,PL/433/EXP/ES/2015,,24.49,29.99,
2026-08-17,,,,,PL/4329/EXP/ES/2015,,23.99,28.99,
2026-08-17,,,,,PL/4328/EXP/ES/2015,,23.37,28.25,
2026-08-17,,,,,PL/4327/EXP/ES/2015,,22.95,28.55,26.99
2026-08-17,,,,,PL/4326/EXP/ES/2015,,23.78,28.90,26.99
2026-08-17,,,,,PL/4325/EXP/ES/2015,,24.39,,27.49
2026-08-17,,,,,PL/4324/EXP/ES/2015,,23.99,29.39,27.09
2026-08-17,,,,,PL/4323/EXP/ES/2015,,23.78,28.90,26.99
2026-08-17,,,,,PL/4322/EXP/ES/2015,,22.99,28.29,
2026-08-17,,,,,PL/4321/EXP/ES/2015,,22.79,28.29,
2026-08-17,,,,,PL/4320/EXP/ES/2015,,23.99,,27.00
2026-08-17,,,,,PL/432/EXP/ES/2015,,24.49,29.99,
2026-08-17,,,,,PL/4319/EXP/ES/2015,,24.99,29.99,
2026-08-17,,,,,PL/4318/EXP/ES/2015,,23.50,28.30,27.00
2026-08-17,,,,,PL/4317/EXP/ES/2015,,22.95,28.59,26.99
2026-08-17,,,,,PL/4316/EXP/ES/2015,,23.99,28.68,26.99
2026-08-17,,,,,PL/4315/EXP/ES/2015,,23.50,28.30,27.00
2026-08-17,,,,,PL/4314/EXP/ES/2015,,23.84,27.99,27.84
2026-08-17,,,,,PL/4313/EXP/ES/2015,,23.99,30.19,27.99
2026-08-17,,,,,PL/4312/EXP/ES/2015,,23.99,29.00,28.00
2026-08-17,,,,,PL/4311/EXP/ES/2015,,22.95,28.59,26.99
2026-08-17,,,,,PL/4310/EXP/ES/2015,,24.39,28.04,27.00
2026-08-17,,,,,PL/431/EXP/ES/2015,,24.49,29.99,
2026-08-17,,,,,PL/4309/EXP/ES/2015,,23.89,28.99,26.89
2026-08-17,,,,,PL/4308/EXP/ES/2015,,23.25,29.99,26.99
2026-08-17,,,,,PL/4307/EXP/ES/2015,,23.99,27.49,27.00
2026-08-17,,,,,PL/4306/EXP/ES/2015,,22.95,27.55,
2026-08-17,,,,,PL/4305/EXP/ES/2015,,23.99,27.49,26.90
2026-08-17,,,,,PL/4304/EXP/ES/2015,,23.59,27.49,27.00
2026-08-17,,,,,PL/4303/EXP/ES/2015,,23.99,29.99,26.85
2026-08-17,,,,,PL/4302/EXP/ES/2015,,23.19,27.49,27.00
2026-08-17,,,,,PL/4301/EXP/ES/2015,,23.99,28.58,27.20
2026-08-17,,,,,PL/4300/EXP/ES/2015,,23.79,27.94,26.98
2026-08-17,,,,,PL/430/EXP/ES/2015,,24.49,29.99,26.99
2026-08-17,,,,,PL/4299/EXP/ES/2015,,23.99,27.49,27.00
2026-08-17,,,,GAS VAGA S.A. DE C.V.,PL/4298/EXP/ES/2015,Carretera Tlajomulco a San Miguel Cuyutlán No. 21,22.99,26.99,27.99
2026-08-17,,,,,PL/4297/EXP/ES/2015,,23.99,29.99,27.00
2026-08-17,,,,,PL/4296/EXP/ES/2015,,23.99,28.68,26.99
2026-08-17,,,,,PL/4295/EXP/ES/2015,,23.90,,27.00
2026-08-17,,,,,PL/4294/EXP/ES/2015,,23.59,28.29,
2026-08-17,,,,,PL/4293/EXP/ES/2015,,22.95,28.59,26.99
2026-08-17,,,,,PL/4292/EXP/ES/2015,,23.60,27.20,27.00
2026-08-17,,,,,PL/4291/EXP/ES/2015,,23.99,29.49,26.99
2026-08-17,,,,,PL/4290/EXP/ES/2015,,24.00,29.49,27.00
2026-08-17,,,,,PL/429/EXP/ES/2015,,21.29,24.99,
2026-08-17,,,,,PL/4289/EXP/ES/2015,,22.59,28.59,26.99
2026-08-17,,,,,PL/4288/EXP/ES/2015,,23.99,28.19,27.00
2026-08-17,,,,,PL/4287/EXP/ES/2015,,23.78,28.39,26.99
2026-08-17,,,,,PL/4286/EXP/ES/2015,,24.78,30.48,
2026-08-17,,,,,PL/4285/EXP/ES/2015,,23.95,28.95,
2026-08-17,,,,,PL/4283/EXP/ES/2015,,24.00,,27.00
2026-08-17,,,,,PL/4282/EXP/ES/2015,,23.48,28.88,26.77
2026-08-17,,,,,PL/4281/EXP/ES/2015,,23.50,28.15,
2026-08-17,,,,,PL/4280/EXP/ES/2015,,23.99,,27.00
2026-08-17,,,,,PL/428/EXP/ES/2015,,24.49,29.99,
2026-08-17,,,,,PL/4279/EXP/ES/2015,,24.49,29.99,
2026-08-17,,,,,PL/4278/EXP/ES/2015,,23.89,27.84,27.00
2026-08-17,,,,,PL/4277/EXP/ES/2015,,22.49,27.49,25.39
2026-08-17,,,,,PL/4276/EXP/ES/2015,,23.99,29.58,27.00
2026-08-17,,,,,PL/4275/EXP/ES/2015,,23.99,28.99,
2026-08-17,,,,,PL/4274/EXP/ES/2015,,24.00,28.29,27.24
2026-08-17,,,,,PL/4273/EXP/ES/2015,,24.00,29.50,
2026-08-17,,,,,PL/4272/EXP/ES/2015,,23.99,29.49,
2026-08-17,,,,,PL/4271/EXP/ES/2015,,23.99,28.69,27.00
2026-08-17,,,,,PL/4270/EXP/ES/2015,,23.99,29.00,27.00
2026-08-17,,,,,PL/427/EXP/ES/2015,,24.49,29.99,
2026-08-17,,,,,PL/4269/EXP/ES/2015,,23.99,28.69,27.00
2026-08-17,,,,,PL/4268/EXP/ES/2015,,23.99,28.99,
2026-08-17,,,,,PL/4267/EXP/ES/2015,,23.99,29.89,27.00
2026-08-17,,,,,PL/4266/EXP/ES/2015,,23.99,,27.00
2026-08-17,,,,,PL/4265/EXP/ES/2015,,22.99,26.99,
2026-08-17,,,,,PL/4264/EXP/ES/2015,,23.99,27.89,27.00
2026-08-17,,,,,PL/4263/EXP/ES/2015,,23.85,28.45,26.99
2026-08-17,,,,,PL/4262/EXP/ES/2015,,23.99,27.89,27.00
2026-08-17,,,,,PL/4261/EXP/ES/2015,,23.99,29.99,27.69
2026-08-17,,,,,PL/4260/EXP/ES/2015,,23.50,23.50,
2026-08-17,,,,,PL/426/EXP/ES/2015,,24.59,29.99,
2026-08-17,,,,,PL/4259/EXP/ES/2015,,23.99,29.99,
2026-08-17,,,,,PL/4258/EXP/ES/2015,,23.99,28.99,26.99
2026-08-17,,,,,PL/4257/EXP/ES/2015,,25.99,29.99,28.99
2026-08-17,,,,,PL/4256/EXP/ES/2015,,22.49,28.89,25.39
2026-08-17,,,,,PL/4255/EXP/ES/2015,,23.35,27.95,27.00
2026-08-17,,,,,PL/4254/EXP/ES/2015,,24.14,27.04,29.14
2026-08-17,,,,,PL/4253/EXP/ES/2015,,25.48,30.76,29.00
2026-08-17,,,,,PL/4252/EXP/ES/2015,,23.39,27.79,
2026-08-17,,,,,PL/4251/EXP/ES/2015,,24.19,29.49,27.49
2026-08-17,,,,,PL/4250/EXP/ES/2015,,24.49,,27.00
2026-08-17,,,,,PL/425/EXP/ES/2015,,24.49,29.99,
2026-08-17,,,,,PL/4249/EXP/ES/2015,,24.49,29.79,27.00
2026-08-17,,,,,PL/4248/EXP/ES/2015,,23.90,28.50,27.00
2026-08-17,,,,,PL/4247/EXP/ES/2015,,23.99,29.99,27.00
2026-08-17,,,,,PL/4246/EXP/ES/2015,,24.59,,27.99
2026-08-17,,,,,PL/4245/EXP/ES/2015,,22.99,28.49,
2026-08-17,,,,,PL/4244/EXP/ES/2015,,23.69,28.49,26.99
2026-08-17,,,,,PL/4243/EXP/ES/2015,,24.99,,
2026-08-17,,,,,PL/4242/EXP/ES/2015,,24.49,29.99,27.00
2026-08-17,,,,,PL/4241/EXP/ES/2015,,24.49,29.29,27.00
2026-08-17,,,,,PL/4240/EXP/ES/2015,,23.49,28.49,
2026-08-17,,,,,PL/424/EXP/ES/2015,,24.89,29.99,27.99
2026-08-17,,,,,PL/4239/EXP/ES/2015,,23.99,30.19,27.99
2026-08-17,,,,,PL/4238/EXP/ES/2015,,23.99,28.99,26.99
2026-08-17,,,,,PL/4237/EXP/ES/2015,,23.99,28.99,
2026-08-17,,,,,PL/4236/EXP/ES/2015,,23.99,28.99,26.99
2026-08-17,,,,,PL/4235/EXP/ES/2015,,23.99,28.69,
2026-08-17,,,,,PL/4234/EXP/ES/2015,,22.90,23.99,24.00
2026-08-17,,,,,PL/4233/EXP/ES/2015,,23.99,29.81,27.00
2026-08-17,,,,,PL/4232/EXP/ES/2015,,22.99,28.29,
2026-08-17,,,,,PL/4231/EXP/ES/2015,,23.99,30.19,27.99
2026-08-17,,,,,PL/4230/EXP/ES/2015,,23.99,29.81,27.00
2026-08-17,,,,,PL/423/EXP/ES/2015,,24.89,29.99,27.99
2026-08-17,,,,,PL/4229/EXP/ES/2015,,23.99,28.69,27.00
2026-08-17,,,,,PL/4228/EXP/ES/2015,,23.49,28.49,27.00
2026-08-17,,,,,PL/4227/EXP/ES/2015,,23.89,28.79,26.99
2026-08-17,,,,,PL/4226/EXP/ES/2015,,23.69,27.99,27.00
2026-08-17,,,,,PL/4225/EXP/ES/2015,,19.90,22.85,
2026-08-17,,,,,PL/4224/EXP/ES/2015,,22.69,27.69,
2026-08-17,,,,,PL/4223/EXP/ES/2015,,23.99,29.69,
2026-08-17,,,,,PL/4222/EXP/ES/2015,,23.96,28.55,27.01
2026-08-17,,,,,PL/4221/EXP/ES/2015,,23.89,28.59,
2026-08-17,,,,,PL/4220/EXP/ES/2015,,23.96,28.55,27.07
2026-08-17,,,,,PL/422/EXP/ES/2015,,24.89,29.99,27.99
2026-08-17,,,,,PL/4219/EXP/ES/2015,,24.99,29.98,28.00
2026-08-17,,,,,PL/4218/EXP/ES/2015,,23.99,28.99,26.99
2026-08-17,,,,,PL/4217/EXP/ES/2015,,19.49,,
2026-08-17,,,,,PL/4216/EXP/ES/2015,,22.65,,25.39
2026-08-17,,,,,PL/4215/EXP/ES/2015,,23.59,27.99,26.99
2026-08-17,,,,,PL/4214/EXP/ES/2015,,23.46,27.69,26.99
2026-08-17,,,,,PL/4213/EXP/ES/2015,,23.52,28.60,27.00
2026-08-17,,,,,PL/4212/EXP/ES/2015,,19.77,23.99,
2026-08-17,,,,,PL/4211/EXP/ES/2015,,23.98,28.39,26.98
2026-08-17,,,,,PL/4210/EXP/ES/2015,,23.87,29.55,27.49
2026-08-17,,,,,PL/421/EXP/ES/2015,,24.89,29.99,27.99
2026-08-17,,,,,PL/4209/EXP/ES/2015,,23.99,29.48,27.00
2026-08-17,,,,,PL/4208/EXP/ES/2015,,23.99,28.85,27.00
2026-08-17,,,,,PL/4207/EXP/ES/2015,,23.41,27.75,26.61
2026-08-17,,,,,PL/4206/EXP/ES/2015,,23.35,28.07,27.00
2026-08-17,,,,,PL/4205/EXP/ES/2015,,23.69,27.99,27.00
2026-08-17,,,,,PL/4204/EXP/ES/2015,,22.69,27.69,
2026-08-17,,,,,PL/4203/EXP/ES/2015,,22.69,27.69,
2026-08-17,,,,,PL/4202/EXP/ES/2015,,23.68,28.75,26.94
2026-08-17,,,,,PL/4201/EXP/ES/2015,,23.99,28.89,26.99
2026-08-17,,,,,PL/4200/EXP/ES/2015,,21.25,,
2026-08-17,,,,,PL/420/EXP/ES/2015,,23.99,29.89,27.49
2026-08-17,,,,,PL/4199/EXP/ES/2015,,23.98,29.25,27.00
2026-08-17,,,,,PL/4198/EXP/ES/2015,,23.99,,27.00
2026-08-17,,,,,PL/4197/EXP/ES/2015,,23.99,29.99,
2026-08-17,,,,,PL/4196/EXP/ES/2015,,22.69,27.69,
2026-08-17,,,,,PL/4195/EXP/ES/2015,,23.85,27.15,27.00
2026-08-17,,,,,PL/4194/EXP/ES/2015,,20.99,26.90,27.00
2026-08-17,,,,,PL/4193/EXP/ES/2015,,22.55,26.95,
2026-08-17,,,,,PL/4192/EXP/ES/2015,,22.95,27.55,
2026-08-17,,,,,PL/4191/EXP/ES/2015,,24.99,,28.30
2026-08-17,,,,,PL/4190/EXP/ES/2015,,24.69,29.99,27.99
2026-08-17,,,,,PL/419/EXP/ES/2015,,23.99,29.99,27.00
2026-08-17,,,,,PL/4189/EXP/ES/2015,,22.19,27.49,
2026-08-17,,,,,PL/4188/EXP/ES/2015,,23.89,28.99,27.00
2026-08-17,,,,,PL/4187/EXP/ES/2015,,22.55,26.95,
2026-08-17,,,,,PL/4186/EXP/ES/2015,,23.98,27.99,
2026-08-17,,,,,PL/4185/EXP/ES/2015,,21.28,,
2026-08-17,,,,,PL/4184/EXP/ES/2015,,23.55,28.07,26.97
2026-08-17,,,,,PL/4183/EXP/ES/2015,,21.25,24.90,25.19
2026-08-17,,,,,PL/4182/EXP/ES/2015,,23.99,29.49,26.99
2026-08-17,,,,,PL/4181/EXP/ES/2015,,23.69,27.68,27.00
2026-08-17,,,,,PL/4180/EXP/ES/2015,,23.99,28.28,
2026-08-17,,,,GRUPO OCTANO S.A. DE C.V.,PL/418/EXP/ES/2015,Anillo Periférico No. 4230,23.99,29.99,27.00
2026-08-17,,,,,PL/4179/EXP/ES/2015,,19.98,24.49,26.39
2026-08-17,,,,,PL/4178/EXP/ES/2015,,24.48,29.89,27.49
2026-08-17,,,,,PL/4177/EXP/ES/2015,,23.95,,27.00
2026-08-17,,,,,PL/4176/EXP/ES/2015,,23.49,,26.99
2026-08-17,,,,,PL/4175/EXP/ES/2015,,22.97,29.98,
2026-08-17,,,,,PL/4174/EXP/ES/2015,,23.99,28.69,27.00
2026-08-17,,,,,PL/4173/EXP/ES/2015,,23.69,28.39,27.00
2026-08-17,,,,,PL/4172/EXP/ES/2015,,23.49,28.49,26.99
2026-08-17,,,,,PL/4171/EXP/ES/2015,,20.71,,25.99
2026-08-17,,,,,PL/4170/EXP/ES/2015,,23.99,28.59,
2026-08-17,,,,,PL/417/EXP/ES/2015,,23.39,29.89,27.49
2026-08-17,,,,,PL/4169/EXP/ES/2015,,23.99,29.89,27.00
2026-08-17,,,,,PL/4168/EXP/ES/2015,,22.99,27.49,26.99
2026-08-17,,,,,PL/4167/EXP/ES/2015,,22.97,29.98,27.00
2026-08-17,,,,,PL/4166/EXP/ES/2015,,23.89,28.99,26.99
2026-08-17,,,,,PL/4165/EXP/ES/2015,,23.99,29.39,
2026-08-17,,,,,PL/4164/EXP/ES/2015,,23.99,28.99,
2026-08-17,,,,,PL/4163/EXP/ES/2015,,24.00,,27.00
2026-08-17,,,,,PL/4162/EXP/ES/2015,,23.99,28.55,27.00
2026-08-17,,,,,PL/4161/EXP/ES/2015,,23.88,28.09,27.00
2026-08-17,,,,,PL/4160/EXP/ES/2015,,23.99,29.89,27.00
2026-08-17,,,,,PL/416/EXP/ES/2015,,23.99,29.89,
2026-08-17,,,,,PL/4159/EXP/ES/2015,,23.99,29.99,27.00
2026-08-17,,,,,PL/4158/EXP/ES/2015,,18.99,22.49,26.99
2026-08-17,,,,,PL/4157/EXP/ES/2015,,23.99,29.99,27.00
2026-08-17,,,,,PL/4155/EXP/ES/2015,,23.99,29.49,27.00
2026-08-17,,,,,PL/4154/EXP/ES/2015,,23.99,27.99,26.99
2026-08-17,,,,,PL/4153/EXP/ES/2015,,23.99,28.97,27.00
2026-08-17,,,,,PL/4152/EXP/ES/2015,,23.19,28.64,26.86
2026-08-17,,,,,PL/4151/EXP/ES/2015,,23.99,28.58,26.99
2026-08-17,,,,,PL/4150/EXP/ES/2015,,23.85,27.99,27.00
2026-08-17,,,,,PL/415/EXP/ES/2015,,23.99,29.14,26.99
2026-08-17,,,,,PL/4149/EXP/ES/2015,,24.00,29.99,27.49
2026-08-17,,,,,PL/4148/EXP/ES/2015,,19.95,22.85,25.39
2026-08-17,,,,,PL/4147/EXP/ES/2015,,24.39,27.99,27.00
2026-08-17,,,,,PL/4146/EXP/ES/2015,,22.99,26.99,27.00
2026-08-17,,,,,PL/4145/EXP/ES/2015,,23.09,26.99,27.00
2026-08-17,,,,,PL/4144/EXP/ES/2015,,24.39,27.99,27.00
2026-08-17,,,,,PL/4143/EXP/ES/2015,,23.79,27.29,27.00
2026-08-17,,,,,PL/4142/EXP/ES/2015,,24.39,27.94,
2026-08-17,,,,,PL/4141/EXP/ES/2015,,24.39,27.94,27.00
2026-08-17,,,,,PL/4140/EXP/ES/2015,,24.39,27.94,27.00
2026-08-17,,,,,PL/414/EXP/ES/2015,,23.99,29.14,26.99
2026-08-17,,,,,PL/4139/EXP/ES/2015,,24.69,28.14,27.49
2026-08-17,,,,,PL/4138/EXP/ES/2015,,24.93,28.73,27.28
2026-08-17,,,,,PL/4137/EXP/ES/2015,,23.95,,27.00
2026-08-17,,,,,PL/4136/EXP/ES/2015,,24.93,28.73,
2026-08-17,,,,,PL/4135/EXP/ES/2015,,23.99,29.40,27.00
2026-08-17,,,,,PL/4134/EXP/ES/2015,,23.73,27.33,
2026-08-17,,,,,PL/4133/EXP/ES/2015,,23.19,27.79,
2026-08-17,,,,,PL/4132/EXP/ES/2015,,19.75,24.95,
2026-08-17,,,,,PL/4131/EXP/ES/2015,,19.99,,
2026-08-17,,,,,PL/4130/EXP/ES/2015,,22.89,28.45,
2026-08-17,,,,,PL/413/EXP/ES/2015,,24.00,29.50,27.00
2026-08-17,,,,,PL/4129/EXP/ES/2015,,22.39,26.99,26.39
2026-08-17,,,,,PL/4128/EXP/ES/2015,,22.99,29.99,
2026-08-17,,,,,PL/4127/EXP/ES/2015,,23.20,27.90,26.99
2026-08-17,,,,,PL/4126/EXP/ES/2015,,24.19,29.39,
2026-08-17,,,,,PL/4125/EXP/ES/2015,,23.99,24.80,27.65
2026-08-17,,,,,PL/4124/EXP/ES/2015,,23.89,29.49,25.24
2026-08-17,,,,,PL/4123/EXP/ES/2015,,20.99,26.90,27.00
2026-08-17,,,,,PL/4122/EXP/ES/2015,,23.99,29.49,27.00
2026-08-17,,,,,PL/4121/EXP/ES/2015,,19.19,,
2026-08-17,,,,,PL/4120/EXP/ES/2015,,23.79,27.99,
2026-08-17,,,,,PL/412/EXP/ES/2015,,23.99,29.29,26.99
2026-08-17,,,,,PL/4119/EXP/ES/2015,,19.19,,
2026-08-17,,,,,PL/4118/EXP/ES/2015,,19.19,,
2026-08-17,,,,,PL/4117/EXP/ES/2015,,22.95,27.95,
2026-08-17,,,,,PL/4116/EXP/ES/2015,,19.99,,
2026-08-17,,,,,PL/4115/EXP/ES/2015,,19.19,,
2026-08-17,,,,,PL/4114/EXP/ES/2015,,23.99,29.99,27.29
2026-08-17,,,,,PL/4113/EXP/ES/2015,,20.99,26.90,27.00
2026-08-17,,,,,PL/4112/EXP/ES/2015,,23.99,29.69,
2026-08-17,,,,,PL/4111/EXP/ES/2015,,23.99,28.49,27.00
2026-08-17,,,,,PL/4110/EXP/ES/2015,,23.99,29.69,
2026-08-17,,,,,PL/411/EXP/ES/2015,,23.99,29.14,26.99
2026-08-17,,,,,PL/4109/EXP/ES/2015,,23.99,29.79,
2026-08-17,,,,,PL/4108/EXP/ES/2015,,23.99,29.79,
2026-08-17,,,,,PL/4107/EXP/ES/2015,,23.99,,27.00
2026-08-17,,,,,PL/4106/EXP/ES/2015,,23.99,29.49,27.00
2026-08-17,,,,,PL/4105/EXP/ES/2015,,23.99,28.99,27.00
2026-08-17,,,,,PL/4104/EXP/ES/2015,,23.99,30.44,26.99
2026-08-17,,,,,PL/4103/EXP/ES/2015,,23.99,30.44,27.00
2026-08-17,,,,,PL/4102/EXP/ES/2015,,24.78,30.48,28.27
2026-08-17,,,,,PL/4101/EXP/ES/2015,,23.99,30.44,27.00
2026-08-17,,,,,PL/4100/EXP/ES/2015,,24.78,30.48,28.27
2026-08-17,,,,,PL/410/EXP/ES/2015,,23.99,29.14,26.99
2026-08-17,,,,,PL/4099/EXP/ES/2015,,24.50,,27.00
2026-08-17,,,,,PL/4098/EXP/ES/2015,,24.78,30.48,28.27
2026-08-17,,,,,PL/4097/EXP/ES/2015,,23.99,29.97,
2026-08-17,,,,,PL/4096/EXP/ES/2015,,23.49,28.49,26.99
2026-08-17,,,,,PL/4095/EXP/ES/2015,,23.99,29.97,27.00
2026-08-17,,,,,PL/4094/EXP/ES/2015,,23.99,29.99,27.00
2026-08-17,,,,,PL/4093/EXP/ES/2015,,23.99,29.62,26.99
2026-08-17,,,,,PL/4092/EXP/ES/2015,,23.99,28.49,
2026-08-17,,,,,PL/4091/EXP/ES/2015,,23.99,29.29,27.49
2026-08-17,,,,,PL/4090/EXP/ES/2015,,23.99,29.64,26.99
2026-08-17,,,,,PL/409/EXP/ES/2015,,23.99,29.29,26.99
2026-08-17,,,,,PL/4089/EXP/ES/2015,,23.99,29.99,27.69
2026-08-17,,,,,PL/4088/EXP/ES/2015,,24.78,30.48,
2026-08-17,,,,,PL/4087/EXP/ES/2015,,23.99,29.60,26.99
2026-08-17,,,,,PL/4086/EXP/ES/2015,,23.49,28.49,
2026-08-17,,,,,PL/4085/EXP/ES/2015,,23.29,28.49,25.39
2026-08-17,,,,,PL/4084/EXP/ES/2015,,23.99,,27.00
2026-08-17,,,,,PL/4083/EXP/ES/2015,,22.99,28.49,
2026-08-17,,,,,PL/4082/EXP/ES/2015,,22.99,27.99,26.99
2026-08-17,,,,,PL/4081/EXP/ES/2015,,25.79,29.49,29.49
2026-08-17,,,,,PL/4080/EXP/ES/2015,,23.99,28.89,27.00
2026-08-17,,,,,PL/408/EXP/ES/2015,,23.99,29.29,26.99
2026-08-17,,,,,PL/4079/EXP/ES/2015,,23.99,29.29,26.99
2026-08-17,,,,,PL/4078/EXP/ES/2015,,23.99,29.49,26.99
2026-08-17,,,,,PL/4077/EXP/ES/2015,,24.00,29.30,27.00
2026-08-17,,,,,PL/4076/EXP/ES/2015,,22.99,26.99,
2026-08-17,,,,,PL/4075/EXP/ES/2015,,23.99,28.95,26.99
2026-08-17,,,,,PL/4073/EXP/ES/2015,,23.99,28.89,26.99
2026-08-17,,,,,PL/4072/EXP/ES/2015,,23.99,29.19,
2026-08-17,,,,,PL/4071/EXP/ES/2015,,22.99,27.59,27.00
2026-08-17,,,,,PL/4070/EXP/ES/2015,,23.95,28.55,27.00
2026-08-17,,,,,PL/407/EXP/ES/2015,,23.99,29.29,26.99
2026-08-17,,,,,PL/4069/EXP/ES/2015,,24.29,29.81,27.48
2026-08-17,,,,,PL/4068/EXP/ES/2015,,23.99,28.69,27.00
2026-08-17,,,,,PL/4067/EXP/ES/2015,,23.99,29.49,26.99
2026-08-17,,,,,PL/4066/EXP/ES/2015,,24.00,29.25,
2026-08-17,,,,,PL/4065/EXP/ES/2015,,23.99,29.49,26.99
2026-08-17,,,,,PL/4064/EXP/ES/2015,,23.99,29.34,27.00
2026-08-17,,,,,PL/4063/EXP/ES/2015,,24.00,29.25,
2026-08-17,,,,,PL/4062/EXP/ES/2015,,23.99,27.50,27.89
2026-08-17,,,,,PL/4061/EXP/ES/2015,,23.99,29.29,27.00
2026-08-17,,,,,PL/4060/EXP/ES/2015,,23.99,28.70,27.00
2026-08-17,,,,,PL/406/EXP/ES/2015,,24.00,29.50,27.00
2026-08-17,,,,,PL/4059/EXP/ES/2015,,23.99,28.99,27.00
2026-08-17,,,,,PL/4058/EXP/ES/2015,,23.99,29.29,27.00
2026-08-17,,,,,PL/4057/EXP/ES/2015,,23.99,27.99,26.99
2026-08-17,,,,,PL/4056/EXP/ES/2015,,23.99,28.99,27.00
2026-08-17,,,,,PL/4055/EXP/ES/2015,,23.99,28.99,
2026-08-17,,,,,PL/4054/EXP/ES/2015,,23.99,29.29,27.00
2026-08-17,,,,,PL/4053/EXP/ES/2015,,23.99,28.99,27.00
2026-08-17,,,,,PL/4052/EXP/ES/2015,,23.98,28.50,27.99
2026-08-17,,,,,PL/4051/EXP/ES/2015,,23.99,28.99,27.00
2026-08-17,,,,,PL/4050/EXP/ES/2015,,25.39,28.98,28.29
2026-08-17,,,,,PL/405/EXP/ES/2015,,23.99,29.14,26.99
2026-08-17,,,,,PL/4049/EXP/ES/2015,,25.39,28.98,28.29
2026-08-17,,,,,PL/4048/EXP/ES/2015,,23.99,28.99,26.99
2026-08-17,,,,,PL/4047/EXP/ES/2015,,25.39,28.98,28.29
2026-08-17,,,,,PL/4046/EXP/ES/2015,,25.39,28.97,28.29
2026-08-17,,,,,PL/4045/EXP/ES/2015,,22.99,26.99,
2026-08-17,,,,,PL/4044/EXP/ES/2015,,25.39,28.97,
2026-08-17,,,,,PL/4043/EXP/ES/2015,,25.39,28.98,
2026-08-17,,,,,PL/4042/EXP/ES/2015,,25.39,28.99,
2026-08-17,,,,,PL/4041/EXP/ES/2015,,25.39,28.98,28.29
2026-08-17,,,,,PL/4040/EXP/ES/2015,,23.99,28.99,27.00
2026-08-17,,,,,PL/404/EXP/ES/2015,,24.00,29.50,27.00
2026-08-17,,,,,PL/4039/EXP/ES/2015,,24.39,27.99,
2026-08-17,,,,,PL/4038/EXP/ES/2015,,25.39,28.97,28.29
2026-08-17,,,,,PL/4037/EXP/ES/2015,,23.99,28.99,27.00
2026-08-17,,,,,PL/4036/EXP/ES/2015,,23.99,27.99,26.99
2026-08-17,,,,,PL/4035/EXP/ES/2015,,23.99,28.65,26.99
2026-08-17,,,,,PL/4034/EXP/ES/2015,,23.99,29.40,26.99
2026-08-17,,,,,PL/4033/EXP/ES/2015,,25.39,28.97,
2026-08-17,,,,,PL/4032/EXP/ES/2015,,25.39,28.97,28.29
2026-08-17,,,,,PL/4031/EXP/ES/2015,,25.39,28.98,28.29
2026-08-17,,,,,PL/4030/EXP/ES/2015,,23.09,26.99,27.00
2026-08-17,,,,,PL/403/EXP/ES/2015,,22.14,27.29,
2026-08-17,,,,,PL/4029/EXP/ES/2015,,24.39,27.99,27.00
2026-08-17,,,,,PL/4028/EXP/ES/2015,,24.39,27.94,
2026-08-17,,,,,PL/4027/EXP/ES/2015,,24.39,27.99,
2026-08-17,,,,,PL/4026/EXP/ES/2015,,24.39,27.94,27.00
2026-08-17,,,,,PL/4025/EXP/ES/2015,,24.39,27.94,27.00
2026-08-17,,,,,PL/4024/EXP/ES/2015,,24.39,27.99,27.00
2026-08-17,,,,,PL/4023/EXP/ES/2015,,24.39,27.99,27.00
2026-08-17,,,,,PL/4022/EXP/ES/2015,,24.39,27.94,27.00
2026-08-17,,,,,PL/4021/EXP/ES/2015,,23.55,27.93,
2026-08-17,,,,,PL/4020/EXP/ES/2015,,24.39,27.99,27.00
2026-08-17,,,,,PL/402/EXP/ES/2015,,23.99,29.29,26.99
2026-08-17,,,,,PL/4019/EXP/ES/2015,,24.39,27.94,
2026-08-17,,,,,PL/4018/EXP/ES/2015,,23.59,26.99,
2026-08-17,,,,,PL/4017/EXP/ES/2015,,24.39,27.99,27.00
2026-08-17,,,,,PL/4016/EXP/ES/2015,,24.39,27.94,27.00
2026-08-17,,,,,PL/4015/EXP/ES/2015,,24.39,27.99,
2026-08-17,,,,,PL/4014/EXP/ES/2015,,24.39,27.94,27.00
2026-08-17,,,,,PL/4013/EXP/ES/2015,,24.39,27.94,
2026-08-17,,,,,PL/4012/EXP/ES/2015,,24.39,27.99,27.00
2026-08-17,,,,,PL/4011/EXP/ES/2015,,24.79,29.79,27.39
2026-08-17,,,,,PL/4010/EXP/ES/2015,,23.99,28.70,27.00
2026-08-17,,,,,PL/401/EXP/ES/2015,,24.00,,27.00
2026-08-17,,,,,PL/4009/EXP/ES/2015,,24.39,27.94,27.00
2026-08-17,,,,,PL/4008/EXP/ES/2015,,24.79,29.79,27.39
2026-08-17,,,,,PL/4007/EXP/ES/2015,,23.99,28.99,26.99
2026-08-17,,,,,PL/4006/EXP/ES/2015,,24.90,30.30,
2026-08-17,,,,,PL/4005/EXP/ES/2015,,23.99,28.99,
2026-08-17,,,,,PL/4003/EXP/ES/2015,,23.55,28.50,27.00
2026-08-17,,,,,PL/4002/EXP/ES/2015,,23.55,28.50,27.00
2026-08-17,,,,,PL/4001/EXP/ES/2015,,23.99,29.97,
2026-08-17,,,,,PL/4000/EXP/ES/2015,,22.39,27.49,27.00
2026-08-17,,,,,PL/400/EXP/ES/2015,,23.99,29.14,
2026-08-17,,,,,PL/3999/EXP/ES/2015,,23.99,29.67,27.00
2026-08-17,,,,,PL/3998/EXP/ES/2015,,22.97,27.85,27.00
2026-08-17,,,,,PL/3997/EXP/ES/2015,,23.69,28.99,26.99
2026-08-17,,,,,PL/3996/EXP/ES/2015,,24.39,29.99,27.99
2026-08-17,,,,,PL/3995/EXP/ES/2015,,23.99,29.49,
2026-08-17,,,,,PL/3994/EXP/ES/2015,,23.99,29.67,27.00
2026-08-17,,,,,PL/3993/EXP/ES/2015,,23.99,29.34,27.00
2026-08-17,,,,,PL/3992/EXP/ES/2015,,23.99,29.49,
2026-08-17,,,,,PL/3991/EXP/ES/2015,,23.59,29.49,
2026-08-17,,,,,PL/3990/EXP/ES/2015,,23.83,28.25,27.00
2026-08-17,,,,,PL/399/EXP/ES/2015,,24.00,29.50,27.00
2026-08-17,,,,,PL/3989/EXP/ES/2015,,23.99,29.49,
2026-08-17,,,,,PL/3988/EXP/ES/2015,,23.99,29.49,
2026-08-17,,,,,PL/3987/EXP/ES/2015,,23.79,27.95,27.00
2026-08-17,,,,,PL/3986/EXP/ES/2015,,22.99,27.69,26.19
2026-08-17,,,,,PL/3985/EXP/ES/2015,,23.99,29.97,27.00
2026-08-17,,,,,PL/3984/EXP/ES/2015,,23.99,28.30,27.00
2026-08-17,,,,,PL/3983/EXP/ES/2015,,23.99,29.49,27.00
2026-08-17,,,,,PL/3982/EXP/ES/2015,,23.98,29.98,27.00
2026-08-17,,,,,PL/3981/EXP/ES/2015,,23.99,29.34,27.00
2026-08-17,,,,,PL/3980/EXP/ES/2015,,23.60,27.50,26.99
2026-08-17,,,,,PL/398/EXP/ES/2015,,21.89,27.24,25.39
2026-08-17,,,,,PL/3979/EXP/ES/2015,,23.97,29.39,27.00
2026-08-17,,,,,PL/3978/EXP/ES/2015,,25.99,30.24,29.29
2026-08-17,,,,,PL/3977/EXP/ES/2015,,20.99,26.90,27.00
2026-08-17,,,,,PL/3976/EXP/ES/2015,,23.99,28.99,27.00
2026-08-17,,,,,PL/3975/EXP/ES/2015,,24.99,29.70,28.50
2026-08-17,,,,,PL/3974/EXP/ES/2015,,23.99,29.49,
2026-08-17,,,,,PL/3973/EXP/ES/2015,,22.75,26.95,
2026-08-17,,,,,PL/3971/EXP/ES/2015,,23.49,27.39,
2026-08-17,,,,,PL/3970/EXP/ES/2015,,23.49,28.49,
2026-08-17,,,,,PL/397/EXP/ES/2015,,24.00,,27.00
2026-08-17,,,,,PL/3969/EXP/ES/2015,,22.99,27.99,25.39
2026-08-17,,,,,PL/3968/EXP/ES/2015,,23.97,27.98,27.00
2026-08-17,,,,,PL/3967/EXP/ES/2015,,23.39,,25.39
2026-08-17,,,,,PL/3966/EXP/ES/2015,,22.95,27.55,
2026-08-17,,,,,PL/3965/EXP/ES/2015,,23.29,29.25,26.99
2026-08-17,,,,,PL/3964/EXP/ES/2015,,23.59,28.29,
2026-08-17,,,,,PL/3963/EXP/ES/2015,,23.89,,25.38
2026-08-17,,,,,PL/3962/EXP/ES/2015,,23.99,,26.99
2026-08-17,,,,,PL/3961/EXP/ES/2015,,23.99,28.60,27.00
2026-08-17,,,,,PL/3960/EXP/ES/2015,,22.99,,25.38
2026-08-17,,,,,PL/396/EXP/ES/2015,,24.00,29.50,27.00
2026-08-17,,,,,PL/3959/EXP/ES/2015,,22.79,28.49,
2026-08-17,,,,,PL/3957/EXP/ES/2015,,23.98,29.28,27.00
2026-08-17,,,,,PL/3956/EXP/ES/2015,,23.94,28.49,27.00
2026-08-17,,,,,PL/3955/EXP/ES/2015,,23.97,28.37,26.99
2026-08-17,,,,,PL/3954/EXP/ES/2015,,23.99,28.99,
2026-08-17,,,,,PL/3953/EXP/ES/2015,,23.99,28.84,27.00
2026-08-17,,,,,PL/3952/EXP/ES/2015,,23.99,29.89,
2026-08-17,,,,,PL/3951/EXP/ES/2015,,22.95,27.79,26.75
2026-08-17,,,,,PL/3950/EXP/ES/2015,,24.00,29.90,27.00
2026-08-17,,,,,PL/395/EXP/ES/2015,,24.00,29.50,27.00
2026-08-17,,,,,PL/3949/EXP/ES/2015,,23.92,28.09,27.00
2026-08-17,,,,,PL/3948/EXP/ES/2015,,23.99,,26.99
2026-08-17,,,,,PL/3947/EXP/ES/2015,,19.69,25.39,25.38
2026-08-17,,,,,PL/3946/EXP/ES/2015,,24.00,29.60,27.00
2026-08-17,,,,,PL/3945/EXP/ES/2015,,23.69,28.39,26.99
2026-08-17,,,,,PL/3944/EXP/ES/2015,,24.00,29.60,27.00
2026-08-17,,,,,PL/3943/EXP/ES/2015,,24.49,29.99,27.00
2026-08-17,,,,,PL/3942/EXP/ES/2015,,19.40,24.99,26.99
2026-08-17,,,,,PL/3941/EXP/ES/2015,,23.99,27.86,
2026-08-17,,,,,PL/3940/EXP/ES/2015,,23.69,28.39,26.99
2026-08-17,,,,,PL/394/EXP/ES/2015,,22.14,27.29,
2026-08-17,,,,,PL/3939/EXP/ES/2015,,23.95,27.30,26.99
2026-08-17,,,,,PL/3938/EXP/ES/2015,,23.99,27.60,26.99
2026-08-17,,,,,PL/3937/EXP/ES/2015,,23.99,28.99,26.99
2026-08-17,,,,,PL/3936/EXP/ES/2015,,23.99,28.00,26.99
2026-08-17,,,,,PL/3935/EXP/ES/2015,,23.97,28.50,27.00
2026-08-17,,,,,PL/3934/EXP/ES/2015,,23.99,28.30,26.99
2026-08-17,,,,,PL/3933/EXP/ES/2015,,23.78,28.99,26.75
2026-08-17,,,,,PL/3932/EXP/ES/2015,,23.99,27.95,27.00
2026-08-17,,,,,PL/3931/EXP/ES/2015,,23.99,27.95,27.00
2026-08-17,,,,,PL/3930/EXP/ES/2015,,23.99,28.19,
2026-08-17,,,,,PL/393/EXP/ES/2015,,22.19,27.29,25.39
2026-08-17,,,,,PL/3929/EXP/ES/2015,,23.59,27.87,26.99
2026-08-17,,,,,PL/3928/EXP/ES/2015,,23.99,29.39,
2026-08-17,,,,,PL/3927/EXP/ES/2015,,24.69,29.99,27.00
2026-08-17,,,,,PL/3926/EXP/ES/2015,,23.99,29.99,27.00
2026-08-17,,,,,PL/3925/EXP/ES/2015,,23.99,29.99,27.00
2026-08-17,,,,,PL/3924/EXP/ES/2015,,20.90,22.99,
2026-08-17,,,,,PL/3923/EXP/ES/2015,,23.99,29.99,
2026-08-17,,,,,PL/3922/EXP/ES/2015,,23.44,27.30,26.94
2026-08-17,,,,,PL/3921/EXP/ES/2015,,23.89,28.29,26.95
2026-08-17,,,,,PL/3920/EXP/ES/2015,,23.91,27.69,26.99
2026-08-17,,,,,PL/392/EXP/ES/2015,,24.00,29.50,
2026-08-17,,,,,PL/3919/EXP/ES/2015,,23.89,28.29,26.99
2026-08-17,,,,,PL/3918/EXP/ES/2015,,23.49,27.79,26.99
2026-08-17,,,,,PL/3917/EXP/ES/2015,,23.91,27.69,26.99
2026-08-17,,,,,PL/3916/EXP/ES/2015,,23.79,28.89,26.85
2026-08-17,,,,,PL/3915/EXP/ES/2015,,23.69,28.99,
2026-08-17,,,,,PL/3914/EXP/ES/2015,,23.15,26.95,25.35
2026-08-17,,,,,PL/3913/EXP/ES/2015,,23.79,28.89,
2026-08-17,,,,,PL/3912/EXP/ES/2015,,23.99,28.99,26.99
2026-08-17,,,,,PL/3911/EXP/ES/2015,,23.39,27.29,26.99
2026-08-17,,,,,PL/3910/EXP/ES/2015,,22.99,,25.38
2026-08-17,,,,,PL/391/EXP/ES/2015,,24.00,29.50,27.00
2026-08-17,,,,,PL/3909/EXP/ES/2015,,23.99,28.69,27.00
2026-08-17,,,,,PL/3908/EXP/ES/2015,,23.99,,26.99
2026-08-17,,,,,PL/3907/EXP/ES/2015,,23.99,29.49,
2026-08-17,,,,,PL/3906/EXP/ES/2015,,23.99,28.69,27.00
2026-08-17,,,,,PL/3905/EXP/ES/2015,,23.99,29.59,27.49
2026-08-17,,,,,PL/3904/EXP/ES/2015,,23.79,28.29,26.85
2026-08-17,,,,,PL/3903/EXP/ES/2015,,23.99,29.86,27.00
2026-08-17,,,,,PL/3902/EXP/ES/2015,,24.68,29.58,28.73
2026-08-17,,,,,PL/3901/EXP/ES/2015,,23.99,29.39,
2026-08-17,,,,,PL/3900/EXP/ES/2015,,23.99,28.69,
2026-08-17,,,,,PL/390/EXP/ES/2015,,24.00,29.50,27.00
2026-08-17,,,,,PL/3899/EXP/ES/2015,,23.99,27.99,27.00
2026-08-17,,,,,PL/3898/EXP/ES/2015,,23.29,,26.99
2026-08-17,,,,,PL/3897/EXP/ES/2015,,23.99,29.99,27.00
2026-08-17,,,,,PL/3896/EXP/ES/2015,,23.99,29.99,
2026-08-17,,,,,PL/3895/EXP/ES/2015,,23.90,27.00,
2026-08-17,,,,,PL/3894/EXP/ES/2015,,23.59,27.59,27.99
2026-08-17,,,,,PL/3893/EXP/ES/2015,,23.99,27.99,27.00
2026-08-17,,,,,PL/3892/EXP/ES/2015,,23.99,29.59,27.00
2026-08-17,,,,,PL/3891/EXP/ES/2015,,22.87,27.33,26.55
2026-08-17,,,,,PL/3890/EXP/ES/2015,,23.99,29.99,27.00
2026-08-17,,,,,PL/389/EXP/ES/2015,,21.94,27.29,25.39
2026-08-17,,,,,PL/3889/EXP/ES/2015,,23.99,29.59,27.00
2026-08-17,,,,,PL/3888/EXP/ES/2015,,23.99,29.59,27.00
2026-08-17,,,,,PL/3887/EXP/ES/2015,,22.79,28.29,
2026-08-17,,,,,PL/3886/EXP/ES/2015,,24.59,,27.50
2026-08-17,,,,,PL/3885/EXP/ES/2015,,23.58,29.48,
2026-08-17,,,,,PL/3884/EXP/ES/2015,,23.98,25.53,
2026-08-17,,,,,PL/3883/EXP/ES/2015,,23.68,28.17,27.00
2026-08-17,,,,,PL/3882/EXP/ES/2015,,23.68,29.88,
2026-08-17,,,,,PL/3881/EXP/ES/2015,,23.99,28.48,
2026-08-17,,,,,PL/3880/EXP/ES/2015,,24.38,29.88,
2026-08-17,,,,,PL/388/EXP/ES/2015,,22.14,27.29,25.39
2026-08-17,,,,,PL/3879/EXP/ES/2015,,23.99,28.38,27.00
2026-08-17,,,,,PL/3878/EXP/ES/2015,,22.99,28.49,
2026-08-17,,,,,PL/3877/EXP/ES/2015,,23.29,29.25,26.99
2026-08-17,,,,,PL/3876/EXP/ES/2015,,23.99,27.39,27.00
2026-08-17,,,,,PL/3875/EXP/ES/2015,,23.99,28.39,26.89
2026-08-17,,,,,PL/3874/EXP/ES/2015,,23.99,,27.00
2026-08-17,,,,,PL/3873/EXP/ES/2015,,23.29,28.49,
2026-08-17,,,,,PL/3872/EXP/ES/2015,,23.99,28.29,27.00
2026-08-17,,,,,PL/3871/EXP/ES/2015,,22.78,25.98,
2026-08-17,,,,,PL/3870/EXP/ES/2015,,23.99,28.59,27.49
2026-08-17,,,,,PL/387/EXP/ES/2015,,24.00,29.50,27.00
2026-08-17,,,,,PL/3869/EXP/ES/2015,,22.79,28.29,
2026-08-17,,,,,PL/3868/EXP/ES/2015,,23.19,27.99,25.99
2026-08-17,,,,,PL/3867/EXP/ES/2015,,23.96,28.77,
2026-08-17,,,,,PL/3866/EXP/ES/2015,,24.00,,27.00
2026-08-17,,,,,PL/3865/EXP/ES/2015,,23.99,28.99,27.00
2026-08-17,,,,,PL/3864/EXP/ES/2015,,23.80,28.00,27.00
2026-08-17,,,,,PL/3863/EXP/ES/2015,,23.90,28.10,27.00
2026-08-17,,,,,PL/3862/EXP/ES/2015,,23.95,28.35,27.35
2026-08-17,,,,,PL/3861/EXP/ES/2015,,23.99,29.49,26.99
2026-08-17,,,,,PL/3860/EXP/ES/2015,,22.88,27.68,26.48
2026-08-17,,,,,PL/386/EXP/ES/2015,,23.99,29.89,27.89
2026-08-17,,,,,PL/3859/EXP/ES/2015,,24.00,,27.25
2026-08-17,,,,,PL/3858/EXP/ES/2015,,23.99,28.99,27.00
2026-08-17,,,,,PL/3857/EXP/ES/2015,,23.99,28.64,27.00
2026-08-17,,,,,PL/3856/EXP/ES/2015,,23.99,28.99,
2026-08-17,,,,,PL/3855/EXP/ES/2015,,22.88,27.69,26.96
2026-08-17,,,,,PL/3854/EXP/ES/2015,,23.69,,
2026-08-17,,,,,PL/3853/EXP/ES/2015,,23.99,28.89,27.00
2026-08-17,,,,,PL/3852/EXP/ES/2015,,23.99,29.59,27.00
2026-08-17,,,,,PL/3851/EXP/ES/2015,,23.89,,27.27
2026-08-17,,,,,PL/3850/EXP/ES/2015,,23.99,28.79,27.00
2026-08-17,,,,,PL/385/EXP/ES/2015,,21.94,27.29,25.39
2026-08-17,,,,,PL/3849/EXP/ES/2015,,23.89,27.99,26.99
2026-08-17,,,,,PL/3848/EXP/ES/2015,,23.79,28.99,26.99
2026-08-17,,,,,PL/3847/EXP/ES/2015,,23.60,27.79,27.00
2026-08-17,,,,,PL/3846/EXP/ES/2015,,23.89,28.49,26.99
2026-08-17,,,,,PL/3845/EXP/ES/2015,,22.40,23.40,
2026-08-17,,,,,PL/3844/EXP/ES/2015,,23.79,28.99,
2026-08-17,,,,,PL/3843/EXP/ES/2015,,23.99,28.79,27.00
2026-08-17,,,,,PL/3842/EXP/ES/2015,,23.99,27.72,27.00
2026-08-17,,,,,PL/3841/EXP/ES/2015,,23.31,27.79,26.85
2026-08-17,,,,,PL/3840/EXP/ES/2015,,20.99,26.90,27.00
2026-08-17,,,,,PL/384/EXP/ES/2015,,22.14,27.29,
2026-08-17,,,,,PL/3839/EXP/ES/2015,,23.50,28.70,26.95
2026-08-17,,,,,PL/3838/EXP/ES/2015,,23.80,27.81,27.20
2026-08-17,,,,,PL/3837/EXP/ES/2015,,23.80,27.81,27.20
2026-08-17,,,,,PL/3836/EXP/ES/2015,,23.99,28.74,26.99
2026-08-17,,,,,PL/3835/EXP/ES/2015,,23.69,28.49,26.99
2026-08-17,,,,,PL/3834/EXP/ES/2015,,23.80,27.81,
2026-08-17,,,,,PL/3833/EXP/ES/2015,,23.80,27.81,
2026-08-17,,,,,PL/3832/EXP/ES/2015,,23.84,17.62,26.69
2026-08-17,,,,,PL/3831/EXP/ES/2015,,24.45,,27.49
2026-08-17,,,,,PL/3830/EXP/ES/2015,,24.99,,27.40
2026-08-17,,,,,PL/383/EXP/ES/2015,,19.74,25.89,25.39
2026-08-17,,,,,PL/3829/EXP/ES/2015,,23.95,28.92,26.99
2026-08-17,,,,,PL/3828/EXP/ES/2015,,22.99,28.29,
2026-08-17,,,,,PL/3827/EXP/ES/2015,,23.99,29.29,
2026-08-17,,,,,PL/3826/EXP/ES/2015,,23.49,,
2026-08-17,,,,,PL/3825/EXP/ES/2015,,23.99,25.69,25.59
2026-08-17,,,,,PL/3824/EXP/ES/2015,,23.99,28.99,
2026-08-17,,,,,PL/3823/EXP/ES/2015,,23.99,28.89,27.00
2026-08-17,,,,,PL/3822/EXP/ES/2015,,23.99,28.29,
2026-08-17,,,,,PL/3821/EXP/ES/2015,,23.89,27.94,27.00
2026-08-17,,,,,PL/3820/EXP/ES/2015,,23.99,30.87,27.80
2026-08-17,,,,,PL/382/EXP/ES/2015,,22.14,27.29,25.39
2026-08-17,,,,,PL/3819/EXP/ES/2015,,23.99,28.99,27.00
2026-08-17,,,,,PL/3818/EXP/ES/2015,,23.99,28.99,
2026-08-17,,,,,PL/3817/EXP/ES/2015,,24.00,29.89,28.00
2026-08-17,,,,,PL/3816/EXP/ES/2015,,23.98,,26.98
2026-08-17,,,,,PL/3815/EXP/ES/2015,,24.00,29.50,28.09
2026-08-17,,,,,PL/3814/EXP/ES/2015,,23.99,29.95,28.00
2026-08-17,,,,,PL/3813/EXP/ES/2015,,23.99,28.99,
2026-08-17,,,,,PL/3812/EXP/ES/2015,,24.49,29.99,26.99
2026-08-17,,,,,PL/3811/EXP/ES/2015,,24.49,29.99,26.99
2026-08-17,,,,,PL/3810/EXP/ES/2015,,13.59,14.53,18.30
2026-08-17,,,,,PL/381/EXP/ES/2015,,24.00,29.50,27.00
2026-08-17,,,,,PL/3809/EXP/ES/2015,,23.49,,
2026-08-17,,,,,PL/3808/EXP/ES/2015,,23.99,28.99,26.99
2026-08-17,,,,,PL/3807/EXP/ES/2015,,24.99,29.19,
2026-08-17,,,,,PL/3806/EXP/ES/2015,,23.99,28.16,27.00
2026-08-17,,,,,PL/3805/EXP/ES/2015,,23.99,27.50,27.00
2026-08-17,,,,,PL/3804/EXP/ES/2015,,23.99,28.39,27.00
2026-08-17,,,,,PL/3803/EXP/ES/2015,,23.98,27.89,27.29
2026-08-17,,,,,PL/3802/EXP/ES/2015,,23.99,28.59,27.00
2026-08-17,,,,,PL/3801/EXP/ES/2015,,22.99,27.39,27.00
2026-08-17,,,,,PL/3800/EXP/ES/2015,,22.98,,27.00
2026-08-17,,,,,PL/380/EXP/ES/2015,,24.00,29.50,
2026-08-17,,,,,PL/3799/EXP/ES/2015,,23.99,28.59,27.00
2026-08-17,,,,,PL/3798/EXP/ES/2015,,23.99,28.59,27.00
2026-08-17,,,,,PL/3797/EXP/ES/2015,,24.10,29.49,27.99
2026-08-17,,,,,PL/3796/EXP/ES/2015,,23.99,28.99,27.00
2026-08-17,,,,,PL/3795/EXP/ES/2015,,23.99,28.00,26.99
2026-08-17,,,,,PL/3794/EXP/ES/2015,,23.99,28.39,27.00
2026-08-17,,,,,PL/3793/EXP/ES/2015,,23.99,28.30,27.00
2026-08-17,,,,,PL/3792/EXP/ES/2015,,23.99,28.39,27.00
2026-08-17,,,,,PL/3791/EXP/ES/2015,,20.29,24.99,26.99
2026-08-17,,,,,PL/3790/EXP/ES/2015,,23.99,28.30,27.00
2026-08-17,,,,,PL/379/EXP/ES/2015,,23.99,29.29,26.99
2026-08-17,,,,,PL/3789/EXP/ES/2015,,23.99,28.16,27.00
2026-08-17,,,,MULTISERVICIOS 511 S.A. DE C.V.,PL/3788/EXP/ES/2015,Avenida Santa Ana Tepetitlán No. 316,23.99,28.99,27.00
2026-08-17,,,,,PL/3787/EXP/ES/2015,,23.99,28.69,27.00
2026-08-17,,,,,PL/3786/EXP/ES/2015,,23.99,28.41,
2026-08-17,,,,,PL/3785/EXP/ES/2015,,23.39,28.55,
2026-08-17,,,,,PL/3784/EXP/ES/2015,,21.99,28.29,
2026-08-17,,,,,PL/3783/EXP/ES/2015,,22.69,27.39,26.49
2026-08-17,,,,,PL/3782/EXP/ES/2015,,23.99,28.39,27.00
2026-08-17,,,,,PL/3781/EXP/ES/2015,,23.59,28.49,26.99
2026-08-17,,,,,PL/3780/EXP/ES/2015,,23.99,28.69,27.00
2026-08-17,,,,,PL/378/EXP/ES/2015,,21.94,27.29,25.39
2026-08-17,,,,,PL/3779/EXP/ES/2015,,23.79,28.59,
2026-08-17,,,,,PL/3778/EXP/ES/2015,,24.00,28.68,27.00
2026-08-17,,,,,PL/3777/EXP/ES/2015,,23.99,28.90,
2026-08-17,,,,,PL/3776/EXP/ES/2015,,23.49,28.49,26.99
2026-08-17,,,,,PL/3775/EXP/ES/2015,,23.05,28.25,
2026-08-17,,,,,PL/3774/EXP/ES/2015,,23.99,28.09,27.00
2026-08-17,,,,,PL/3773/EXP/ES/2015,,23.99,27.99,26.99
2026-08-17,,,,,PL/3772/EXP/ES/2015,,23.99,28.19,27.00
2026-08-17,,,,,PL/3771/EXP/ES/2015,,24.99,30.49,28.49
2026-08-17,,,,,PL/3770/EXP/ES/2015,,24.00,28.70,27.00
2026-08-17,,,,,PL/377/EXP/ES/2015,,23.99,29.29,26.99
2026-08-17,,,,,PL/3769/EXP/ES/2015,,23.99,28.69,27.00
2026-08-17,,,,,PL/3768/EXP/ES/2015,,23.49,28.79,26.99
2026-08-17,,,,,PL/3767/EXP/ES/2015,,23.55,28.15,27.00
2026-08-17,,,,,PL/3766/EXP/ES/2015,,23.89,29.30,26.99
2026-08-17,,,,,PL/3765/EXP/ES/2015,,23.69,28.19,
2026-08-17,,,,,PL/3764/EXP/ES/2015,,23.25,27.49,26.99
2026-08-17,,,,,PL/3763/EXP/ES/2015,,23.44,27.34,26.94
2026-08-17,,,,,PL/3762/EXP/ES/2015,,23.95,29.57,27.00
2026-08-17,,,,,PL/3761/EXP/ES/2015,,23.99,28.69,27.00
2026-08-17,,,,,PL/3760/EXP/ES/2015,,23.99,28.62,27.00
2026-08-17,,,,,PL/376/EXP/ES/2015,,23.99,29.29,26.99
2026-08-17,,,,,PL/3759/EXP/ES/2015,,23.79,27.79,
2026-08-17,,,,,PL/3758/EXP/ES/2015,,23.99,28.99,27.00
2026-08-17,,,,,PL/3757/EXP/ES/2015,,23.99,29.14,27.00
2026-08-17,,,,,PL/3756/EXP/ES/2015,,23.99,28.99,27.00
2026-08-17,,,,,PL/3755/EXP/ES/2015,,24.00,29.70,27.00
2026-08-17,,,,,PL/3754/EXP/ES/2015,,23.97,27.89,27.00
2026-08-17,,,,,PL/3753/EXP/ES/2015,,23.95,27.55,27.00
2026-08-17,,,,,PL/3752/EXP/ES/2015,,23.58,29.57,27.00
2026-08-17,,,,,PL/3751/EXP/ES/2015,,23.99,28.99,27.00
2026-08-17,,,,,PL/3750/EXP/ES/2015,,22.99,28.49,27.00
2026-08-17,,,,,PL/375/EXP/ES/2015,,23.99,29.89,27.49
2026-08-17,,,,,PL/3749/EXP/ES/2015,,23.99,27.99,
2026-08-17,,,,,PL/3748/EXP/ES/2015,,24.75,,29.53
2026-08-17,,,,,PL/3747/EXP/ES/2015,,23.99,28.99,27.00
2026-08-17,,,,,PL/3746/EXP/ES/2015,,22.69,27.39,
2026-08-17,,,,,PL/3745/EXP/ES/2015,,23.99,27.99,26.99
2026-08-17,,,,,PL/3744/EXP/ES/2015,,23.99,27.99,27.00
2026-08-17,,,,,PL/3743/EXP/ES/2015,,23.89,28.99,
2026-08-17,,,,,PL/3742/EXP/ES/2015,,21.98,24.16,23.51
2026-08-17,,,,,PL/3741/EXP/ES/2015,,23.99,27.99,26.99
2026-08-17,,,,,PL/3740/EXP/ES/2015,,23.99,,27.00
2026-08-17,,,,,PL/374/EXP/ES/2015,,24.00,29.50,27.00
2026-08-17,,,,,PL/3739/EXP/ES/2015,,23.99,,27.00
2026-08-17,,,,,PL/3738/EXP/ES/2015,,24.29,28.10,27.00
2026-08-17,,,,,PL/3737/EXP/ES/2015,,22.99,28.49,26.79
2026-08-17,,,,,PL/3736/EXP/ES/2015,,23.99,28.49,
2026-08-17,,,,,PL/3735/EXP/ES/2015,,23.95,29.57,27.00
2026-08-17,,,,,PL/3734/EXP/ES/2015,,23.39,28.29,26.99
2026-08-17,,,,MULTISERVICIOS GASOLINEROS LUNA S.A. DE C.V.,PL/3733/EXP/ES/2015,Km 123+500 Carretera Guadalajara-Morelia,23.99,28.99,27.00
2026-08-17,,,,,PL/3732/EXP/ES/2015,,24.39,29.99,27.99
2026-08-17,,,,,PL/3731/EXP/ES/2015,,19.88,24.99,26.85
2026-08-17,,,,,PL/3730/EXP/ES/2015,,23.99,27.99,26.99
2026-08-17,,,,,PL/373/EXP/ES/2015,,23.99,29.89,27.49
2026-08-17,,,,,PL/3729/EXP/ES/2015,,23.99,29.91,27.50
2026-08-17,,,,,PL/3728/EXP/ES/2015,,23.39,27.69,26.99
2026-08-17,,,,,PL/3727/EXP/ES/2015,,23.99,29.49,27.49
2026-08-17,,,,,PL/3726/EXP/ES/2015,,23.99,27.99,
2026-08-17,,,,,PL/3725/EXP/ES/2015,,23.99,28.09,27.64
2026-08-17,,,,,PL/3724/EXP/ES/2015,,23.99,27.85,27.00
2026-08-17,,,,,PL/3723/EXP/ES/2015,,20.79,23.95,26.90
2026-08-17,,,,,PL/3722/EXP/ES/2015,,23.99,,27.00
2026-08-17,,,,,PL/3721/EXP/ES/2015,,24.39,29.99,27.99
2026-08-17,,,,,PL/3720/EXP/ES/2015,,23.90,28.95,
2026-08-17,,,,,PL/372/EXP/ES/2015,,24.79,29.99,27.89
2026-08-17,,,,,PL/3719/EXP/ES/2015,,23.99,,27.00
2026-08-17,,,,,PL/3718/EXP/ES/2015,,23.95,27.48,27.00
2026-08-17,,,,,PL/3717/EXP/ES/2015,,23.45,28.69,26.99
2026-08-17,,,,,PL/3716/EXP/ES/2015,,19.96,24.48,26.49
2026-08-17,,,,,PL/3715/EXP/ES/2015,,20.79,23.95,26.90
2026-08-17,,,,,PL/3714/EXP/ES/2015,,23.99,,27.00
2026-08-17,,,,,PL/3713/EXP/ES/2015,,23.99,28.99,27.00
2026-08-17,,,,,PL/3712/EXP/ES/2015,,22.69,27.39,26.49
2026-08-17,,,,,PL/3711/EXP/ES/2015,,19.96,24.48,26.49
2026-08-17,,,,,PL/3710/EXP/ES/2015,,23.99,27.99,27.00
2026-08-17,,,,,PL/371/EXP/ES/2015,,23.99,29.29,26.99
2026-08-17,,,,,PL/3709/EXP/ES/2015,,23.39,28.19,27.00
2026-08-17,,,,,PL/3708/EXP/ES/2015,,23.99,29.49,27.00
2026-08-17,,,,,PL/3707/EXP/ES/2015,,23.96,29.49,
2026-08-17,,,,,PL/3706/EXP/ES/2015,,22.69,27.39,26.49
2026-08-17,,,,,PL/3705/EXP/ES/2015,,23.89,28.59,27.00
2026-08-17,,,,,PL/3704/EXP/ES/2015,,24.49,29.49,
2026-08-17,,,,,PL/3703/EXP/ES/2015,,20.17,24.48,26.99
2026-08-17,,,,AUTOSERVICIO GASOLINERO HACIENDA SANTA FE S.A. DE C.V.,PL/3702/EXP/ES/2015,Avenida Santa Fe No. 1000,23.99,28.99,27.00
2026-08-17,,,,,PL/3701/EXP/ES/2015,,23.99,29.49,27.00
2026-08-17,,,,,PL/3700/EXP/ES/2015,,23.99,29.50,26.85
2026-08-17,,,,,PL/370/EXP/ES/2015,,24.00,29.50,27.00
2026-08-17,,,,ESTACIÓN DE SERVICIO BETA S.A. DE C.V.,PL/3699/EXP/ES/2015,Camino Real a Colima No. 549 A,23.99,27.99,26.85
2026-08-17,,,,,PL/3698/EXP/ES/2015,,19.89,25.39,25.38
2026-08-17,,,,,PL/3697/EXP/ES/2015,,22.99,28.30,
2026-08-17,,,,,PL/3696/EXP/ES/2015,,23.99,28.50,
2026-08-17,,,,,PL/3695/EXP/ES/2015,,23.88,28.64,27.00
2026-08-17,,,,,PL/3694/EXP/ES/2015,,19.35,25.29,
2026-08-17,,,,,PL/3693/EXP/ES/2015,,23.19,28.29,26.99
2026-08-17,,,,,PL/3692/EXP/ES/2015,,23.99,29.69,26.99
2026-08-17,,,,,PL/3691/EXP/ES/2015,,19.79,24.49,26.85
2026-08-17,,,,,PL/3690/EXP/ES/2015,,23.79,27.99,27.00
2026-08-17,,,,,PL/369/EXP/ES/2015,,23.99,29.29,
2026-08-17,,,,,PL/3689/EXP/ES/2015,,23.99,29.87,26.84
2026-08-17,,,,,PL/3688/EXP/ES/2015,,23.23,27.18,
2026-08-17,,,,,PL/3687/EXP/ES/2015,,20.14,24.99,26.99
2026-08-17,,,,,PL/3686/EXP/ES/2015,,23.93,28.15,27.00
2026-08-17,,,,,PL/3685/EXP/ES/2015,,23.95,28.15,27.00
2026-08-17,,,,,PL/3684/EXP/ES/2015,,23.73,28.80,27.00
2026-08-17,,,,,PL/3683/EXP/ES/2015,,23.99,28.39,
2026-08-17,,,,,PL/3682/EXP/ES/2015,,24.10,,27.99
2026-08-17,,,,,PL/3681/EXP/ES/2015,,23.09,26.99,29.79
2026-08-17,,,,,PL/3680/EXP/ES/2015,,23.99,27.99,
2026-08-17,,,,,PL/368/EXP/ES/2015,,23.99,29.89,27.49
2026-08-17,,,,,PL/3679/EXP/ES/2015,,22.99,27.99,26.99
2026-08-17,,,,,PL/3678/EXP/ES/2015,,20.14,24.49,
2026-08-17,,,,,PL/3677/EXP/ES/2015,,22.99,28.19,27.00
2026-08-17,,,,,PL/3676/EXP/ES/2015,,23.99,28.99,27.00
2026-08-17,,,,,PL/3675/EXP/ES/2015,,23.09,26.99,26.79
2026-08-17,,,,,PL/3674/EXP/ES/2015,,22.39,26.99,26.39
2026-08-17,,,,,PL/3673/EXP/ES/2015,,23.45,28.10,26.99
2026-08-17,,,,,PL/3672/EXP/ES/2015,,23.55,28.89,
2026-08-17,,,,,PL/3671/EXP/ES/2015,,23.99,29.39,27.00
2026-08-17,,,,,PL/3670/EXP/ES/2015,,23.99,29.59,27.00
2026-08-17,,,,,PL/367/EXP/ES/2015,,23.99,29.29,
2026-08-17,,,,,PL/3669/EXP/ES/2015,,23.27,28.86,26.99
2026-08-17,,,,,PL/3668/EXP/ES/2015,,23.59,28.69,
2026-08-17,,,,,PL/3666/EXP/ES/2015,,23.49,28.84,26.99
2026-08-17,,,,,PL/3665/EXP/ES/2015,,23.99,28.99,27.00
2026-08-17,,,,,PL/3664/EXP/ES/2015,,23.99,28.34,27.00
2026-08-17,,,,,PL/3663/EXP/ES/2015,,23.99,28.39,
2026-08-17,,,,,PL/3662/EXP/ES/2015,,23.34,28.77,26.99
2026-08-17,,,,,PL/3661/EXP/ES/2015,,23.99,28.39,
2026-08-17,,,,,PL/3660/EXP/ES/2015,,23.65,28.10,27.00
2026-08-17,,,,,PL/366/EXP/ES/2015,,24.79,,27.69
2026-08-17,,,,,PL/3659/EXP/ES/2015,,23.98,29.19,27.58
2026-08-17,,,,,PL/3658/EXP/ES/2015,,23.99,28.25,27.00
2026-08-17,,,,,PL/3657/EXP/ES/2015,,23.91,28.62,26.99
2026-08-17,,,,,PL/3656/EXP/ES/2015,,23.99,,27.00
2026-08-17,,,,,PL/3655/EXP/ES/2015,,24.99,29.99,27.99
2026-08-17,,,,,PL/3654/EXP/ES/2015,,23.59,28.59,26.99
2026-08-17,,,,,PL/3653/EXP/ES/2015,,24.99,29.99,
2026-08-17,,,,,PL/3652/EXP/ES/2015,,24.50,30.50,
2026-08-17,,,,,PL/3651/EXP/ES/2015,,23.99,28.44,27.00
2026-08-17,,,,,PL/3650/EXP/ES/2015,,23.99,28.79,27.00
2026-08-17,,,,,PL/365/EXP/ES/2015,,24.79,29.99,27.69
2026-08-17,,,,,PL/3649/EXP/ES/2015,,23.99,28.39,27.00
2026-08-17,,,,,PL/3648/EXP/ES/2015,,23.99,27.79,27.00
2026-08-17,,,,,PL/3647/EXP/ES/2015,,23.69,28.39,26.99
2026-08-17,,,,,PL/3646/EXP/ES/2015,,24.29,28.29,26.99
2026-08-17,,,,,PL/3645/EXP/ES/2015,,23.99,28.29,
2026-08-17,,,,,PL/3644/EXP/ES/2015,,22.98,28.50,
2026-08-17,,,,,PL/3643/EXP/ES/2015,,24.80,,27.80
2026-08-17,,,,,PL/3642/EXP/ES/2015,,23.99,29.19,26.99
2026-08-17,,,,,PL/3641/EXP/ES/2015,,23.99,29.19,26.99
2026-08-17,,,,,PL/3640/EXP/ES/2015,,23.99,27.80,27.00
2026-08-17,,,,,PL/364/EXP/ES/2015,,24.79,29.99,27.99
2026-08-17,,,,,PL/3639/EXP/ES/2015,,23.99,27.69,26.99
2026-08-17,,,,,PL/3638/EXP/ES/2015,,24.09,27.99,26.99
2026-08-17,,,,,PL/3637/EXP/ES/2015,,23.99,29.58,26.99
2026-08-17,,,,,PL/3636/EXP/ES/2015,,23.84,27.77,26.97
2026-08-17,,,,,PL/3635/EXP/ES/2015,,23.85,,27.00
2026-08-17,,,,,PL/3634/EXP/ES/2015,,23.79,27.99,
2026-08-17,,,,,PL/3633/EXP/ES/2015,,24.49,29.79,27.00
2026-08-17,,,,,PL/3632/EXP/ES/2015,,24.29,29.39,
2026-08-17,,,,,PL/3631/EXP/ES/2015,,23.99,29.58,
2026-08-17,,,,,PL/3630/EXP/ES/2015,,23.99,29.58,
2026-08-17,,,,,PL/363/EXP/ES/2015,,23.99,29.89,27.49
2026-08-17,,,,,PL/3629/EXP/ES/2015,,21.49,23.49,23.19
2026-08-17,,,,,PL/3628/EXP/ES/2015,,23.99,29.19,26.99
2026-08-17,,,,,PL/3627/EXP/ES/2015,,23.99,29.79,
2026-08-17,,,,,PL/3626/EXP/ES/2015,,23.57,28.19,
2026-08-17,,,,,PL/3625/EXP/ES/2015,,23.99,29.39,
2026-08-17,,,,,PL/3624/EXP/ES/2015,,23.99,28.95,27.00
2026-08-17,,,,,PL/3623/EXP/ES/2015,,23.99,28.84,27.50
2026-08-17,,,,,PL/3622/EXP/ES/2015,,23.59,27.79,
2026-08-17,,,,,PL/3621/EXP/ES/2015,,23.99,28.75,27.00
2026-08-17,,,,,PL/362/EXP/ES/2015,,24.00,29.50,27.00
2026-08-17,,,,,PL/3619/EXP/ES/2015,,23.99,29.99,27.00
2026-08-17,,,,,PL/3618/EXP/ES/2015,,23.99,29.99,27.00
2026-08-17,,,,,PL/3617/EXP/ES/2015,,23.99,29.99,
2026-08-17,,,,,PL/3616/EXP/ES/2015,,23.99,29.99,27.00
2026-08-17,,,,,PL/3615/EXP/ES/2015,,23.99,29.99,27.00
2026-08-17,,,,,PL/3614/EXP/ES/2015,,23.99,29.99,27.00
2026-08-17,,,,,PL/3613/EXP/ES/2015,,23.99,28.85,27.00
2026-08-17,,,,,PL/3612/EXP/ES/2015,,24.00,28.99,27.50
2026-08-17,,,,,PL/3611/EXP/ES/2015,,23.99,28.00,26.99
2026-08-17,,,,,PL/3610/EXP/ES/2015,,24.00,27.99,26.98
2026-08-17,,,,,PL/361/EXP/ES/2015,,23.99,29.29,26.99
2026-08-17,,,,,PL/3609/EXP/ES/2015,,23.58,27.78,26.98
2026-08-17,,,,,PL/3608/EXP/ES/2015,,22.99,27.99,
2026-08-17,,,,,PL/3607/EXP/ES/2015,,22.99,29.19,
2026-08-17,,,,,PL/3606/EXP/ES/2015,,22.99,29.19,
2026-08-17,,,,,PL/3605/EXP/ES/2015,,25.38,28.98,28.23
2026-08-17,,,,,PL/3604/EXP/ES/2015,,25.39,28.98,28.29
2026-08-17,,,,,PL/3603/EXP/ES/2015,,25.39,28.98,28.29
2026-08-17,,,,,PL/3602/EXP/ES/2015,,23.99,28.69,
2026-08-17,,,,,PL/3601/EXP/ES/2015,,23.93,29.69,26.99
2026-08-17,,,,,PL/3600/EXP/ES/2015,,25.39,28.99,28.29
2026-08-17,,,,,PL/360/EXP/ES/2015,,24.00,29.50,
2026-08-17,,,,,PL/3599/EXP/ES/2015,,25.39,28.99,28.29
2026-08-17,,,,,PL/3598/EXP/ES/2015,,23.99,28.69,27.00
2026-08-17,,,,,PL/3597/EXP/ES/2015,,21.94,27.29,
2026-08-17,,,,,PL/3596/EXP/ES/2015,,23.99,28.89,26.99
2026-08-17,,,,,PL/3595/EXP/ES/2015,,23.99,28.79,27.00
2026-08-17,,,,,PL/3594/EXP/ES/2015,,23.99,29.28,27.00
2026-08-17,,,,,PL/3593/EXP/ES/2015,,24.69,29.99,27.00
2026-08-17,,,,,PL/3592/EXP/ES/2015,,24.00,,27.00
2026-08-17,,,,,PL/3591/EXP/ES/2015,,23.99,28.89,26.99
2026-08-17,,,,,PL/3590/EXP/ES/2015,,23.29,,23.58
2026-08-17,,,,,PL/359/EXP/ES/2015,,23.99,28.50,27.00
2026-08-17,,,,,PL/3589/EXP/ES/2015,,22.38,27.48,25.39
2026-08-17,,,,,PL/3588/EXP/ES/2015,,23.99,,27.00
2026-08-17,,,,,PL/3587/EXP/ES/2015,,24.49,29.99,27.00
2026-08-17,,,,,PL/3586/EXP/ES/2015,,23.99,28.49,27.00
2026-08-17,,,,,PL/3585/EXP/ES/2015,,23.99,29.97,27.00
2026-08-17,,,,,PL/3584/EXP/ES/2015,,22.28,27.58,
2026-08-17,,,,,PL/3583/EXP/ES/2015,,23.99,29.99,
2026-08-17,,,,,PL/3582/EXP/ES/2015,,22.88,26.44,26.74
2026-08-17,,,,,PL/3581/EXP/ES/2015,,23.99,29.97,
2026-08-17,,,,,PL/3580/EXP/ES/2015,,23.99,28.79,27.00
2026-08-17,,,,,PL/3579/EXP/ES/2015,,23.99,29.39,27.00
2026-08-17,,,,,PL/3578/EXP/ES/2015,,23.95,27.86,27.00
2026-08-17,,,,,PL/3577/EXP/ES/2015,,23.99,29.99,27.00
2026-08-17,,,,,PL/3576/EXP/ES/2015,,23.99,28.50,
2026-08-17,,,,,PL/3575/EXP/ES/2015,,23.99,29.49,
2026-08-17,,,,,PL/3574/EXP/ES/2015,,23.99,29.99,27.00
2026-08-17,,,,,PL/3573/EXP/ES/2015,,23.37,26.94,26.92
2026-08-17,,,,,PL/3572/EXP/ES/2015,,23.99,27.90,27.00
2026-08-17,,,,,PL/3571/EXP/ES/2015,,23.99,29.39,27.00
2026-08-17,,,,,PL/3570/EXP/ES/2015,,23.99,28.99,26.99
2026-08-17,,,,,PL/3569/EXP/ES/2015,,24.29,29.39,
2026-08-17,,,,,PL/3568/EXP/ES/2015,,20.99,24.99,25.39
2026-08-17,,,,,PL/3567/EXP/ES/2015,,23.99,27.99,27.00
2026-08-17,,,,,PL/3566/EXP/ES/2015,,23.99,29.29,26.99
2026-08-17,,,,,PL/3565/EXP/ES/2015,,24.29,29.39,
2026-08-17,,,,,PL/3564/EXP/ES/2015,,22.99,26.99,26.99
2026-08-17,,,,,PL/3563/EXP/ES/2015,,24.00,28.78,27.24
2026-08-17,,,,,PL/3562/EXP/ES/2015,,23.59,26.99,26.99
2026-08-17,,,,,PL/3561/EXP/ES/2015,,23.99,28.95,27.00
2026-08-17,,,,,PL/3560/EXP/ES/2015,,23.59,26.99,26.49
2026-08-17,,,,,PL/3559/EXP/ES/2015,,23.19,26.69,26.29
2026-08-17,,,,,PL/3558/EXP/ES/2015,,24.99,29.49,26.99
2026-08-17,,,,,PL/3557/EXP/ES/2015,,23.79,27.19,26.49
2026-08-17,,,,,PL/3556/EXP/ES/2015,,23.89,28.26,26.98
2026-08-17,,,,,PL/3555/EXP/ES/2015,,23.99,29.37,26.99
2026-08-17,,,,,PL/3554/EXP/ES/2015,,23.99,27.99,26.99
2026-08-17,,,,,PL/3553/EXP/ES/2015,,23.99,27.79,26.79
2026-08-17,,,,,PL/3552/EXP/ES/2015,,22.10,26.10,25.90
2026-08-17,,,,,PL/3551/EXP/ES/2015,,23.88,,27.00
2026-08-17,,,,,PL/3550/EXP/ES/2015,,23.89,26.99,26.99
2026-08-17,,,,,PL/3549/EXP/ES/2015,,23.99,29.39,26.99
2026-08-17,,,,,PL/3548/EXP/ES/2015,,23.79,27.19,26.99
2026-08-17,,,,,PL/3547/EXP/ES/2015,,23.99,28.95,27.00
2026-08-17,,,,,PL/3546/EXP/ES/2015,,23.99,29.09,27.00
2026-08-17,,,,,PL/3545/EXP/ES/2015,,23.99,28.15,27.00
2026-08-17,,,,,PL/3544/EXP/ES/2015,,23.99,,26.99
2026-08-17,,,,,PL/3543/EXP/ES/2015,,24.00,28.78,27.24
2026-08-17,,,,,PL/3542/EXP/ES/2015,,23.71,27.59,
2026-08-17,,,,,PL/3541/EXP/ES/2015,,23.89,28.28,26.98
2026-08-17,,,,,PL/3540/EXP/ES/2015,,23.99,29.25,27.00
2026-08-17,,,,,PL/3539/EXP/ES/2015,,23.99,27.69,
2026-08-17,,,,,PL/3538/EXP/ES/2015,,24.00,29.30,27.00
2026-08-17,,,,,PL/3537/EXP/ES/2015,,23.99,29.09,27.00
2026-08-17,,,,,PL/3536/EXP/ES/2015,,23.99,28.70,27.00
2026-08-17,,,,,PL/3535/EXP/ES/2015,,23.44,27.34,26.94
2026-08-17,,,,,PL/3534/EXP/ES/2015,,23.99,28.70,27.00
2026-08-17,,,,,PL/3533/EXP/ES/2015,,23.71,27.69,27.00
2026-08-17,,,,,PL/3532/EXP/ES/2015,,23.99,29.09,27.00
2026-08-17,,,,,PL/3531/EXP/ES/2015,,23.99,28.59,27.00
2026-08-17,,,,,PL/3530/EXP/ES/2015,,23.89,27.69,
2026-08-17,,,,,PL/3529/EXP/ES/2015,,24.00,28.88,27.24
2026-08-17,,,,,PL/3528/EXP/ES/2015,,23.99,28.70,27.00
2026-08-17,,,,,PL/3527/EXP/ES/2015,,23.99,28.94,27.00
2026-08-17,,,,,PL/3526/EXP/ES/2015,,24.44,28.58,27.00
2026-08-17,,,,,PL/3525/EXP/ES/2015,,23.99,27.99,27.00
2026-08-17,,,,,PL/3524/EXP/ES/2015,,23.99,28.58,27.00
2026-08-17,,,,,PL/3523/EXP/ES/2015,,23.80,28.85,27.00
2026-08-17,,,,,PL/3522/EXP/ES/2015,,23.99,28.59,27.00
2026-08-17,,,,,PL/3521/EXP/ES/2015,,23.99,29.99,27.69
2026-08-17,,,,,PL/3520/EXP/ES/2015,,23.99,28.89,26.99
2026-08-17,,,,,PL/3519/EXP/ES/2015,,23.99,27.99,26.99
2026-08-17,,,,,PL/3518/EXP/ES/2015,,23.99,28.59,27.00
2026-08-17,,,,,PL/3517/EXP/ES/2015,,23.99,29.99,26.99
2026-08-17,,,,,PL/3516/EXP/ES/2015,,23.59,27.89,26.95
2026-08-17,,,,,PL/3515/EXP/ES/2015,,23.69,27.39,26.99
2026-08-17,,,,,PL/3514/EXP/ES/2015,,23.85,28.15,27.00
2026-08-17,,,,,PL/3513/EXP/ES/2015,,23.79,27.69,27.00
2026-08-17,,,,,PL/3512/EXP/ES/2015,,23.89,27.79,26.99
2026-08-17,,,,,PL/3511/EXP/ES/2015,,23.39,26.99,26.99
2026-08-17,,,,,PL/3510/EXP/ES/2015,,23.99,28.59,27.00
2026-08-17,,,,,PL/3509/EXP/ES/2015,,23.99,27.99,26.99
2026-08-17,,,,,PL/3508/EXP/ES/2015,,23.99,28.50,27.00
2026-08-17,,,,,PL/3507/EXP/ES/2015,,23.99,28.70,27.00
2026-08-17,,,,,PL/3506/EXP/ES/2015,,23.49,26.79,26.99
2026-08-17,,,,,PL/3505/EXP/ES/2015,,23.29,27.99,26.99
2026-08-17,,,,,PL/3504/EXP/ES/2015,,24.00,28.98,27.24
2026-08-17,,,,,PL/3503/EXP/ES/2015,,23.99,28.49,27.35
2026-08-17,,,,,PL/3502/EXP/ES/2015,,23.99,28.99,26.99
2026-08-17,,,,,PL/3501/EXP/ES/2015,,23.93,27.93,26.93
2026-08-17,,,,,PL/3500/EXP/ES/2015,,23.71,27.59,27.00
2026-08-17,,,,,PL/3499/EXP/ES/2015,,22.99,27.49,26.49
2026-08-17,,,,,PL/3498/EXP/ES/2015,,23.93,28.93,26.93
2026-08-17,,,,,PL/3497/EXP/ES/2015,,23.90,28.99,27.00
2026-08-17,,,,,PL/3496/EXP/ES/2015,,23.89,27.39,26.99
2026-08-17,,,,,PL/3495/EXP/ES/2015,,22.99,26.99,26.99
2026-08-17,,,,,PL/3494/EXP/ES/2015,,23.24,27.44,26.89
2026-08-17,,,,,PL/3493/EXP/ES/2015,,23.99,27.99,27.00
2026-08-17,,,,,PL/3492/EXP/ES/2015,,23.93,28.93,26.93
2026-08-17,,,,,PL/3491/EXP/ES/2015,,22.89,26.89,26.99
2026-08-17,,,,,PL/3490/EXP/ES/2015,,23.99,28.13,26.99
2026-08-17,,,,,PL/3489/EXP/ES/2015,,23.88,28.40,27.00
2026-08-17,,,,,PL/3488/EXP/ES/2015,,23.30,27.55,26.76
2026-08-17,,,,,PL/3487/EXP/ES/2015,,23.99,27.80,27.00
2026-08-17,,,,,PL/3486/EXP/ES/2015,,23.99,29.50,27.50
2026-08-17,,,,,PL/3485/EXP/ES/2015,,23.99,29.79,26.99
2026-08-17,,,,,PL/3484/EXP/ES/2015,,22.99,28.10,27.00
2026-08-17,,,,,PL/3483/EXP/ES/2015,,23.00,27.98,26.98
2026-08-17,,,,,PL/3482/EXP/ES/2015,,23.99,29.99,
2026-08-17,,,,,PL/3481/EXP/ES/2015,,23.30,28.18,27.00
2026-08-17,,,,,PL/3480/EXP/ES/2015,,23.85,27.85,27.00
2026-08-17,,,,,PL/3479/EXP/ES/2015,,23.30,28.40,27.00
2026-08-17,,,,,PL/3478/EXP/ES/2015,,23.95,28.95,
2026-08-17,,,,,PL/3477/EXP/ES/2015,,23.69,27.99,27.00
2026-08-17,,,,,PL/3476/EXP/ES/2015,,23.98,29.97,
2026-08-17,,,,,PL/3475/EXP/ES/2015,,23.99,29.49,26.99
2026-08-17,,,,,PL/3474/EXP/ES/2015,,24.49,,27.99
2026-08-17,,,,,PL/3473/EXP/ES/2015,,23.19,27.49,26.99
2026-08-17,,,,,PL/3472/EXP/ES/2015,,23.99,29.99,
2026-08-17,,,,,PL/3471/EXP/ES/2015,,23.10,26.85,26.69
2026-08-17,,,,,PL/3470/EXP/ES/2015,,24.00,28.79,27.00
2026-08-17,,,,,PL/3469/EXP/ES/2015,,23.99,27.85,27.00
2026-08-17,,,,,PL/3468/EXP/ES/2015,,24.39,27.99,27.00
2026-08-17,,,,,PL/3467/EXP/ES/2015,,24.00,28.80,
2026-08-17,,,,,PL/3466/EXP/ES/2015,,24.39,27.99,27.00
2026-08-17,,,,,PL/3465/EXP/ES/2015,,24.00,28.85,26.99
2026-08-17,,,,,PL/3464/EXP/ES/2015,,23.99,28.99,27.00
2026-08-17,,,,,PL/3463/EXP/ES/2015,,24.39,27.99,27.00
2026-08-17,,,,,PL/3462/EXP/ES/2015,,23.09,27.49,26.99
2026-08-17,,,,,PL/3461/EXP/ES/2015,,23.99,27.99,
2026-08-17,,,,,PL/3460/EXP/ES/2015,,23.99,27.99,26.99
2026-08-17,,,,,PL/3459/EXP/ES/2015,,23.99,,28.15
2026-08-17,,,,,PL/3458/EXP/ES/2015,,24.39,27.99,
2026-08-17,,,,,PL/3457/EXP/ES/2015,,23.89,28.50,27.00
2026-08-17,,,,,PL/3456/EXP/ES/2015,,23.99,28.19,27.00
2026-08-17,,,,,PL/3455/EXP/ES/2015,,24.99,29.99,
2026-08-17,,,,,PL/3454/EXP/ES/2015,,24.00,,27.50
2026-08-17,,,,,PL/3453/EXP/ES/2015,,23.89,27.49,26.59
2026-08-17,,,,,PL/3452/EXP/ES/2015,,23.99,,26.99
2026-08-17,,,,,PL/3451/EXP/ES/2015,,24.00,29.09,26.99
2026-08-17,,,,,PL/3450/EXP/ES/2015,,23.99,28.99,26.99
2026-08-17,,,,,PL/3449/EXP/ES/2015,,23.99,27.99,27.00
2026-08-17,,,,,PL/3448/EXP/ES/2015,,23.99,27.99,26.99
2026-08-17,,,,,PL/3447/EXP/ES/2015,,23.99,30.25,
2026-08-17,,,,,PL/3446/EXP/ES/2015,,23.99,27.99,26.99
2026-08-17,,,,,PL/3445/EXP/ES/2015,,23.99,29.99,
2026-08-17,,,,,PL/3444/EXP/ES/2015,,23.49,27.99,26.99
2026-08-17,,,,,PL/3443/EXP/ES/2015,,23.28,27.58,26.88
2026-08-17,,,,,PL/3442/EXP/ES/2015,,23.99,27.99,27.00
2026-08-17,,,,,PL/3441/EXP/ES/2015,,23.94,28.49,27.49
2026-08-17,,,,,PL/3440/EXP/ES/2015,,24.00,29.97,27.00
2026-08-17,,,,,PL/3439/EXP/ES/2015,,23.99,29.99,27.00
2026-08-17,,,,,PL/3438/EXP/ES/2015,,23.99,29.99,
2026-08-17,,,,,PL/3437/EXP/ES/2015,,23.99,28.30,26.99
2026-08-17,,,,,PL/3436/EXP/ES/2015,,23.70,28.00,27.50
2026-08-17,,,,,PL/3435/EXP/ES/2015,,24.00,29.23,27.00
2026-08-17,,,,,PL/3434/EXP/ES/2015,,23.99,27.89,27.00
2026-08-17,,,,,PL/3433/EXP/ES/2015,,23.90,,27.00
2026-08-17,,,,,PL/3431/EXP/ES/2015,,23.99,29.99,27.00
2026-08-17,,,,,PL/3430/EXP/ES/2015,,22.93,27.93,26.93
2026-08-17,,,,,PL/3429/EXP/ES/2015,,23.59,27.99,26.95
2026-08-17,,,,,PL/3428/EXP/ES/2015,,23.23,27.93,
2026-08-17,,,,,PL/3427/EXP/ES/2015,,23.49,27.19,26.99
2026-08-17,,,,,PL/3426/EXP/ES/2015,,22.93,28.93,26.93
2026-08-17,,,,,PL/3425/EXP/ES/2015,,23.99,29.99,27.00
2026-08-17,,,,,PL/3424/EXP/ES/2015,,23.43,28.39,26.99
2026-08-17,,,,,PL/3423/EXP/ES/2015,,23.99,29.99,26.99
2026-08-17,,,,,PL/3422/EXP/ES/2015,,23.49,24.79,
2026-08-17,,,,,PL/3421/EXP/ES/2015,,23.83,27.93,
2026-08-17,,,,,PL/3420/EXP/ES/2015,,23.99,29.39,27.00
2026-08-17,,,,,PL/3419/EXP/ES/2015,,22.99,26.99,26.89
2026-08-17,,,,,PL/3418/EXP/ES/2015,,23.99,28.99,26.99
2026-08-17,,,,,PL/3417/EXP/ES/2015,,23.99,28.90,
2026-08-17,,,,,PL/3416/EXP/ES/2015,,23.99,29.99,27.00
2026-08-17,,,,,PL/3415/EXP/ES/2015,,24.49,29.99,27.00
2026-08-17,,,,,PL/3414/EXP/ES/2015,,23.95,28.55,27.00
2026-08-17,,,,,PL/3413/EXP/ES/2015,,23.99,28.49,26.99
2026-08-17,,,,,PL/3412/EXP/ES/2015,,23.84,27.99,26.97
2026-08-17,,,,,PL/3411/EXP/ES/2015,,23.99,27.99,27.00
2026-08-17,,,,,PL/3410/EXP/ES/2015,,23.39,27.99,26.99
2026-08-17,,,,,PL/3409/EXP/ES/2015,,24.00,29.49,27.24
2026-08-17,,,,,PL/3408/EXP/ES/2015,,23.99,,26.99
2026-08-17,,,,,PL/3407/EXP/ES/2015,,23.99,28.49,26.99
2026-08-17,,,,,PL/3406/EXP/ES/2015,,23.99,29.58,
2026-08-17,,,,,PL/3405/EXP/ES/2015,,23.93,28.93,
2026-08-17,,,,,PL/3404/EXP/ES/2015,,23.99,29.58,
2026-08-17,,,,,PL/3403/EXP/ES/2015,,23.99,28.59,27.00
2026-08-17,,,,,PL/3402/EXP/ES/2015,,23.90,27.30,26.99
2026-08-17,,,,,PL/3401/EXP/ES/2015,,23.99,29.58,
2026-08-17,,,,,PL/3400/EXP/ES/2015,,23.97,26.96,27.00
2026-08-17,,,,,PL/3399/EXP/ES/2015,,23.99,29.58,
2026-08-17,,,,,PL/3398/EXP/ES/2015,,24.00,29.29,27.24
2026-08-17,,,,,PL/3397/EXP/ES/2015,,23.90,27.50,26.95
2026-08-17,,,,,PL/3396/EXP/ES/2015,,23.99,29.58,
2026-08-17,,,,,PL/3395/EXP/ES/2015,,24.00,29.49,27.24
2026-08-17,,,,,PL/3394/EXP/ES/2015,,25.39,28.97,28.29
2026-08-17,,,,,PL/3393/EXP/ES/2015,,22.93,27.93,26.93
2026-08-17,,,,,PL/3392/EXP/ES/2015,,23.99,,26.99
2026-08-17,,,,,PL/3391/EXP/ES/2015,,23.90,28.00,27.00
2026-08-17,,,,,PL/3390/EXP/ES/2015,,24.80,,28.40
2026-08-17,,,,,PL/3389/EXP/ES/2015,,23.89,27.79,26.59
2026-08-17,,,,,PL/3388/EXP/ES/2015,,23.93,28.58,26.99
2026-08-17,,,,,PL/3387/EXP/ES/2015,,23.59,28.58,26.99
2026-08-17,,,,,PL/3386/EXP/ES/2015,,22.39,26.99,
2026-08-17,,,,,PL/3385/EXP/ES/2015,,23.99,29.58,26.99
2026-08-17,,,,,PL/3384/EXP/ES/2015,,23.78,28.39,
2026-08-17,,,,,PL/3383/EXP/ES/2015,,22.99,27.29,26.59
2026-08-17,,,,,PL/3382/EXP/ES/2015,,23.23,28.93,26.93
2026-08-17,,,,,PL/3381/EXP/ES/2015,,23.57,28.37,26.99
2026-08-17,,,,,PL/3380/EXP/ES/2015,,23.69,28.39,26.89
2026-08-17,,,,,PL/3379/EXP/ES/2015,,23.93,28.58,26.99
2026-08-17,,,,,PL/3378/EXP/ES/2015,,23.90,,27.00
2026-08-17,,,,,PL/3377/EXP/ES/2015,,23.99,,27.00
2026-08-17,,,,,PL/3376/EXP/ES/2015,,22.99,27.49,27.00
2026-08-17,,,,,PL/3375/EXP/ES/2015,,23.99,27.79,26.99
2026-08-17,,,,,PL/3374/EXP/ES/2015,,23.90,,27.00
2026-08-17,,,,,PL/3373/EXP/ES/2015,,23.99,28.13,26.99
2026-08-17,,,,,PL/3372/EXP/ES/2015,,22.99,26.99,27.00
2026-08-17,,,,,PL/3371/EXP/ES/2015,,23.99,29.90,
2026-08-17,,,,,PL/3370/EXP/ES/2015,,23.90,,27.00
2026-08-17,,,,,PL/3369/EXP/ES/2015,,23.99,29.39,
2026-08-17,,,,,PL/3368/EXP/ES/2015,,23.99,29.99,
2026-08-17,,,,,PL/3367/EXP/ES/2015,,23.99,28.99,26.99
2026-08-17,,,,,PL/3366/EXP/ES/2015,,23.99,28.99,27.00
2026-08-17,,,,,PL/3365/EXP/ES/2015,,22.99,27.67,
2026-08-17,,,,,PL/3364/EXP/ES/2015,,23.79,28.29,27.00
2026-08-17,,,,,PL/3363/EXP/ES/2015,,22.99,26.99,27.00
2026-08-17,,,,,PL/3362/EXP/ES/2015,,23.59,27.49,
2026-08-17,,,,,PL/3361/EXP/ES/2015,,23.24,,25.89
2026-08-17,,,,,PL/3360/EXP/ES/2015,,23.99,27.99,
2026-08-17,,,,,PL/3359/EXP/ES/2015,,23.50,27.50,25.39
2026-08-17,,,,,PL/3358/EXP/ES/2015,,23.90,,26.95
2026-08-17,,,,,PL/3357/EXP/ES/2015,,23.69,27.99,27.00
2026-08-17,,,,,PL/3356/EXP/ES/2015,,23.99,29.49,27.99
2026-08-17,,,,,PL/3355/EXP/ES/2015,,23.99,28.95,27.00
2026-08-17,,,,,PL/3354/EXP/ES/2015,,23.04,26.94,
2026-08-17,,,,,PL/3353/EXP/ES/2015,,24.00,29.30,
2026-08-17,,,,,PL/3352/EXP/ES/2015,,23.99,29.49,
2026-08-17,,,,,PL/3351/EXP/ES/2015,,24.99,29.19,27.00
2026-08-17,,,,,PL/3350/EXP/ES/2015,,23.99,29.99,
2026-08-17,,,,,PL/3349/EXP/ES/2015,,23.28,28.15,26.99
2026-08-17,,,,,PL/3348/EXP/ES/2015,,24.99,29.19,27.00
2026-08-17,,,,,PL/3347/EXP/ES/2015,,23.99,29.19,26.99
2026-08-17,,,,,PL/3346/EXP/ES/2015,,24.00,29.23,27.00
2026-08-17,,,,,PL/3345/EXP/ES/2015,,23.90,28.20,
2026-08-17,,,,,PL/3344/EXP/ES/2015,,24.00,29.29,27.24
2026-08-17,,,,,PL/3343/EXP/ES/2015,,23.99,28.97,26.99
2026-08-17,,,,,PL/3342/EXP/ES/2015,,24.00,28.29,28.50
2026-08-17,,,,,PL/3341/EXP/ES/2015,,19.19,,25.39
2026-08-17,,,,,PL/3339/EXP/ES/2015,,19.19,,
2026-08-17,,,,,PL/3338/EXP/ES/2015,,24.00,28.99,26.99
2026-08-17,,,,,PL/3337/EXP/ES/2015,,23.99,28.49,26.99
2026-08-17,,,,,PL/3336/EXP/ES/2015,,23.99,29.29,26.99
2026-08-17,,,,,PL/3335/EXP/ES/2015,,24.39,27.99,27.00
2026-08-17,,,,,PL/3334/EXP/ES/2015,,19.19,,
2026-08-17,,,,,PL/3333/EXP/ES/2015,,23.99,29.99,27.00
2026-08-17,,,,,PL/3332/EXP/ES/2015,,23.99,29.29,26.99
2026-08-17,,,,,PL/3331/EXP/ES/2015,,23.99,29.19,
2026-08-17,,,,,PL/3330/EXP/ES/2015,,23.99,27.79,27.29
2026-08-17,,,,,PL/3329/EXP/ES/2015,,23.99,28.50,27.00
2026-08-17,,,,,PL/3328/EXP/ES/2015,,23.89,29.19,
2026-08-17,,,,,PL/3327/EXP/ES/2015,,23.99,28.99,27.00
2026-08-17,,,,,PL/3326/EXP/ES/2015,,19.19,,25.39
2026-08-17,,,,,PL/3325/EXP/ES/2015,,23.99,27.99,26.91
2026-08-17,,,,,PL/3324/EXP/ES/2015,,23.99,,27.00
2026-08-17,,,,,PL/3323/EXP/ES/2015,,22.65,27.00,27.55
2026-08-17,,,,,PL/3322/EXP/ES/2015,,19.19,,25.39
2026-08-17,,,,,PL/3321/EXP/ES/2015,,23.99,27.99,
2026-08-17,,,,,PL/3320/EXP/ES/2015,,24.00,28.99,26.99
2026-08-17,,,,,PL/3319/EXP/ES/2015,,23.80,28.00,26.80
2026-08-17,,,,,PL/3318/EXP/ES/2015,,23.99,29.29,26.99
2026-08-17,,,,,PL/3317/EXP/ES/2015,,23.99,27.99,26.99
2026-08-17,,,,,PL/3316/EXP/ES/2015,,24.00,29.23,27.00
2026-08-17,,,,,PL/3315/EXP/ES/2015,,23.19,27.49,26.99
2026-08-17,,,,,PL/3314/EXP/ES/2015,,23.49,28.99,26.99
2026-08-17,,,,,PL/3313/EXP/ES/2015,,23.80,28.65,26.99
2026-08-17,,,,,PL/3312/EXP/ES/2015,,23.99,29.13,27.20
2026-08-17,,,,,PL/3311/EXP/ES/2015,,23.99,28.99,
2026-08-17,,,,,PL/3310/EXP/ES/2015,,23.94,28.10,27.00
2026-08-17,,,,,PL/3309/EXP/ES/2015,,23.99,29.13,27.20
2026-08-17,,,,,PL/3308/EXP/ES/2015,,23.79,28.49,27.00
2026-08-17,,,,,PL/3307/EXP/ES/2015,,22.74,27.79,
2026-08-17,,,,,PL/3306/EXP/ES/2015,,23.89,28.24,27.00
2026-08-17,,,,,PL/3305/EXP/ES/2015,,23.99,29.13,
2026-08-17,,,,,PL/3304/EXP/ES/2015,,23.79,28.49,27.00
2026-08-17,,,,,PL/3303/EXP/ES/2015,,23.99,28.89,27.49
2026-08-17,,,,,PL/3302/EXP/ES/2015,,23.99,28.49,27.00
2026-08-17,,,,,PL/3301/EXP/ES/2015,,22.97,27.37,26.59
2026-08-17,,,,,PL/3300/EXP/ES/2015,,24.00,29.29,27.24
2026-08-17,,,,,PL/3298/EXP/ES/2015,,23.99,29.19,26.99
2026-08-17,,,,,PL/3297/EXP/ES/2015,,24.00,29.08,27.00
2026-08-17,,,,,PL/3296/EXP/ES/2015,,23.99,29.99,27.00
2026-08-17,,,,,PL/3295/EXP/ES/2015,,24.00,29.29,27.24
2026-08-17,,,,,PL/3294/EXP/ES/2015,,24.70,29.60,28.75
2026-08-17,,,,,PL/3293/EXP/ES/2015,,23.99,29.19,26.99
2026-08-17,,,,,PL/3292/EXP/ES/2015,,23.99,29.49,27.00
2026-08-17,,,,,PL/3291/EXP/ES/2015,,24.00,29.49,
2026-08-17,,,,,PL/3290/EXP/ES/2015,,23.99,29.00,27.00
2026-08-17,,,,,PL/3289/EXP/ES/2015,,23.89,28.70,
2026-08-17,,,,,PL/3288/EXP/ES/2015,,23.99,29.19,26.99
2026-08-17,,,,,PL/3287/EXP/ES/2015,,22.89,,25.79
2026-08-17,,,,,PL/3286/EXP/ES/2015,,23.99,28.50,27.00
2026-08-17,,,,,PL/3285/EXP/ES/2015,,23.99,28.70,27.00
2026-08-17,,,,,PL/3284/EXP/ES/2015,,23.99,28.99,
2026-08-17,,,,,PL/3283/EXP/ES/2015,,22.89,,25.79
2026-08-17,,,,,PL/3282/EXP/ES/2015,,23.58,28.19,26.99
2026-08-17,,,,,PL/3281/EXP/ES/2015,,23.99,29.19,26.99
2026-08-17,,,,,PL/3280/EXP/ES/2015,,23.99,27.99,
2026-08-17,,,,,PL/3279/EXP/ES/2015,,23.99,28.99,
2026-08-17,,,,,PL/3278/EXP/ES/2015,,23.99,27.99,26.99
2026-08-17,,,,,PL/3277/EXP/ES/2015,,23.79,27.99,
2026-08-17,,,,,PL/3276/EXP/ES/2015,,23.95,28.40,27.40
2026-08-17,,,,,PL/3275/EXP/ES/2015,,23.99,29.99,
2026-08-17,,,,,PL/3274/EXP/ES/2015,,23.85,28.20,27.00
2026-08-17,,,,,PL/3273/EXP/ES/2015,,24.29,29.29,26.99
2026-08-17,,,,,PL/3272/EXP/ES/2015,,23.96,27.99,
2026-08-17,,,,,PL/3271/EXP/ES/2015,,23.99,28.31,27.00
2026-08-17,,,,,PL/3270/EXP/ES/2015,,23.95,28.29,27.00
2026-08-17,,,,,PL/3269/EXP/ES/2015,,23.99,28.39,27.00
2026-08-17,,,,,PL/3268/EXP/ES/2015,,23.11,,26.86
2026-08-17,,,,,PL/3267/EXP/ES/2015,,23.99,28.24,
2026-08-17,,,,,PL/3266/EXP/ES/2015,,23.96,27.99,
2026-08-17,,,,,PL/3265/EXP/ES/2015,,23.99,28.79,
2026-08-17,,,,,PL/3264/EXP/ES/2015,,23.99,28.39,27.00
2026-08-17,,,,,PL/3263/EXP/ES/2015,,23.99,29.49,27.00
2026-08-17,,,,,PL/3262/EXP/ES/2015,,23.96,27.99,26.99
2026-08-17,,,,,PL/3261/EXP/ES/2015,,24.00,26.25,
2026-08-17,,,,,PL/3260/EXP/ES/2015,,23.90,27.79,26.99
2026-08-17,,,,,PL/3259/EXP/ES/2015,,23.99,28.89,27.69
2026-08-17,,,,,PL/3258/EXP/ES/2015,,24.49,29.49,27.99
2026-08-17,,,,,PL/3257/EXP/ES/2015,,23.99,29.49,
2026-08-17,,,,,PL/3256/EXP/ES/2015,,24.39,29.99,27.99
2026-08-17,,,,,PL/3255/EXP/ES/2015,,24.39,29.99,27.99
2026-08-17,,,,,PL/3254/EXP/ES/2015,,23.99,28.89,
2026-08-17,,,,,PL/3253/EXP/ES/2015,,24.49,29.49,
2026-08-17,,,,,PL/3252/EXP/ES/2015,,24.39,29.99,27.99
2026-08-17,,,,,PL/3251/EXP/ES/2015,,24.00,29.19,27.24
2026-08-17,,,,,PL/3250/EXP/ES/2015,,23.79,27.49,
2026-08-17,,,,,PL/3249/EXP/ES/2015,,23.99,29.99,
2026-08-17,,,,,PL/3248/EXP/ES/2015,,22.90,24.28,
2026-08-17,,,,,PL/3247/EXP/ES/2015,,23.11,26.88,26.70
2026-08-17,,,,,PL/3246/EXP/ES/2015,,24.50,29.70,27.50
2026-08-17,,,,,PL/3245/EXP/ES/2015,,23.39,27.89,26.99
2026-08-17,,,,,PL/3244/EXP/ES/2015,,23.80,28.20,27.00
2026-08-17,,,,,PL/3243/EXP/ES/2015,,23.30,28.41,
2026-08-17,,,,,PL/3242/EXP/ES/2015,,23.99,,27.79
2026-08-17,,,,,PL/3241/EXP/ES/2015,,23.99,28.80,27.00
2026-08-17,,,,,PL/3240/EXP/ES/2015,,24.09,28.99,27.89
2026-08-17,,,,,PL/3239/EXP/ES/2015,,23.99,28.35,27.00
2026-08-17,,,,,PL/3238/EXP/ES/2015,,23.99,29.19,
2026-08-17,,,,,PL/3237/EXP/ES/2015,,24.19,,27.89
2026-08-17,,,,,PL/3236/EXP/ES/2015,,23.29,28.40,
2026-08-17,,,,,PL/3235/EXP/ES/2015,,23.29,27.69,
2026-08-17,,,,,PL/3234/EXP/ES/2015,,23.99,28.99,27.79
2026-08-17,,,,,PL/3233/EXP/ES/2015,,22.99,26.99,27.00
2026-08-17,,,,,PL/3232/EXP/ES/2015,,23.95,28.40,26.99
2026-08-17,,,,,PL/3231/EXP/ES/2015,,22.97,27.05,26.50
2026-08-17,,,,,PL/3230/EXP/ES/2015,,22.99,26.85,26.65
2026-08-17,,,,,PL/3229/EXP/ES/2015,,23.99,29.49,
2026-08-17,,,,,PL/3228/EXP/ES/2015,,23.99,28.89,27.69
2026-08-17,,,,,PL/3227/EXP/ES/2015,,23.98,,27.00
2026-08-17,,,,,PL/3226/EXP/ES/2015,,24.49,29.99,
2026-08-17,,,,,PL/3225/EXP/ES/2015,,24.00,29.30,27.20
2026-08-17,,,,,PL/3224/EXP/ES/2015,,23.79,27.49,27.00
2026-08-17,,,,,PL/3223/EXP/ES/2015,,23.99,27.99,27.00
2026-08-17,,,,,PL/3222/EXP/ES/2015,,23.99,29.49,27.49
2026-08-17,,,,,PL/3221/EXP/ES/2015,,23.99,29.99,27.00
2026-08-17,,,,,PL/3220/EXP/ES/2015,,23.10,26.85,
2026-08-17,,,,,PL/3219/EXP/ES/2015,,23.99,27.99,27.00
2026-08-17,,,,,PL/3218/EXP/ES/2015,,23.99,29.42,27.50
2026-08-17,,,,,PL/3217/EXP/ES/2015,,24.79,28.99,29.55
2026-08-17,,,,,PL/3216/EXP/ES/2015,,23.85,28.05,26.99
2026-08-17,,,,,PL/3215/EXP/ES/2015,,24.00,28.90,26.99
2026-08-17,,,,,PL/3214/EXP/ES/2015,,23.99,28.99,27.00
2026-08-17,,,,,PL/3213/EXP/ES/2015,,23.99,29.99,27.00
2026-08-17,,,,,PL/3212/EXP/ES/2015,,23.99,28.65,27.00
2026-08-17,,,,,PL/3211/EXP/ES/2015,,23.99,29.69,
2026-08-17,,,,,PL/3210/EXP/ES/2015,,23.99,29.69,26.99
2026-08-17,,,,,PL/3209/EXP/ES/2015,,23.99,29.69,26.99
2026-08-17,,,,,PL/3208/EXP/ES/2015,,23.99,29.97,27.00
2026-08-17,,,,,PL/3207/EXP/ES/2015,,23.99,28.99,
2026-08-17,,,,,PL/3206/EXP/ES/2015,,23.99,,26.99
2026-08-17,,,,,PL/3205/EXP/ES/2015,,23.99,29.69,
2026-08-17,,,,,PL/3204/EXP/ES/2015,,22.99,27.99,
2026-08-17,,,,,PL/3203/EXP/ES/2015,,22.59,27.99,
2026-08-17,,,,,PL/3202/EXP/ES/2015,,22.99,27.99,
2026-08-17,,,,,PL/3201/EXP/ES/2015,,23.99,29.69,26.99
2026-08-17,,,,,PL/3200/EXP/ES/2015,,23.99,29.69,26.99
2026-08-17,,,,,PL/3199/EXP/ES/2015,,23.99,28.49,
2026-08-17,,,,,PL/3198/EXP/ES/2015,,23.99,29.99,26.99
2026-08-17,,,,,PL/3197/EXP/ES/2015,,22.19,28.35,25.37
2026-08-17,,,,,PL/3196/EXP/ES/2015,,23.27,27.39,26.85
2026-08-17,,,,,PL/3195/EXP/ES/2015,,23.99,24.19,26.99
2026-08-17,,,,,PL/3194/EXP/ES/2015,,23.99,29.99,26.99
2026-08-17,,,,,PL/3193/EXP/ES/2015,,22.99,27.59,
2026-08-17,,,,,PL/3192/EXP/ES/2015,,22.89,28.39,26.99
2026-08-17,,,,,PL/3191/EXP/ES/2015,,23.99,29.39,
2026-08-17,,,,,PL/3190/EXP/ES/2015,,23.99,28.74,27.00
2026-08-17,,,,,PL/3189/EXP/ES/2015,,24.00,28.75,27.00
2026-08-17,,,,,PL/3188/EXP/ES/2015,,23.99,28.59,27.00
2026-08-17,,,,,PL/3187/EXP/ES/2015,,23.99,29.69,
2026-08-17,,,,,PL/3186/EXP/ES/2015,,23.56,28.17,
2026-08-17,,,,,PL/3185/EXP/ES/2015,,24.00,28.99,
2026-08-17,,,,,PL/3184/EXP/ES/2015,,23.99,28.79,27.00
2026-08-17,,,,,PL/3183/EXP/ES/2015,,23.78,27.77,27.00
2026-08-17,,,,,PL/3182/EXP/ES/2015,,22.99,27.49,
2026-08-17,,,,,PL/3181/EXP/ES/2015,,23.56,27.46,
2026-08-17,,,,,PL/3180/EXP/ES/2015,,23.99,29.23,27.00
2026-08-17,,,,,PL/3179/EXP/ES/2015,,23.99,29.59,26.99
2026-08-17,,,,,PL/3178/EXP/ES/2015,,23.92,28.24,26.99
2026-08-17,,,,,PL/3177/EXP/ES/2015,,19.89,25.39,
2026-08-17,,,,,PL/3176/EXP/ES/2015,,23.99,29.59,26.99
2026-08-17,,,,,PL/3175/EXP/ES/2015,,23.99,29.59,26.99
2026-08-17,,,,,PL/3174/EXP/ES/2015,,23.80,28.80,27.45
2026-08-17,,,,,PL/3173/EXP/ES/2015,,23.99,29.49,
2026-08-17,,,,,PL/3172/EXP/ES/2015,,24.40,29.10,27.00
2026-08-17,,,,,PL/3171/EXP/ES/2015,,23.85,28.65,27.00
2026-08-17,,,,,PL/3170/EXP/ES/2015,,22.91,27.65,
2026-08-17,,,,,PL/3169/EXP/ES/2015,,25.34,28.94,28.23
2026-08-17,,,,,PL/3168/EXP/ES/2015,,24.49,30.43,27.49
2026-08-17,,,,,PL/3167/EXP/ES/2015,,23.78,28.43,27.30
2026-08-17,,,,,PL/3166/EXP/ES/2015,,23.86,29.86,27.41
2026-08-17,,,,,PL/3165/EXP/ES/2015,,23.87,29.88,27.43
2026-08-17,,,,,PL/3163/EXP/ES/2015,,23.96,27.89,27.00
2026-08-17,,,,,PL/3162/EXP/ES/2015,,22.39,26.99,26.39
2026-08-17,,,,,PL/3161/EXP/ES/2015,,23.99,28.39,27.00
2026-08-17,,,,,PL/3160/EXP/ES/2015,,23.99,28.39,
2026-08-17,,,,,PL/3159/EXP/ES/2015,,23.39,24.90,24.99
2026-08-17,,,,,PL/3158/EXP/ES/2015,,23.01,27.23,
2026-08-17,,,,,PL/3157/EXP/ES/2015,,21.99,25.99,
2026-08-17,,,,,PL/3156/EXP/ES/2015,,23.75,27.55,
2026-08-17,,,,,PL/3155/EXP/ES/2015,,23.75,27.54,
2026-08-17,,,,,PL/3154/EXP/ES/2015,,23.77,27.90,
2026-08-17,,,,,PL/3153/EXP/ES/2015,,23.70,28.39,27.00
2026-08-17,,,,,PL/3152/EXP/ES/2015,,22.39,26.99,26.39
2026-08-17,,,,,PL/3151/EXP/ES/2015,,23.77,27.56,
2026-08-17,,,,,PL/3150/EXP/ES/2015,,23.99,28.18,26.99
2026-08-17,,,,,PL/3149/EXP/ES/2015,,21.85,26.54,27.00
2026-08-17,,,,,PL/3148/EXP/ES/2015,,23.49,28.39,27.00
2026-08-17,,,,,PL/3147/EXP/ES/2015,,23.99,27.89,27.00
2026-08-17,,,,,PL/3146/EXP/ES/2015,,23.90,28.58,26.90
2026-08-17,,,,,PL/3145/EXP/ES/2015,,23.39,28.99,
2026-08-17,,,,,PL/3144/EXP/ES/2015,,23.99,22.49,26.90
2026-08-17,,,,,PL/3143/EXP/ES/2015,,23.99,28.99,27.00
2026-08-17,,,,,PL/3142/EXP/ES/2015,,23.90,,27.00
2026-08-17,,,,,PL/3141/EXP/ES/2015,,23.69,28.54,26.73
2026-08-17,,,,,PL/3140/EXP/ES/2015,,23.99,29.29,26.99
2026-08-17,,,,,PL/3139/EXP/ES/2015,,23.99,28.99,27.00
2026-08-17,,,,,PL/3138/EXP/ES/2015,,24.00,29.00,27.00
2026-08-17,,,,,PL/3137/EXP/ES/2015,,22.99,28.99,
2026-08-17,,,,,PL/3136/EXP/ES/2015,,23.74,28.99,27.00
2026-08-17,,,,,PL/3135/EXP/ES/2015,,23.39,27.39,26.99
2026-08-17,,,,,PL/3134/EXP/ES/2015,,23.88,28.40,27.00
2026-08-17,,,,,PL/3133/EXP/ES/2015,,23.79,28.49,
2026-08-17,,,,,PL/3131/EXP/ES/2015,,23.95,,27.00
2026-08-17,,,,,PL/3130/EXP/ES/2015,,22.88,27.65,
2026-08-17,,,,,PL/3129/EXP/ES/2015,,23.99,27.99,
2026-08-17,,,,,PL/3128/EXP/ES/2015,,23.39,27.49,26.79
2026-08-17,,,,,PL/3127/EXP/ES/2015,,23.79,27.59,26.79
2026-08-17,,,,,PL/3126/EXP/ES/2015,,23.99,29.49,
2026-08-17,,,,,PL/3125/EXP/ES/2015,,23.39,27.49,26.79
2026-08-17,,,,,PL/3124/EXP/ES/2015,,23.30,28.21,
2026-08-17,,,,NOVOGAS GUADALAJARA VALLARTA S.A. DE C.V.,PL/3123/EXP/ES/2015,Avenida Vallarta No. 5455-B,23.99,29.28,
2026-08-17,,,,,PL/3122/EXP/ES/2015,,23.99,29.23,27.00
2026-08-17,,,,,PL/3121/EXP/ES/2015,,23.99,29.99,27.00
2026-08-17,,,,,PL/3120/EXP/ES/2015,,22.59,28.99,26.99
2026-08-17,,,,,PL/3119/EXP/ES/2015,,23.98,28.98,26.99
2026-08-17,,,,,PL/3118/EXP/ES/2015,,23.59,28.29,
2026-08-17,,,,,PL/3117/EXP/ES/2015,,23.99,29.80,27.00
2026-08-17,,,,,PL/3116/EXP/ES/2015,,23.99,28.62,27.00
2026-08-17,,,,,PL/3115/EXP/ES/2015,,24.00,,27.00
2026-08-17,,,,,PL/3114/EXP/ES/2015,,23.99,28.99,
2026-08-17,,,,,PL/3113/EXP/ES/2015,,23.99,28.95,27.00
2026-08-17,,,,,PL/3112/EXP/ES/2015,,23.30,28.50,
2026-08-17,,,,,PL/3111/EXP/ES/2015,,23.99,28.43,
2026-08-17,,,,,PL/3110/EXP/ES/2015,,26.99,28.98,28.99
2026-08-17,,,,,PL/3109/EXP/ES/2015,,23.59,28.19,27.00
2026-08-17,,,,,PL/3108/EXP/ES/2015,,23.99,28.59,27.00
2026-08-17,,,,,PL/3107/EXP/ES/2015,,23.99,29.99,
2026-08-17,,,,,PL/3106/EXP/ES/2015,,,27.59,27.00
2026-08-17,,,,,PL/3105/EXP/ES/2015,,22.70,27.45,
2026-08-17,,,,,PL/3104/EXP/ES/2015,,23.92,28.30,26.99
2026-08-17,,,,,PL/3103/EXP/ES/2015,,23.90,27.70,27.40
2026-08-17,,,,,PL/3102/EXP/ES/2015,,23.99,,26.99
2026-08-17,,,,,PL/3101/EXP/ES/2015,,23.99,28.79,26.99
2026-08-17,,,,,PL/3100/EXP/ES/2015,,,27.99,
2026-08-17,,,,,PL/3099/EXP/ES/2015,,23.97,27.97,26.97
2026-08-17,,,,,PL/3098/EXP/ES/2015,,23.99,29.79,
2026-08-17,,,,,PL/3097/EXP/ES/2015,,20.85,26.59,25.39
2026-08-17,,,,,PL/3096/EXP/ES/2015,,22.92,27.77,26.84
2026-08-17,,,,,PL/3095/EXP/ES/2015,,25.40,,29.60
2026-08-17,,,,,PL/3094/EXP/ES/2015,,23.79,28.88,27.00
2026-08-17,,,,,PL/3093/EXP/ES/2015,,21.87,28.25,25.39
2026-08-17,,,,,PL/3092/EXP/ES/2015,,23.90,27.79,26.99
2026-08-17,,,,,PL/3091/EXP/ES/2015,,24.49,29.99,27.00
2026-08-17,,,,,PL/3090/EXP/ES/2015,,23.99,28.99,27.00
2026-08-17,,,,,PL/3089/EXP/ES/2015,,23.99,29.49,27.00
2026-08-17,,,,,PL/3088/EXP/ES/2015,,23.99,,27.00
2026-08-17,,,,,PL/3087/EXP/ES/2015,,23.79,28.59,27.00
2026-08-17,,,,,PL/3086/EXP/ES/2015,,23.99,28.74,26.99
2026-08-17,,,,,PL/3085/EXP/ES/2015,,24.00,28.90,27.00
2026-08-17,,,,,PL/3084/EXP/ES/2015,,23.21,27.55,26.99
2026-08-17,,,,,PL/3083/EXP/ES/2015,,23.89,28.45,26.23
2026-08-17,,,,,PL/3082/EXP/ES/2015,,24.20,29.50,27.95
2026-08-17,,,,,PL/3081/EXP/ES/2015,,23.99,29.10,
2026-08-17,,,,,PL/3080/EXP/ES/2015,,24.00,29.70,27.00
2026-08-17,,,,,PL/3079/EXP/ES/2015,,21.79,26.87,25.37
2026-08-17,,,,,PL/3078/EXP/ES/2015,,23.39,27.89,26.87
2026-08-17,,,,,PL/3077/EXP/ES/2015,,23.99,27.99,27.24
2026-08-17,,,,,PL/3076/EXP/ES/2015,,22.89,28.39,26.99
2026-08-17,,,,,PL/3075/EXP/ES/2015,,23.50,27.50,26.70
2026-08-17,,,,,PL/3074/EXP/ES/2015,,23.99,29.19,27.00
2026-08-17,,,,,PL/3073/EXP/ES/2015,,23.99,28.95,27.00
2026-08-17,,,,,PL/3072/EXP/ES/2015,,23.99,29.39,27.00
2026-08-17,,,,,PL/3071/EXP/ES/2015,,24.00,30.87,27.80
2026-08-17,,,,,PL/3070/EXP/ES/2015,,23.99,29.15,27.00
2026-08-17,,,,,PL/3069/EXP/ES/2015,,23.99,28.65,27.00
2026-08-17,,,,,PL/3068/EXP/ES/2015,,23.99,28.95,28.00
2026-08-17,,,,,PL/3067/EXP/ES/2015,,23.49,28.29,26.99
2026-08-17,,,,,PL/3066/EXP/ES/2015,,23.55,27.85,27.00
2026-08-17,,,,,PL/3065/EXP/ES/2015,,23.79,28.49,
2026-08-17,,,,,PL/3064/EXP/ES/2015,,23.99,28.58,27.00
2026-08-17,,,,,PL/3063/EXP/ES/2015,,21.87,28.35,25.39
2026-08-17,,,,,PL/3062/EXP/ES/2015,,23.91,28.03,26.99
2026-08-17,,,,,PL/3061/EXP/ES/2015,,24.40,29.10,27.00
2026-08-17,,,,,PL/3060/EXP/ES/2015,,23.79,28.49,
2026-08-17,,,,,PL/3059/EXP/ES/2015,,23.95,28.80,
2026-08-17,,,,,PL/3058/EXP/ES/2015,,23.99,28.99,
2026-08-17,,,,,PL/3057/EXP/ES/2015,,23.99,27.99,27.00
2026-08-17,,,,,PL/3056/EXP/ES/2015,,23.99,29.29,27.00
2026-08-17,,,,,PL/3055/EXP/ES/2015,,23.89,28.49,
2026-08-17,,,,,PL/3054/EXP/ES/2015,,24.39,27.99,
2026-08-17,,,,,PL/3053/EXP/ES/2015,,23.99,28.95,
2026-08-17,,,,ENERGÉTICOS PLUS S.A. DE C.V.,PL/3052/EXP/ES/2015,Avenida Adolf B. Horn J.R. No. 3490,23.99,29.99,27.00
2026-08-17,,,,,PL/3051/EXP/ES/2015,,23.99,29.94,27.00
2026-08-17,,,,,PL/3050/EXP/ES/2015,,23.85,28.80,
2026-08-17,,,,,PL/3049/EXP/ES/2015,,24.39,27.99,
2026-08-17,,,,,PL/3048/EXP/ES/2015,,22.97,27.47,26.97
2026-08-17,,,,,PL/3047/EXP/ES/2015,,23.79,28.59,27.00
2026-08-17,,,,,PL/3046/EXP/ES/2015,,23.99,28.17,27.00
2026-08-17,,,,,PL/3045/EXP/ES/2015,,22.75,26.30,26.77
2026-08-17,,,,,PL/3044/EXP/ES/2015,,23.79,27.89,26.99
2026-08-17,,,,,PL/3043/EXP/ES/2015,,23.29,28.59,26.99
2026-08-17,,,,,PL/3042/EXP/ES/2015,,24.39,27.99,27.00
2026-08-17,,,,,PL/3041/EXP/ES/2015,,23.79,28.49,26.99
2026-08-17,,,,,PL/3040/EXP/ES/2015,,24.39,27.99,
2026-08-17,,,,,PL/3039/EXP/ES/2015,,23.99,28.59,27.00
2026-08-17,,,,,PL/3038/EXP/ES/2015,,24.39,27.99,27.00
2026-08-17,,,,,PL/3037/EXP/ES/2015,,23.99,29.25,27.00
2026-08-17,,,,,PL/3036/EXP/ES/2015,,24.39,27.99,
2026-08-17,,,,,PL/3035/EXP/ES/2015,,24.00,29.45,27.00
2026-08-17,,,,,PL/3034/EXP/ES/2015,,24.39,27.99,
2026-08-17,,,,,PL/3033/EXP/ES/2015,,23.99,28.68,26.95
2026-08-17,,,,,PL/3032/EXP/ES/2015,,23.15,27.77,27.20
2026-08-17,,,,,PL/3031/EXP/ES/2015,,23.97,29.76,26.99
2026-08-17,,,,,PL/3030/EXP/ES/2015,,22.28,27.47,
2026-08-17,,,,,PL/3029/EXP/ES/2015,,23.99,29.99,27.00
2026-08-17,,,,,PL/3028/EXP/ES/2015,,24.39,27.99,
2026-08-17,,,,,PL/3027/EXP/ES/2015,,23.99,28.95,
2026-08-17,,,,,PL/3026/EXP/ES/2015,,24.00,28.88,27.00
2026-08-17,,,,,PL/3025/EXP/ES/2015,,23.99,28.49,26.99
2026-08-17,,,,,PL/3023/EXP/ES/2015,,23.99,27.79,26.99
2026-08-17,,,,,PL/3022/EXP/ES/2015,,23.99,27.99,
2026-08-17,,,,,PL/3021/EXP/ES/2015,,23.99,29.39,27.49
2026-08-17,,,,,PL/3020/EXP/ES/2015,,23.99,29.99,
2026-08-17,,,,,PL/3019/EXP/ES/2015,,24.50,30.50,27.00
2026-08-17,,,,,PL/3018/EXP/ES/2015,,23.99,29.49,
2026-08-17,,,,,PL/3017/EXP/ES/2015,,23.89,,28.89
2026-08-17,,,,,PL/3016/EXP/ES/2015,,22.93,27.93,
2026-08-17,,,,,PL/3015/EXP/ES/2015,,20.65,25.89,25.37
2026-08-17,,,,,PL/3014/EXP/ES/2015,,23.99,29.69,27.00
2026-08-17,,,,,PL/3013/EXP/ES/2015,,23.99,29.99,27.00
2026-08-17,,,,,PL/3012/EXP/ES/2015,,23.99,27.89,27.00
2026-08-17,,,,,PL/3011/EXP/ES/2015,,23.99,29.24,27.00
2026-08-17,,,,,PL/3010/EXP/ES/2015,,23.99,28.24,27.00
2026-08-17,,,,,PL/3009/EXP/ES/2015,,24.39,29.45,27.00
2026-08-17,,,,,PL/3008/EXP/ES/2015,,23.99,29.24,27.00
2026-08-17,,,,,PL/3006/EXP/ES/2015,,23.99,28.99,
2026-08-17,,,,,PL/3005/EXP/ES/2015,,23.99,29.59,27.00
2026-08-17,,,,ENERGÉTICOS PLUS S.A. DE C.V.,PL/3004/EXP/ES/2015,Avenida Patria No. 1201,23.99,29.99,
2026-08-17,,,,,PL/3003/EXP/ES/2015,,23.99,28.99,27.24
2026-08-17,,,,,PL/3002/EXP/ES/2015,,24.49,29.69,26.99
2026-08-17,,,,,PL/3001/EXP/ES/2015,,24.39,27.99,27.00
2026-08-17,,,,,PL/3000/EXP/ES/2015,,22.29,26.99,
2026-08-17,,,,,PL/2999/EXP/ES/2015,,23.99,29.09,
2026-08-17,,,,,PL/2998/EXP/ES/2015,,23.90,29.70,27.00
2026-08-17,,,,,PL/2997/EXP/ES/2015,,23.99,28.95,
2026-08-17,,,,,PL/2996/EXP/ES/2015,,23.80,28.00,27.00
2026-08-17,,,,,PL/2995/EXP/ES/2015,,24.00,29.40,27.00
2026-08-17,,,,,PL/2994/EXP/ES/2015,,24.00,29.40,27.00
2026-08-17,,,,,PL/2993/EXP/ES/2015,,21.35,27.19,25.37
2026-08-17,,,,,PL/2992/EXP/ES/2015,,22.85,28.39,26.99
2026-08-17,,,,,PL/2991/EXP/ES/2015,,23.99,28.99,
2026-08-17,,,,,PL/2989/EXP/ES/2015,,23.99,29.74,27.00
2026-08-17,,,,,PL/2988/EXP/ES/2015,,23.99,28.99,27.00
2026-08-17,,,,,PL/2987/EXP/ES/2015,,23.99,28.69,27.00
2026-08-17,,,,,PL/2986/EXP/ES/2015,,23.99,27.99,27.00
2026-08-17,,,,,PL/2985/EXP/ES/2015,,23.99,28.69,27.00
2026-08-17,,,,,PL/2984/EXP/ES/2015,,23.99,28.89,27.00
2026-08-17,,,,,PL/2983/EXP/ES/2015,,24.08,29.68,27.15
2026-08-17,,,,,PL/2982/EXP/ES/2015,,23.99,28.69,27.00
2026-08-17,,,,,PL/2981/EXP/ES/2015,,23.99,28.76,27.00
2026-08-17,,,,,PL/2980/EXP/ES/2015,,23.30,27.55,
2026-08-17,,,,,PL/2979/EXP/ES/2015,,23.99,27.99,27.00
2026-08-17,,,,,PL/2978/EXP/ES/2015,,23.87,27.99,26.99
2026-08-17,,,,,PL/2977/EXP/ES/2015,,23.99,28.99,27.00
2026-08-17,,,,,PL/2976/EXP/ES/2015,,23.99,28.69,
2026-08-17,,,,,PL/2975/EXP/ES/2015,,23.99,28.84,27.00
2026-08-17,,,,,PL/2974/EXP/ES/2015,,23.99,28.99,27.00
2026-08-17,,,,,PL/2973/EXP/ES/2015,,23.99,29.24,27.00
2026-08-17,,,,,PL/2972/EXP/ES/2015,,22.67,27.67,
2026-08-17,,,,,PL/2971/EXP/ES/2015,,20.85,26.59,
2026-08-17,,,,,PL/2970/EXP/ES/2015,,23.99,,27.95
2026-08-17,,,,,PL/2969/EXP/ES/2015,,24.00,27.99,27.00
2026-08-17,,,,,PL/2968/EXP/ES/2015,,23.99,28.64,27.00
2026-08-17,,,,,PL/2967/EXP/ES/2015,,23.99,28.68,27.49
2026-08-17,,,,,PL/2966/EXP/ES/2015,,23.69,28.19,26.99
2026-08-17,,,,,PL/2965/EXP/ES/2015,,24.40,29.72,27.60
2026-08-17,,,,,PL/2964/EXP/ES/2015,,23.57,28.49,26.99
2026-08-17,,,,,PL/2963/EXP/ES/2015,,23.75,28.99,27.00
2026-08-17,,,,,PL/2962/EXP/ES/2015,,23.78,28.43,27.30
2026-08-17,,,,,PL/2961/EXP/ES/2015,,23.99,28.99,27.00
2026-08-17,,,,,PL/2960/EXP/ES/2015,,23.99,28.49,27.00
2026-08-17,,,,,PL/2959/EXP/ES/2015,,23.99,28.19,27.00
2026-08-17,,,,,PL/2958/EXP/ES/2015,,23.39,26.90,
2026-08-17,,,,,PL/2957/EXP/ES/2015,,23.99,29.09,27.39
2026-08-17,,,,,PL/2956/EXP/ES/2015,,22.99,28.85,25.99
2026-08-17,,,,,PL/2955/EXP/ES/2015,,22.99,28.19,
2026-08-17,,,,,PL/2954/EXP/ES/2015,,23.99,28.95,27.00
2026-08-17,,,,,PL/2953/EXP/ES/2015,,23.99,27.99,28.28
2026-08-17,,,,,PL/2952/EXP/ES/2015,,23.90,28.50,26.98
2026-08-17,,,,,PL/2951/EXP/ES/2015,,23.35,28.49,26.90
2026-08-17,,,,,PL/2950/EXP/ES/2015,,23.59,28.29,
2026-08-17,,,,,PL/2949/EXP/ES/2015,,23.79,28.09,26.99
2026-08-17,,,,,PL/2948/EXP/ES/2015,,23.99,27.79,27.00
2026-08-17,,,,,PL/2947/EXP/ES/2015,,23.99,28.99,26.99
2026-08-17,,,,,PL/2946/EXP/ES/2015,,23.99,29.69,27.00
2026-08-17,,,,,PL/2945/EXP/ES/2015,,23.99,28.79,27.00
2026-08-17,,,,,PL/2944/EXP/ES/2015,,23.99,28.49,
2026-08-17,,,,,PL/2943/EXP/ES/2015,,24.00,29.50,27.00
2026-08-17,,,,,PL/2942/EXP/ES/2015,,23.99,29.30,27.00
2026-08-17,,,,,PL/2941/EXP/ES/2015,,23.49,28.99,26.99
2026-08-17,,,,,PL/2940/EXP/ES/2015,,23.99,28.59,26.99
2026-08-17,,,,,PL/2939/EXP/ES/2015,,23.96,27.98,27.00
2026-08-17,,,,,PL/2938/EXP/ES/2015,,23.79,27.96,26.79
2026-08-17,,,,,PL/2937/EXP/ES/2015,,23.99,27.80,27.00
2026-08-17,,,,,PL/2936/EXP/ES/2015,,23.99,28.49,26.99
2026-08-17,,,,,PL/2935/EXP/ES/2015,,23.99,29.45,
2026-08-17,,,,,PL/2934/EXP/ES/2015,,23.99,28.69,27.24
2026-08-17,,,,,PL/2933/EXP/ES/2015,,23.99,27.99,27.00
2026-08-17,,,,,PL/2932/EXP/ES/2015,,23.59,28.29,
2026-08-17,,,,,PL/2931/EXP/ES/2015,,23.99,29.20,27.00
2026-08-17,,,,,PL/2930/EXP/ES/2015,,23.99,29.99,
2026-08-17,,,,,PL/2929/EXP/ES/2015,,20.99,24.99,25.39
2026-08-17,,,,,PL/2928/EXP/ES/2015,,23.79,28.49,
2026-08-17,,,,,PL/2927/EXP/ES/2015,,23.99,29.90,27.50
2026-08-17,,,,,PL/2926/EXP/ES/2015,,23.99,28.59,
2026-08-17,,,,,PL/2925/EXP/ES/2015,,24.00,29.00,27.00
2026-08-17,,,,,PL/2924/EXP/ES/2015,,23.89,28.99,27.39
2026-08-17,,,,,PL/2923/EXP/ES/2015,,23.95,29.50,
2026-08-17,,,,,PL/2922/EXP/ES/2015,,24.00,29.30,27.00
2026-08-17,,,,,PL/2921/EXP/ES/2015,,23.99,28.04,27.00
2026-08-17,,,,,PL/2920/EXP/ES/2015,,23.99,28.99,
2026-08-17,,,,,PL/2919/EXP/ES/2015,,23.99,29.49,27.00
2026-08-17,,,,,PL/2918/EXP/ES/2015,,23.97,25.39,
2026-08-17,,,,,PL/2917/EXP/ES/2015,,23.64,28.99,27.00
2026-08-17,,,,,PL/2916/EXP/ES/2015,,23.99,28.24,27.00
2026-08-17,,,,,PL/2915/EXP/ES/2015,,23.50,29.00,
2026-08-17,,,,,PL/2914/EXP/ES/2015,,23.97,27.92,26.99
2026-08-17,,,,,PL/2913/EXP/ES/2015,,24.39,27.99,
2026-08-17,,,,,PL/2912/EXP/ES/2015,,23.99,28.99,26.99
2026-08-17,,,,,PL/2911/EXP/ES/2015,,23.99,28.69,27.00
2026-08-17,,,,,PL/2910/EXP/ES/2015,,22.91,28.39,26.81
2026-08-17,,,,,PL/2909/EXP/ES/2015,,23.99,28.79,26.99
2026-08-17,,,,,PL/2908/EXP/ES/2015,,23.95,29.89,27.00
2026-08-17,,,,,PL/2907/EXP/ES/2015,,23.99,29.74,27.00
2026-08-17,,,,,PL/2906/EXP/ES/2015,,22.99,27.99,25.39
2026-08-17,,,,,PL/2905/EXP/ES/2015,,22.99,27.99,
2026-08-17,,,,,PL/2904/EXP/ES/2015,,23.49,27.89,26.99
2026-08-17,,,,,PL/2903/EXP/ES/2015,,23.89,28.19,25.39
2026-08-17,,,,,PL/2902/EXP/ES/2015,,23.95,28.95,
2026-08-17,,,,,PL/2901/EXP/ES/2015,,23.99,29.49,
2026-08-17,,,,,PL/2900/EXP/ES/2015,,24.00,29.99,
2026-08-17,,,,,PL/2899/EXP/ES/2015,,21.49,26.99,25.38
2026-08-17,,,,,PL/2898/EXP/ES/2015,,23.39,28.99,25.38
2026-08-17,,,,,PL/2897/EXP/ES/2015,,23.99,28.97,27.00
2026-08-17,,,,,PL/2896/EXP/ES/2015,,23.95,28.95,26.99
2026-08-17,,,,,PL/2895/EXP/ES/2015,,24.49,29.79,
2026-08-17,,,,,PL/2894/EXP/ES/2015,,24.49,29.99,27.00
2026-08-17,,,,,PL/2893/EXP/ES/2015,,23.09,27.89,26.99
2026-08-17,,,,,PL/2892/EXP/ES/2015,,23.69,28.49,27.00
2026-08-17,,,,,PL/2891/EXP/ES/2015,,20.99,24.99,25.39
2026-08-17,,,,,PL/2890/EXP/ES/2015,,23.99,29.89,27.00
2026-08-17,,,,,PL/2889/EXP/ES/2015,,20.99,24.99,25.39
2026-08-17,,,,,PL/2888/EXP/ES/2015,,23.80,27.69,
2026-08-17,,,,,PL/2887/EXP/ES/2015,,23.99,27.99,26.85
2026-08-17,,,,,PL/2886/EXP/ES/2015,,24.00,29.89,26.85
2026-08-17,,,,,PL/2885/EXP/ES/2015,,23.99,29.29,27.19
2026-08-17,,,,,PL/2884/EXP/ES/2015,,23.99,29.99,
2026-08-17,,,,,PL/2883/EXP/ES/2015,,23.69,27.69,
2026-08-17,,,,,PL/2882/EXP/ES/2015,,23.99,28.19,27.00
2026-08-17,,,,,PL/2881/EXP/ES/2015,,23.99,28.94,27.00
2026-08-17,,,,,PL/2880/EXP/ES/2015,,24.49,29.89,27.50
2026-08-17,,,,,PL/2879/EXP/ES/2015,,22.99,27.79,
2026-08-17,,,,,PL/2878/EXP/ES/2015,,23.99,28.99,
2026-08-17,,,,,PL/2877/EXP/ES/2015,,23.99,28.49,
2026-08-17,,,,,PL/2876/EXP/ES/2015,,23.89,28.39,
2026-08-17,,,,,PL/2875/EXP/ES/2015,,23.99,29.99,26.99
2026-08-17,,,,,PL/2874/EXP/ES/2015,,25.39,28.98,28.28
2026-08-17,,,,,PL/2873/EXP/ES/2015,,23.99,28.28,26.98
2026-08-17,,,,,PL/2872/EXP/ES/2015,,25.38,28.97,28.28
2026-08-17,,,,,PL/2871/EXP/ES/2015,,23.99,29.49,
2026-08-17,,,,,PL/2870/EXP/ES/2015,,23.69,28.39,26.99
2026-08-17,,,,,PL/2869/EXP/ES/2015,,24.00,29.30,27.20
2026-08-17,,,,,PL/2868/EXP/ES/2015,,23.99,28.75,27.00
2026-08-17,,,,,PL/2866/EXP/ES/2015,,23.99,28.99,27.41
2026-08-17,,,,,PL/2865/EXP/ES/2015,,23.85,27.45,
2026-08-17,,,,,PL/2864/EXP/ES/2015,,19.39,25.29,
2026-08-17,,,,,PL/2863/EXP/ES/2015,,24.00,29.90,27.00
2026-08-17,,,,,PL/2862/EXP/ES/2015,,23.99,29.34,27.00
2026-08-17,,,,,PL/2861/EXP/ES/2015,,24.00,29.30,27.00
2026-08-17,,,,,PL/2860/EXP/ES/2015,,23.99,28.68,27.00
2026-08-17,,,,,PL/2859/EXP/ES/2015,,24.00,29.30,27.00
2026-08-17,,,,,PL/2858/EXP/ES/2015,,23.25,27.85,27.05
2026-08-17,,,,,PL/2857/EXP/ES/2015,,23.99,28.68,27.00
2026-08-17,,,,,PL/2856/EXP/ES/2015,,23.54,27.83,25.39
2026-08-17,,,,,PL/2855/EXP/ES/2015,,23.99,28.88,27.00
2026-08-17,,,,,PL/2854/EXP/ES/2015,,23.99,29.99,26.99
2026-08-17,,,,,PL/2853/EXP/ES/2015,,23.40,26.80,26.70
2026-08-17,,,,,PL/2852/EXP/ES/2015,,23.99,,27.00
2026-08-17,,,,,PL/2851/EXP/ES/2015,,23.92,28.25,
2026-08-17,,,,,PL/2850/EXP/ES/2015,,23.99,29.55,27.00
2026-08-17,,,,,PL/2849/EXP/ES/2015,,23.99,29.49,27.00
2026-08-17,,,,,PL/2848/EXP/ES/2015,,23.99,29.49,26.99
2026-08-17,,,,,PL/2847/EXP/ES/2015,,23.99,28.79,27.00
2026-08-17,,,,,PL/2846/EXP/ES/2015,,22.89,27.39,26.49
2026-08-17,,,,,PL/2845/EXP/ES/2015,,23.99,29.49,
2026-08-17,,,,,PL/2844/EXP/ES/2015,,23.99,29.58,
2026-08-17,,,,,PL/2843/EXP/ES/2015,,22.99,28.99,
2026-08-17,,,,,PL/2842/EXP/ES/2015,,23.99,28.69,27.00
2026-08-17,,,,,PL/2841/EXP/ES/2015,,23.99,29.10,26.95
2026-08-17,,,,,PL/2840/EXP/ES/2015,,22.79,26.39,26.39
2026-08-17,,,,,PL/2839/EXP/ES/2015,,24.60,29.45,28.50
2026-08-17,,,,,PL/2838/EXP/ES/2015,,24.49,28.69,27.00
2026-08-17,,,,,PL/2837/EXP/ES/2015,,23.99,29.58,25.48
2026-08-17,,,,,PL/2836/EXP/ES/2015,,22.39,26.99,26.39
2026-08-17,,,,,PL/2835/EXP/ES/2015,,23.60,28.40,26.97
2026-08-17,,,,,PL/2834/EXP/ES/2015,,23.99,29.99,26.99
2026-08-17,,,,,PL/2833/EXP/ES/2015,,23.98,29.89,27.00
2026-08-17,,,,SERVICIO INDUSTRIAL DE ZAPOPAN S.A. DE C.V.,PL/2832/EXP/ES/2015,Prolongación Laureles No. 601,23.70,28.90,
2026-08-17,,,,,PL/2831/EXP/ES/2015,,23.59,27.70,26.99
2026-08-17,,,,,PL/2830/EXP/ES/2015,,23.83,28.24,27.00
2026-08-17,,,,,PL/2829/EXP/ES/2015,,23.99,29.19,26.99
2026-08-17,,,,,PL/2828/EXP/ES/2015,,23.99,29.49,27.00
2026-08-17,,,,,PL/2827/EXP/ES/2015,,23.65,27.99,27.00
2026-08-17,,,,,PL/2826/EXP/ES/2015,,23.99,,25.98
2026-08-17,,,,,PL/2825/EXP/ES/2015,,23.99,28.90,27.00
2026-08-17,,,,,PL/2824/EXP/ES/2015,,23.99,29.58,
2026-08-17,,,,,PL/2823/EXP/ES/2015,,23.99,28.99,27.00
2026-08-17,,,,,PL/2822/EXP/ES/2015,,24.00,29.70,27.00
2026-08-17,,,,,PL/2821/EXP/ES/2015,,23.27,27.89,25.39
2026-08-17,,,,,PL/2820/EXP/ES/2015,,23.99,28.59,27.14
2026-08-17,,,,,PL/2819/EXP/ES/2015,,23.99,28.49,
2026-08-17,,,,,PL/2818/EXP/ES/2015,,23.99,28.94,27.00
2026-08-17,,,,,PL/2817/EXP/ES/2015,,23.99,29.50,
2026-08-17,,,,,PL/2816/EXP/ES/2015,,23.45,27.36,27.00
2026-08-17,,,,,PL/2815/EXP/ES/2015,,24.00,29.30,27.00
2026-08-17,,,,,PL/2814/EXP/ES/2015,,23.30,27.80,26.90
2026-08-17,,,,,PL/2813/EXP/ES/2015,,24.39,27.94,
2026-08-17,,,,,PL/2812/EXP/ES/2015,,24.68,29.98,27.00
2026-08-17,,,,,PL/2811/EXP/ES/2015,,23.78,27.77,27.00
2026-08-17,,,,,PL/2810/EXP/ES/2015,,23.69,29.29,26.89
2026-08-17,,,,,PL/2809/EXP/ES/2015,,23.99,29.99,27.19
2026-08-17,,,,,PL/2808/EXP/ES/2015,,24.00,29.00,27.00
2026-08-17,,,,,PL/2807/EXP/ES/2015,,23.99,29.49,27.00
2026-08-17,,,,,PL/2806/EXP/ES/2015,,23.99,29.19,
2026-08-17,,,,,PL/2805/EXP/ES/2015,,23.99,28.99,26.99
2026-08-17,,,,,PL/2804/EXP/ES/2015,,23.99,28.62,
2026-08-17,,,,,PL/2803/EXP/ES/2015,,23.29,28.59,
2026-08-17,,,,,PL/2802/EXP/ES/2015,,23.99,28.62,27.00
2026-08-17,,,,,PL/2801/EXP/ES/2015,,24.69,29.99,26.99
2026-08-17,,,,,PL/2800/EXP/ES/2015,,23.99,27.99,27.00
2026-08-17,,,,,PL/2799/EXP/ES/2015,,25.39,28.99,28.29
2026-08-17,,,,,PL/2798/EXP/ES/2015,,23.34,28.94,
2026-08-17,,,,,PL/2797/EXP/ES/2015,,23.99,29.29,26.99
2026-08-17,,,,,PL/2796/EXP/ES/2015,,22.89,,26.99
2026-08-17,,,,,PL/2795/EXP/ES/2015,,23.99,29.99,27.00
2026-08-17,,,,,PL/2794/EXP/ES/2015,,24.99,29.99,27.00
2026-08-17,,,,,PL/2793/EXP/ES/2015,,25.35,28.97,28.27
2026-08-17,,,,,PL/2792/EXP/ES/2015,,24.00,28.90,
2026-08-17,,,,,PL/2791/EXP/ES/2015,,23.99,28.99,27.00
2026-08-17,,,,,PL/2790/EXP/ES/2015,,23.73,28.21,27.00
2026-08-17,,,,,PL/2789/EXP/ES/2015,,23.00,27.00,27.00
2026-08-17,,,,,PL/2788/EXP/ES/2015,,22.92,27.77,26.84
2026-08-17,,,,,PL/2787/EXP/ES/2015,,23.99,29.99,
2026-08-17,,,,,PL/2786/EXP/ES/2015,,23.79,28.34,27.00
2026-08-17,,,,,PL/2785/EXP/ES/2015,,23.99,28.78,
2026-08-17,,,,,PL/2784/EXP/ES/2015,,23.79,28.34,27.00
2026-08-17,,,,,PL/2783/EXP/ES/2015,,24.00,29.99,
2026-08-17,,,,,PL/2782/EXP/ES/2015,,23.79,28.29,27.39
2026-08-17,,,,,PL/2781/EXP/ES/2015,,23.23,27.18,
2026-08-17,,,,,PL/2780/EXP/ES/2015,,23.59,27.59,26.99
2026-08-17,,,,,PL/2779/EXP/ES/2015,,25.37,28.98,28.27
2026-08-17,,,,,PL/2778/EXP/ES/2015,,23.99,28.60,27.00
2026-08-17,,,,,PL/2777/EXP/ES/2015,,23.79,29.29,26.99
2026-08-17,,,,,PL/2776/EXP/ES/2015,,23.99,28.65,26.99
2026-08-17,,,,,PL/2775/EXP/ES/2015,,24.00,28.89,27.30
2026-08-17,,,,,PL/2774/EXP/ES/2015,,21.35,26.45,25.37
2026-08-17,,,,,PL/2773/EXP/ES/2015,,21.85,26.95,25.37
2026-08-17,,,,,PL/2772/EXP/ES/2015,,22.90,27.45,26.90
2026-08-17,,,,,PL/2771/EXP/ES/2015,,23.99,28.65,26.99
2026-08-17,,,,,PL/2770/EXP/ES/2015,,23.99,28.69,
2026-08-17,,,,,PL/2769/EXP/ES/2015,,24.00,28.89,27.30
2026-08-17,,,,,PL/2768/EXP/ES/2015,,23.69,28.69,
2026-08-17,,,,,PL/2767/EXP/ES/2015,,23.99,28.99,27.00
2026-08-17,,,,,PL/2766/EXP/ES/2015,,23.99,28.69,
2026-08-17,,,,,PL/2764/EXP/ES/2015,,23.99,28.82,27.00
2026-08-17,,,,,PL/2763/EXP/ES/2015,,23.99,28.69,
2026-08-17,,,,,PL/2762/EXP/ES/2015,,23.99,28.99,27.00
2026-08-17,,,,,PL/2761/EXP/ES/2015,,23.39,27.89,26.99
2026-08-17,,,,,PL/2760/EXP/ES/2015,,23.79,29.29,26.99
2026-08-17,,,,,PL/2759/EXP/ES/2015,,23.99,27.99,27.00
2026-08-17,,,,,PL/2758/EXP/ES/2015,,23.99,28.19,
2026-08-17,,,,,PL/2757/EXP/ES/2015,,23.49,27.74,27.00
2026-08-17,,,,,PL/2756/EXP/ES/2015,,23.99,29.09,27.00
2026-08-17,,,,,PL/2755/EXP/ES/2015,,22.57,27.27,26.77
2026-08-17,,,,,PL/2754/EXP/ES/2015,,23.99,29.49,
2026-08-17,,,,,PL/2753/EXP/ES/2015,,23.99,29.39,26.99
2026-08-17,,,,,PL/2752/EXP/ES/2015,,23.99,29.99,27.00
2026-08-17,,,,,PL/2751/EXP/ES/2015,,23.99,29.19,27.17
2026-08-17,,,,,PL/2750/EXP/ES/2015,,23.99,29.45,27.45
2026-08-17,,,,,PL/2749/EXP/ES/2015,,24.99,29.99,
2026-08-17,,,,,PL/2748/EXP/ES/2015,,23.99,28.79,26.99
2026-08-17,,,,,PL/2747/EXP/ES/2015,,23.82,28.65,27.00
2026-08-17,,,,,PL/2746/EXP/ES/2015,,24.00,,27.00
2026-08-17,,,,,PL/2745/EXP/ES/2015,,20.99,24.99,
2026-08-17,,,,,PL/2744/EXP/ES/2015,,21.19,25.00,25.38
2026-08-17,,,,,PL/2743/EXP/ES/2015,,24.00,29.99,27.00
2026-08-17,,,,,PL/2742/EXP/ES/2015,,22.45,28.45,25.37
2026-08-17,,,,,PL/2741/EXP/ES/2015,,23.95,28.50,
2026-08-17,,,,,PL/2740/EXP/ES/2015,,23.99,28.62,27.00
2026-08-17,,,,,PL/2739/EXP/ES/2015,,23.99,28.79,
2026-08-17,,,,,PL/2738/EXP/ES/2015,,24.00,29.49,27.00
2026-08-17,,,,,PL/2737/EXP/ES/2015,,24.79,29.99,27.99
2026-08-17,,,,,PL/2736/EXP/ES/2015,,23.99,28.39,27.00
2026-08-17,,,,,PL/2735/EXP/ES/2015,,24.99,29.99,27.00
2026-08-17,,,,,PL/2734/EXP/ES/2015,,23.99,28.69,
2026-08-17,,,,,PL/2733/EXP/ES/2015,,22.99,27.89,
2026-08-17,,,,,PL/2732/EXP/ES/2015,,23.99,28.69,27.00
2026-08-17,,,,,PL/2731/EXP/ES/2015,,24.49,29.99,27.00
2026-08-17,,,,,PL/2730/EXP/ES/2015,,24.49,29.99,27.00
2026-08-17,,,,,PL/2729/EXP/ES/2015,,24.49,29.99,27.00
2026-08-17,,,,,PL/2728/EXP/ES/2015,,24.49,29.99,27.00
2026-08-17,,,,,PL/2727/EXP/ES/2015,,24.49,29.99,27.00
2026-08-17,,,,,PL/2726/EXP/ES/2015,,24.49,29.79,
2026-08-17,,,,,PL/2725/EXP/ES/2015,,23.99,29.14,26.99
2026-08-17,,,,,PL/2724/EXP/ES/2015,,23.95,28.73,26.99
2026-08-17,,,,,PL/2723/EXP/ES/2015,,23.90,28.80,27.00
2026-08-17,,,,,PL/2722/EXP/ES/2015,,23.50,28.30,27.00
2026-08-17,,,,,PL/2721/EXP/ES/2015,,23.99,29.49,
2026-08-17,,,,,PL/2720/EXP/ES/2015,,24.99,30.49,28.49
2026-08-17,,,,,PL/2719/EXP/ES/2015,,20.99,26.90,27.00
2026-08-17,,,,,PL/2718/EXP/ES/2015,,24.00,29.51,27.00
2026-08-17,,,,,PL/2717/EXP/ES/2015,,22.69,27.19,25.39
2026-08-17,,,,,PL/2716/EXP/ES/2015,,23.39,28.99,
2026-08-17,,,,,PL/2715/EXP/ES/2015,,22.90,27.90,
2026-08-17,,,,,PL/2714/EXP/ES/2015,,24.60,29.99,27.00
2026-08-17,,,,,PL/2713/EXP/ES/2015,,23.99,27.69,27.00
2026-08-17,,,,,PL/2712/EXP/ES/2015,,23.49,27.89,26.99
2026-08-17,,,,,PL/2711/EXP/ES/2015,,23.19,28.29,27.00
2026-08-17,,,,,PL/2710/EXP/ES/2015,,23.99,28.89,
2026-08-17,,,,,PL/2709/EXP/ES/2015,,23.99,28.39,27.00
2026-08-17,,,,,PL/2708/EXP/ES/2015,,23.99,28.89,27.00
2026-08-17,,,,,PL/2707/EXP/ES/2015,,23.99,28.89,27.00
2026-08-17,,,,,PL/2706/EXP/ES/2015,,23.99,,26.49
2026-08-17,,,,,PL/2705/EXP/ES/2015,,23.99,28.89,27.00
2026-08-17,,,,,PL/2704/EXP/ES/2015,,23.99,28.25,27.00
2026-08-17,,,,,PL/2703/EXP/ES/2015,,23.89,27.95,
2026-08-17,,,,,PL/2702/EXP/ES/2015,,23.92,28.60,26.99
2026-08-17,,,,,PL/2701/EXP/ES/2015,,23.99,28.99,
2026-08-17,,,,,PL/2700/EXP/ES/2015,,23.99,28.82,27.00
2026-08-17,,,,,PL/2699/EXP/ES/2015,,23.99,28.69,27.49
2026-08-17,,,,,PL/2698/EXP/ES/2015,,23.79,28.49,
2026-08-17,,,,,PL/2697/EXP/ES/2015,,23.99,28.69,27.00
2026-08-17,,,,,PL/2696/EXP/ES/2015,,24.49,28.69,27.00
2026-08-17,,,,,PL/2695/EXP/ES/2015,,24.49,29.49,
2026-08-17,,,,,PL/2694/EXP/ES/2015,,23.99,28.89,
2026-08-17,,,,,PL/2693/EXP/ES/2015,,23.65,28.49,
2026-08-17,,,,,PL/2692/EXP/ES/2015,,23.99,28.49,
2026-08-17,,,,,PL/2691/EXP/ES/2015,,23.99,28.49,27.00
2026-08-17,,,,,PL/2690/EXP/ES/2015,,22.99,27.99,27.00
2026-08-17,,,,,PL/2689/EXP/ES/2015,,23.99,28.35,26.99
2026-08-17,,,,,PL/2688/EXP/ES/2015,,23.99,29.09,27.39
2026-08-17,,,,,PL/2687/EXP/ES/2015,,24.50,30.50,27.00
2026-08-17,,,,,PL/2686/EXP/ES/2015,,23.94,,27.00
2026-08-17,,,,,PL/2685/EXP/ES/2015,,23.10,26.99,26.60
2026-08-17,,,,,PL/2684/EXP/ES/2015,,23.99,28.99,
2026-08-17,,,,,PL/2682/EXP/ES/2015,,24.50,30.50,27.00
2026-08-17,,,,,PL/2681/EXP/ES/2015,,23.99,29.99,27.00
2026-08-17,,,,,PL/2680/EXP/ES/2015,,23.80,28.39,
2026-08-17,,,,,PL/2679/EXP/ES/2015,,24.50,30.50,27.00
2026-08-17,,,,,PL/2678/EXP/ES/2015,,23.99,27.89,27.00
2026-08-17,,,,,PL/2677/EXP/ES/2015,,23.99,29.89,27.00
2026-08-17,,,,,PL/2676/EXP/ES/2015,,23.99,29.29,
2026-08-17,,,,,PL/2675/EXP/ES/2015,,23.99,29.29,27.00
2026-08-17,,,,,PL/2674/EXP/ES/2015,,23.99,29.29,
2026-08-17,,,,,PL/2673/EXP/ES/2015,,23.99,,27.29
2026-08-17,,,,,PL/2672/EXP/ES/2015,,23.79,26.94,
2026-08-17,,,,,PL/2671/EXP/ES/2015,,23.97,27.97,26.97
2026-08-17,,,,,PL/2670/EXP/ES/2015,,24.00,29.89,26.85
2026-08-17,,,,,PL/2668/EXP/ES/2015,,23.99,,27.00
2026-08-17,,,,,PL/2667/EXP/ES/2015,,23.99,29.29,
2026-08-17,,,,,PL/2666/EXP/ES/2015,,23.67,27.99,26.99
2026-08-17,,,,,PL/2665/EXP/ES/2015,,23.99,29.29,27.00
2026-08-17,,,,,PL/2664/EXP/ES/2015,,23.99,29.29,27.00
2026-08-17,,,,,PL/2663/EXP/ES/2015,,23.17,27.36,26.97
2026-08-17,,,,,PL/2662/EXP/ES/2015,,24.00,28.90,27.00
2026-08-17,,,,,PL/2661/EXP/ES/2015,,24.00,,27.35
2026-08-17,,,,,PL/2660/EXP/ES/2015,,23.99,28.49,26.99
2026-08-17,,,,,PL/2659/EXP/ES/2015,,23.99,29.59,27.24
2026-08-17,,,,,PL/2658/EXP/ES/2015,,24.00,29.19,27.00
2026-08-17,,,,,PL/2657/EXP/ES/2015,,22.97,27.69,26.89
2026-08-17,,,,,PL/2656/EXP/ES/2015,,24.00,29.00,27.00
2026-08-17,,,,,PL/2655/EXP/ES/2015,,23.99,28.79,27.39
2026-08-17,,,,,PL/2654/EXP/ES/2015,,23.79,29.57,27.00
2026-08-17,,,,,PL/2653/EXP/ES/2015,,23.99,28.62,26.99
2026-08-17,,,,,PL/2652/EXP/ES/2015,,23.89,27.69,
2026-08-17,,,,,PL/2651/EXP/ES/2015,,24.50,30.50,27.00
2026-08-17,,,,,PL/2650/EXP/ES/2015,,23.99,28.99,26.99
2026-08-17,,,,,PL/2649/EXP/ES/2015,,23.29,28.29,26.99
2026-08-17,,,,,PL/2648/EXP/ES/2015,,23.59,28.74,27.69
2026-08-17,,,,,PL/2647/EXP/ES/2015,,23.59,27.59,
2026-08-17,,,,,PL/2646/EXP/ES/2015,,23.99,28.14,
2026-08-17,,,,,PL/2645/EXP/ES/2015,,23.99,27.99,
2026-08-17,,,,,PL/2644/EXP/ES/2015,,23.99,29.99,
2026-08-17,,,,,PL/2643/EXP/ES/2015,,23.99,29.99,27.00
2026-08-17,,,,,PL/2641/EXP/ES/2015,,24.20,29.52,27.00
2026-08-17,,,,,PL/2640/EXP/ES/2015,,23.63,26.50,
2026-08-17,,,,,PL/2639/EXP/ES/2015,,23.99,29.10,27.00
2026-08-17,,,,,PL/2638/EXP/ES/2015,,22.89,27.39,26.49
2026-08-17,,,,,PL/2637/EXP/ES/2015,,22.89,27.39,
2026-08-17,,,,,PL/2636/EXP/ES/2015,,22.55,26.90,26.50
2026-08-17,,,,,PL/2635/EXP/ES/2015,,23.99,28.99,27.00
2026-08-17,,,,,PL/2634/EXP/ES/2015,,23.79,28.29,26.99
2026-08-17,,,,,PL/2633/EXP/ES/2015,,23.47,28.49,26.99
2026-08-17,,,,,PL/2632/EXP/ES/2015,,23.49,27.73,
2026-08-17,,,,,PL/2631/EXP/ES/2015,,23.99,27.89,26.99
2026-08-17,,,,,PL/2630/EXP/ES/2015,,22.79,28.39,
2026-08-17,,,,,PL/2629/EXP/ES/2015,,24.61,29.50,28.49
2026-08-17,,,,,PL/2628/EXP/ES/2015,,22.99,28.49,26.99
2026-08-17,,,,,PL/2627/EXP/ES/2015,,23.65,26.99,26.65
2026-08-17,,,,,PL/2626/EXP/ES/2015,,23.35,27.49,26.60
2026-08-17,,,,,PL/2625/EXP/ES/2015,,23.25,27.49,26.69
2026-08-17,,,,,PL/26245/EXP/ES/2025,,23.98,28.36,27.49
2026-08-17,,,,,PL/26244/EXP/ES/2025,,23.99,27.48,
2026-08-17,,,,,PL/26243/EXP/ES/2025,,23.99,28.64,
2026-08-17,,,,,PL/26242/EXP/ES/2025,,23.83,27.99,27.00
2026-08-17,,,,,PL/26241/EXP/ES/2025,,22.97,28.19,26.99
2026-08-17,,,,,PL/26240/EXP/ES/2025,,23.90,28.19,26.99
2026-08-17,,,,,PL/2624/EXP/ES/2015,,23.10,26.95,26.60
2026-08-17,,,,,PL/26239/EXP/ES/2025,,23.69,27.75,27.00
2026-08-17,,,,,PL/26238/EXP/ES/2025,,24.49,29.69,27.69
2026-08-17,,,,,PL/26237/EXP/ES/2025,,23.47,28.37,26.99
2026-08-17,,,,,PL/26235/EXP/ES/2025,,22.99,26.99,26.59
2026-08-17,,,,,PL/26233/EXP/ES/2025,,23.99,27.98,27.00
2026-08-17,,,,,PL/26231/EXP/ES/2025,,23.95,28.99,27.00
2026-08-17,,,,,PL/26230/EXP/ES/2025,,23.99,28.99,26.99
2026-08-17,,,,,PL/2623/EXP/ES/2015,,23.99,28.99,27.00
2026-08-17,,,,,PL/26229/EXP/ES/2025,,23.49,28.37,26.99
2026-08-17,,,,,PL/26228/EXP/ES/2025,,23.99,,27.00
2026-08-17,,,,,PL/26227/EXP/ES/2025,,23.95,,27.00
2026-08-17,,,,,PL/26226/EXP/ES/2025,,22.99,28.99,26.99
2026-08-17,,,,,PL/2622/EXP/ES/2015,,23.99,28.42,27.00
2026-08-17,,,,,PL/2621/EXP/ES/2015,,23.98,28.27,27.00
2026-08-17,,,,,PL/2620/EXP/ES/2015,,24.50,30.50,
2026-08-17,,,,,PL/26194/EXP/ES/2025,,23.99,28.99,
2026-08-17,,,,,PL/26191/EXP/ES/2025,,24.49,29.79,
2026-08-17,,,,,PL/26190/EXP/ES/2025,,23.50,27.49,
2026-08-17,,,,,PL/2619/EXP/ES/2015,,20.99,26.90,
2026-08-17,,,,,PL/26189/EXP/ES/2025,,23.19,29.19,
2026-08-17,,,,,PL/26188/EXP/ES/2025,,23.75,27.15,26.97
2026-08-17,,,,,PL/26186/EXP/ES/2025,,23.99,29.49,
2026-08-17,,,,,PL/26183/EXP/ES/2025,,23.99,29.99,27.00
2026-08-17,,,,,PL/26182/EXP/ES/2025,,21.25,24.85,
2026-08-17,,,,,PL/26181/EXP/ES/2025,,21.99,27.30,25.39
2026-08-17,,,,,PL/26180/EXP/ES/2025,,23.99,28.75,27.00
2026-08-17,,,,,PL/2618/EXP/ES/2015,,23.79,28.69,26.99
2026-08-17,,,,,PL/26179/EXP/ES/2025,,23.99,28.54,
2026-08-17,,,,,PL/26177/EXP/ES/2025,,23.80,27.45,27.00
2026-08-17,,,,,PL/26175/EXP/ES/2025,,22.99,27.85,27.50
2026-08-17,,,,,PL/26174/EXP/ES/2025,,23.89,28.14,27.00
2026-08-17,,,,,PL/26173/EXP/ES/2025,,23.99,29.29,26.99
2026-08-17,,,,,PL/2617/EXP/ES/2015,,24.50,30.50,27.00
2026-08-17,,,,,PL/2616/EXP/ES/2015,,23.99,28.59,26.99
2026-08-17,,,,,PL/2615/EXP/ES/2015,,23.38,27.99,26.99
2026-08-17,,,,,PL/26146/EXP/ES/2024,,24.89,28.44,27.70
2026-08-17,,,,,PL/26143/EXP/ES/2024,,24.19,27.29,27.80
2026-08-17,,,,,PL/26142/EXP/ES/2024,,23.99,29.15,27.00
2026-08-17,,,,,PL/26141/EXP/ES/2024,,23.99,28.43,27.00
2026-08-17,,,,,PL/26140/EXP/ES/2024,,23.99,29.45,26.99
2026-08-17,,,,,PL/2614/EXP/ES/2015,,24.00,,27.00
2026-08-17,,,,,PL/2613/EXP/ES/2015,,20.99,26.90,27.00
2026-08-17,,,,,PL/26128/EXP/ES/2024,,22.99,27.59,26.99
2026-08-17,,,,,PL/26127/EXP/ES/2024,,23.99,28.81,27.00
2026-08-17,,,,,PL/26126/EXP/ES/2024,,23.99,29.10,27.00
2026-08-17,,,,,PL/26123/EXP/ES/2024,,23.99,28.95,27.00
2026-08-17,,,,,PL/26122/EXP/ES/2024,,23.99,28.98,27.49
2026-08-17,,,,,PL/26120/EXP/ES/2024,,23.59,28.78,26.96
2026-08-17,,,,,PL/26119/EXP/ES/2024,,23.99,29.39,27.00
2026-08-17,,,,,PL/26118/EXP/ES/2024,,23.70,28.15,27.00
2026-08-17,,,,,PL/26117/EXP/ES/2024,,22.99,28.99,26.89
2026-08-17,,,,,PL/26114/EXP/ES/2024,,23.65,28.19,27.00
2026-08-17,,,,,PL/26113/EXP/ES/2024,,23.99,28.78,26.99
2026-08-17,,,,,PL/26112/EXP/ES/2024,,23.89,28.30,
2026-08-17,,,,,PL/26111/EXP/ES/2024,,23.99,29.99,27.00
2026-08-17,,,,,PL/26110/EXP/ES/2024,,23.99,28.99,27.00
2026-08-17,,,,,PL/2611/EXP/ES/2015,,23.95,29.70,27.00
2026-08-17,,,,,PL/2610/EXP/ES/2015,,23.80,27.29,
2026-08-17,,,,,PL/26097/EXP/ES/2024,,23.79,27.39,27.00
2026-08-17,,,,,PL/26096/EXP/ES/2024,,23.39,27.99,
2026-08-17,,,,,PL/26094/EXP/ES/2024,,23.39,27.99,26.99
2026-08-17,,,,,PL/26093/EXP/ES/2024,,22.99,28.39,27.00
2026-08-17,,,,,PL/26092/EXP/ES/2024,,24.00,29.49,27.35
2026-08-17,,,,,PL/26091/EXP/ES/2024,,23.99,28.85,27.00
2026-08-17,,,,,PL/26090/EXP/ES/2024,,22.98,27.80,26.99
2026-08-17,,,,,PL/2609/EXP/ES/2015,,23.99,28.49,27.39
2026-08-17,,,,,PL/26089/EXP/ES/2024,,23.99,28.87,27.00
2026-08-17,,,,,PL/26088/EXP/ES/2024,,24.00,29.49,27.00
2026-08-17,,,,,PL/26086/EXP/ES/2024,,23.99,28.73,27.00
2026-08-17,,,,,PL/26084/EXP/ES/2024,,24.45,29.75,27.00
2026-08-17,,,,,PL/26083/EXP/ES/2024,,23.99,28.99,
2026-08-17,,,,,PL/26082/EXP/ES/2024,,23.89,28.95,26.89
2026-08-17,,,,,PL/26081/EXP/ES/2024,,23.99,29.89,27.00
2026-08-17,,,,,PL/26080/EXP/ES/2024,,23.99,28.59,27.00
2026-08-17,,,,,PL/2608/EXP/ES/2015,,23.99,28.79,27.39
2026-08-17,,,,,PL/26079/EXP/ES/2024,,23.99,28.65,27.00
2026-08-17,,,,,PL/26078/EXP/ES/2024,,23.99,28.99,26.99
2026-08-17,,,,,PL/26077/EXP/ES/2024,,23.79,28.55,27.00
2026-08-17,,,,,PL/26076/EXP/ES/2024,,23.99,28.50,27.00
2026-08-17,,,,,PL/26075/EXP/ES/2024,,24.69,29.99,26.99
2026-08-17,,,,,PL/26074/EXP/ES/2024,,23.99,,26.99
2026-08-17,,,,,PL/26073/EXP/ES/2024,,23.45,28.19,27.00
2026-08-17,,,,,PL/26072/EXP/ES/2024,,23.90,28.89,26.99
2026-08-17,,,,,PL/26071/EXP/ES/2024,,24.19,27.84,27.00
2026-08-17,,,,,PL/26070/EXP/ES/2024,,23.99,29.00,27.00
2026-08-17,,,,,PL/2607/EXP/ES/2015,,23.29,29.69,26.99
2026-08-17,,,,,PL/26069/EXP/ES/2024,,22.99,27.99,
2026-08-17,,,,,PL/26068/EXP/ES/2024,,24.29,29.39,27.29
2026-08-17,,,,,PL/2606/EXP/ES/2015,,23.99,28.29,27.00
2026-08-17,,,,,PL/2605/EXP/ES/2015,,24.50,30.50,27.00
2026-08-17,,,,,PL/2604/EXP/ES/2015,,23.99,29.99,
2026-08-17,,,,,PL/26033/EXP/ES/2024,,24.00,29.40,27.00
2026-08-17,,,,,PL/26032/EXP/ES/2024,,24.00,28.79,27.00
2026-08-17,,,,,PL/26030/EXP/ES/2024,,23.99,27.99,27.00
2026-08-17,,,,,PL/2603/EXP/ES/2015,,23.99,29.99,
2026-08-17,,,,,PL/26029/EXP/ES/2024,,23.99,28.28,27.00
2026-08-17,,,,,PL/26028/EXP/ES/2024,,23.74,27.80,
2026-08-17,,,,,PL/26027/EXP/ES/2024,,22.69,26.99,26.99
2026-08-17,,,,,PL/26026/EXP/ES/2024,,23.99,29.04,
2026-08-17,,,,,PL/26025/EXP/ES/2024,,23.49,27.99,26.99
2026-08-17,,,,,PL/26024/EXP/ES/2024,,15.95,17.65,
2026-08-17,,,,,PL/26022/EXP/ES/2024,,24.30,28.80,27.50
2026-08-17,,,,,PL/26021/EXP/ES/2024,,24.89,28.44,27.70
2026-08-17,,,,,PL/26020/EXP/ES/2024,,23.90,29.50,27.00
2026-08-17,,,,,PL/2602/EXP/ES/2015,,23.99,29.99,
2026-08-17,,,,,PL/26019/EXP/ES/2024,,23.96,28.65,26.99
2026-08-17,,,,,PL/26018/EXP/ES/2024,,19.99,24.79,
2026-08-17,,,,,PL/26017/EXP/ES/2024,,23.74,,27.00
2026-08-17,,,,,PL/26015/EXP/ES/2024,,23.69,28.39,26.99
2026-08-17,,,,,PL/26014/EXP/ES/2024,,24.94,28.99,27.99
2026-08-17,,,,,PL/26012/EXP/ES/2024,,23.99,29.98,
2026-08-17,,,,,PL/26011/EXP/ES/2024,,23.99,28.99,26.99
2026-08-17,,,,,PL/26010/EXP/ES/2024,,23.99,28.98,27.00
2026-08-17,,,,,PL/2601/EXP/ES/2015,,23.99,29.99,27.00
2026-08-17,,,,,PL/26009/EXP/ES/2024,,23.97,28.47,26.97
2026-08-17,,,,,PL/26008/EXP/ES/2024,,23.99,29.99,27.00
2026-08-17,,,,,PL/26006/EXP/ES/2024,,23.99,29.49,
2026-08-17,,,,,PL/26005/EXP/ES/2024,,23.99,28.75,27.00
2026-08-17,,,,,PL/26004/EXP/ES/2024,,23.99,29.49,26.99
2026-08-17,,,,,PL/26001/EXP/ES/2024,,19.99,24.49,25.39
2026-08-17,,,,,PL/26000/EXP/ES/2024,,23.79,27.99,26.99
2026-08-17,,,,,PL/2600/EXP/ES/2015,,23.43,27.94,26.99
2026-08-17,,,,,PL/25999/EXP/ES/2024,,24.49,29.59,27.49
2026-08-17,,,,,PL/25997/EXP/ES/2024,,23.66,27.65,27.00
2026-08-17,,,,,PL/2599/EXP/ES/2015,,23.99,29.49,
2026-08-17,,,,,PL/2598/EXP/ES/2015,,23.99,29.49,26.99
2026-08-17,,,,,PL/2597/EXP/ES/2015,,23.99,29.09,26.99
2026-08-17,,,,,PL/2596/EXP/ES/2015,,23.99,29.49,26.99
2026-08-17,,,,,PL/25958/EXP/ES/2024,,20.99,26.49,
2026-08-17,,,,,PL/25955/EXP/ES/2024,,23.99,28.99,27.00
2026-08-17,,,,,PL/25954/EXP/ES/2024,,23.35,27.34,26.90
2026-08-17,,,,,PL/25953/EXP/ES/2024,,23.90,28.00,27.00
2026-08-17,,,,,PL/25952/EXP/ES/2024,,23.30,26.90,27.00
2026-08-17,,,,,PL/25951/EXP/ES/2024,,22.99,27.39,26.59
2026-08-17,,,,,PL/25950/EXP/ES/2024,,22.99,28.79,26.69
2026-08-17,,,,,PL/2595/EXP/ES/2015,,23.99,29.49,26.99
2026-08-17,,,,,PL/25946/EXP/ES/2024,,23.99,28.69,27.00
2026-08-17,,,,,PL/25945/EXP/ES/2024,,23.99,28.95,27.00
2026-08-17,,,,,PL/25944/EXP/ES/2024,,23.99,28.99,26.99
2026-08-17,,,,,PL/25943/EXP/ES/2024,,23.99,30.30,27.00
2026-08-17,,,,,PL/25942/EXP/ES/2024,,23.95,27.85,26.98
2026-08-17,,,,,PL/25941/EXP/ES/2024,,23.99,28.80,26.99
2026-08-17,,,,,PL/25940/EXP/ES/2024,,22.69,27.09,26.79
2026-08-17,,,,,PL/2594/EXP/ES/2015,,23.99,27.99,26.95
2026-08-17,,,,,PL/25939/EXP/ES/2024,,19.99,24.79,25.39
2026-08-17,,,,,PL/25938/EXP/ES/2024,,24.00,28.79,27.00
2026-08-17,,,,,PL/25937/EXP/ES/2024,,23.90,28.59,
2026-08-17,,,,,PL/2593/EXP/ES/2015,,23.99,29.49,26.99
2026-08-17,,,,,PL/2592/EXP/ES/2015,,23.79,28.49,
2026-08-17,,,,,PL/2591/EXP/ES/2015,,23.98,27.79,27.00
2026-08-17,,,,,PL/25903/EXP/ES/2024,,22.87,27.50,26.55
2026-08-17,,,,,PL/25902/EXP/ES/2024,,23.79,27.99,27.00
2026-08-17,,,,,PL/25901/EXP/ES/2024,,24.00,28.05,27.00
2026-08-17,,,,,PL/25900/EXP/ES/2024,,23.89,28.49,27.00
2026-08-17,,,,,PL/2590/EXP/ES/2015,,23.99,28.95,27.00
2026-08-17,,,,,PL/25899/EXP/ES/2024,,23.99,29.99,27.99
2026-08-17,,,,,PL/25897/EXP/ES/2024,,24.99,29.49,27.99
2026-08-17,,,,,PL/25896/EXP/ES/2024,,23.56,28.59,27.00
2026-08-17,,,,,PL/25894/EXP/ES/2024,,23.69,27.69,27.99
2026-08-17,,,,,PL/25893/EXP/ES/2024,,23.99,28.50,26.99
2026-08-17,,,,,PL/25892/EXP/ES/2024,,24.59,29.99,26.99
2026-08-17,,,,,PL/25891/EXP/ES/2024,,23.99,28.99,
2026-08-17,,,,,PL/25890/EXP/ES/2024,,23.72,28.07,26.99
2026-08-17,,,,,PL/2589/EXP/ES/2015,,24.50,,27.00
2026-08-17,,,,,PL/25887/EXP/ES/2024,,23.98,29.24,26.98
2026-08-17,,,,,PL/25886/EXP/ES/2024,,23.99,28.50,26.99
2026-08-17,,,,,PL/25885/EXP/ES/2024,,23.79,28.79,26.99
2026-08-17,,,,,PL/25884/EXP/ES/2024,,23.99,29.70,27.00
2026-08-17,,,,,PL/25883/EXP/ES/2024,,23.67,27.97,26.99
2026-08-17,,,,,PL/25882/EXP/ES/2024,,23.99,,27.00
2026-08-17,,,,,PL/25881/EXP/ES/2024,,23.29,27.69,26.99
2026-08-17,,,,,PL/2588/EXP/ES/2015,,23.99,28.48,27.00
2026-08-17,,,,,PL/2587/EXP/ES/2015,,23.95,29.52,26.99
2026-08-17,,,,,PL/2586/EXP/ES/2015,,24.50,30.50,
2026-08-17,,,,,PL/2585/EXP/ES/2015,,23.55,27.99,26.99
2026-08-17,,,,,PL/2584/EXP/ES/2015,,20.99,26.90,
2026-08-17,,,,,PL/2583/EXP/ES/2015,,24.00,29.79,27.00
2026-08-17,,,,,PL/2582/EXP/ES/2015,,23.99,28.48,
2026-08-17,,,,,PL/2581/EXP/ES/2015,,24.39,27.94,
2026-08-17,,,,,PL/2580/EXP/ES/2015,,23.99,27.94,27.00
2026-08-17,,,,,PL/2579/EXP/ES/2015,,23.99,27.74,
2026-08-17,,,,,PL/25781/EXP/ES/2024,,23.99,27.79,27.00
2026-08-17,,,,,PL/25780/EXP/ES/2024,,20.99,24.99,26.99
2026-08-17,,,,,PL/2578/EXP/ES/2015,,23.95,29.57,
2026-08-17,,,,,PL/25779/EXP/ES/2024,,,29.20,26.99
2026-08-17,,,,,PL/25778/EXP/ES/2024,,23.99,28.89,27.00
2026-08-17,,,,,PL/25777/EXP/ES/2024,,20.99,26.90,27.00
2026-08-17,,,,,PL/25776/EXP/ES/2024,,23.99,29.20,26.99
2026-08-17,,,,,PL/25774/EXP/ES/2024,,23.99,27.99,27.00
2026-08-17,,,,,PL/25773/EXP/ES/2024,,24.19,27.69,
2026-08-17,,,,,PL/25772/EXP/ES/2024,,23.99,28.90,27.00
2026-08-17,,,,,PL/25770/EXP/ES/2024,,23.68,27.28,26.99
2026-08-17,,,,,PL/2577/EXP/ES/2015,,23.95,29.57,27.00
2026-08-17,,,,,PL/25769/EXP/ES/2024,,23.99,29.99,27.00
2026-08-17,,,,,PL/25768/EXP/ES/2024,,23.99,28.89,27.00
2026-08-17,,,,,PL/25767/EXP/ES/2024,,23.33,27.35,
2026-08-17,,,,,PL/25766/EXP/ES/2024,,23.17,27.97,26.88
2026-08-17,,,,,PL/25765/EXP/ES/2024,,23.99,28.69,27.00
2026-08-17,,,,,PL/25764/EXP/ES/2024,,22.96,27.48,26.78
2026-08-17,,,,,PL/25763/EXP/ES/2024,,23.99,28.99,
2026-08-17,,,,,PL/25762/EXP/ES/2024,,24.39,27.94,27.00
2026-08-17,,,,,PL/25761/EXP/ES/2024,,24.89,28.58,27.70
2026-08-17,,,,,PL/25760/EXP/ES/2024,,22.59,27.99,
2026-08-17,,,,,PL/2576/EXP/ES/2015,,23.99,29.09,
2026-08-17,,,,,PL/25759/EXP/ES/2024,,22.79,27.39,
2026-08-17,,,,,PL/25758/EXP/ES/2024,,23.99,28.45,27.00
2026-08-17,,,,,PL/25757/EXP/ES/2024,,23.99,29.99,27.00
2026-08-17,,,,,PL/25756/EXP/ES/2024,,23.99,29.30,
2026-08-17,,,,,PL/25755/EXP/ES/2024,,23.99,29.45,
2026-08-17,,,,,PL/25754/EXP/ES/2024,,23.99,29.55,26.99
2026-08-17,,,,,PL/25753/EXP/ES/2024,,22.95,26.95,26.80
2026-08-17,,,,,PL/25752/EXP/ES/2024,,23.99,29.29,27.00
2026-08-17,,,,,PL/25751/EXP/ES/2024,,23.25,27.80,26.99
2026-08-17,,,,,PL/25750/EXP/ES/2024,,24.49,29.99,27.00
2026-08-17,,,,,PL/2575/EXP/ES/2015,,,,27.00
2026-08-17,,,,,PL/25749/EXP/ES/2024,,23.99,28.60,27.00
2026-08-17,,,,,PL/25748/EXP/ES/2024,,24.79,27.94,27.89
2026-08-17,,,,,PL/25747/EXP/ES/2024,,23.99,28.59,27.00
2026-08-17,,,,,PL/25746/EXP/ES/2024,,23.89,27.99,26.99
2026-08-17,,,,,PL/25745/EXP/ES/2024,,23.39,28.19,26.79
2026-08-17,,,,,PL/2574/EXP/ES/2015,,23.80,27.69,
2026-08-17,,,,,PL/2573/EXP/ES/2015,,23.99,29.99,
2026-08-17,,,,,PL/2572/EXP/ES/2015,,23.59,27.99,26.99
2026-08-17,,,,,PL/2571/EXP/ES/2015,,24.50,30.50,
2026-08-17,,,,,PL/2570/EXP/ES/2015,,23.99,29.29,27.19
2026-08-17,,,,,PL/2568/EXP/ES/2015,,23.99,29.29,27.19
2026-08-17,,,,,PL/2567/EXP/ES/2015,,23.99,29.49,
2026-08-17,,,,,PL/2566/EXP/ES/2015,,24.50,30.50,
2026-08-17,,,,,PL/25656/EXP/ES/2024,,25.35,28.94,28.26
2026-08-17,,,,,PL/25655/EXP/ES/2024,,24.49,29.99,26.99
2026-08-17,,,,,PL/25654/EXP/ES/2024,,22.75,26.69,
2026-08-17,,,,,PL/25653/EXP/ES/2024,,23.97,29.97,26.99
2026-08-17,,,,,PL/25652/EXP/ES/2024,,23.89,29.19,26.99
2026-08-17,,,,,PL/25651/EXP/ES/2024,,22.37,27.87,25.30
2026-08-17,,,,,PL/2565/EXP/ES/2015,,22.99,29.59,26.99
2026-08-17,,,,"ESTACION COMPOSITORES, S.A. DE C.V.",PL/25649/EXP/ES/2024,AV. PATRIA 1297,23.49,28.49,
2026-08-17,,,,,PL/25648/EXP/ES/2024,,23.89,27.71,
2026-08-17,,,,,PL/25647/EXP/ES/2024,,23.99,27.99,27.00
2026-08-17,,,,,PL/25646/EXP/ES/2024,,24.49,27.99,27.10
2026-08-17,,,,,PL/25645/EXP/ES/2024,,23.99,29.60,27.00
2026-08-17,,,,,PL/25643/EXP/ES/2024,,23.99,29.39,27.00
2026-08-17,,,,,PL/25641/EXP/ES/2024,,23.99,29.89,27.00
2026-08-17,,,,,PL/25640/EXP/ES/2024,,23.99,29.39,27.00
2026-08-17,,,,,PL/2564/EXP/ES/2015,,23.98,27.79,27.00
2026-08-17,,,,,PL/25638/EXP/ES/2024,,24.94,28.99,27.94
2026-08-17,,,,,PL/25637/EXP/ES/2024,,23.70,28.30,26.99
2026-08-17,,,,,PL/25636/EXP/ES/2024,,22.99,27.50,26.55
2026-08-17,,,,,PL/25635/EXP/ES/2024,,23.99,29.79,27.00
2026-08-17,,,,,PL/25634/EXP/ES/2024,,23.95,28.98,27.00
2026-08-17,,,,,PL/25633/EXP/ES/2024,,24.25,29.99,27.34
2026-08-17,,,,,PL/25632/EXP/ES/2024,,24.69,29.99,27.00
2026-08-17,,,,,PL/25630/EXP/ES/2024,,23.99,28.29,27.24
2026-08-17,,,,,PL/2563/EXP/ES/2015,,24.00,28.89,27.00
2026-08-17,,,,,PL/25627/EXP/ES/2024,,23.99,28.99,
2026-08-17,,,,,PL/25625/EXP/ES/2024,,22.90,,26.90
2026-08-17,,,,,PL/25624/EXP/ES/2024,,23.99,28.39,27.00
2026-08-17,,,,,PL/25623/EXP/ES/2024,,23.99,29.99,27.99
2026-08-17,,,,,PL/25622/EXP/ES/2024,,21.29,24.90,
2026-08-17,,,,,PL/25621/EXP/ES/2024,,23.89,27.64,27.00
2026-08-17,,,,,PL/25620/EXP/ES/2024,,23.79,28.69,
2026-08-17,,,,,PL/2562/EXP/ES/2015,,23.89,28.19,27.00
2026-08-17,,,,"OPORTO PLAZA, S.A. DE C.V.",PL/25619/EXP/ES/2024,AV. LAGO DE CHAPALA No. 510 ESQ. LOMAS DEL VALLE,23.99,29.59,26.99
2026-08-17,,,,,PL/25618/EXP/ES/2024,,24.29,29.99,27.29
2026-08-17,,,,,PL/25617/EXP/ES/2024,,23.99,28.59,27.39
2026-08-17,,,,,PL/25616/EXP/ES/2024,,23.49,27.99,26.99
2026-08-17,,,,,PL/2561/EXP/ES/2015,,24.00,28.45,27.00
2026-08-17,,,,,PL/25597/EXP/ES/2024,,23.59,27.98,
2026-08-17,,,,,PL/25591/EXP/ES/2024,,22.49,28.29,26.99
2026-08-17,,,,,PL/25590/EXP/ES/2024,,23.52,28.92,26.85
2026-08-17,,,,,PL/2559/EXP/ES/2015,,23.99,28.19,27.00
2026-08-17,,,,,PL/25589/EXP/ES/2024,,23.87,28.27,26.90
2026-08-17,,,,,PL/25588/EXP/ES/2024,,23.99,28.89,27.00
2026-08-17,,,,,PL/25587/EXP/ES/2024,,23.99,28.55,26.99
2026-08-17,,,,,PL/25586/EXP/ES/2024,,23.99,28.69,27.00
2026-08-17,,,,,PL/25585/EXP/ES/2024,,23.99,28.99,27.49
2026-08-17,,,,,PL/25584/EXP/ES/2024,,21.29,24.98,25.39
2026-08-17,,,,,PL/25583/EXP/ES/2024,,23.85,28.89,26.99
2026-08-17,,,,,PL/25582/EXP/ES/2024,,21.29,24.79,
2026-08-17,,,,,PL/25581/EXP/ES/2024,,23.89,27.71,
2026-08-17,,,,,PL/25580/EXP/ES/2024,,23.99,28.82,27.00
2026-08-17,,,,,PL/2558/EXP/ES/2015,,23.99,28.19,27.00
2026-08-17,,,,,PL/25579/EXP/ES/2024,,23.49,28.99,26.99
2026-08-17,,,,,PL/25578/EXP/ES/2024,,22.69,27.09,27.00
2026-08-17,,,,,PL/25577/EXP/ES/2024,,23.99,28.14,27.00
2026-08-17,,,,,PL/25576/EXP/ES/2024,,23.99,28.50,26.99
2026-08-17,,,,,PL/25574/EXP/ES/2024,,24.00,,27.00
2026-08-17,,,,,PL/25573/EXP/ES/2024,,23.90,27.50,26.50
2026-08-17,,,,,PL/25572/EXP/ES/2024,,21.29,24.79,
2026-08-17,,,,,PL/25571/EXP/ES/2024,,23.89,,27.00
2026-08-17,,,,,PL/25570/EXP/ES/2024,,23.99,28.89,26.99
2026-08-17,,,,,PL/2557/EXP/ES/2015,,20.99,,
2026-08-17,,,,,PL/25569/EXP/ES/2024,,24.39,28.79,27.49
2026-08-17,,,,,PL/25568/EXP/ES/2024,,24.00,29.40,27.00
2026-08-17,,,,,PL/25567/EXP/ES/2024,,23.99,28.99,27.39
2026-08-17,,,,,PL/25566/EXP/ES/2024,,21.29,24.79,
2026-08-17,,,,,PL/25565/EXP/ES/2024,,22.90,26.99,26.69
2026-08-17,,,,,PL/25564/EXP/ES/2024,,23.99,28.79,27.00
2026-08-17,,,,,PL/25563/EXP/ES/2024,,24.00,29.65,27.00
2026-08-17,,,,,PL/25562/EXP/ES/2024,,23.84,27.99,
2026-08-17,,,,,PL/25561/EXP/ES/2024,,21.29,24.90,27.00
2026-08-17,,,,,PL/25560/EXP/ES/2024,,23.99,28.69,
2026-08-17,,,,,PL/2556/EXP/ES/2015,,23.99,29.99,27.00
2026-08-17,,,,,PL/25559/EXP/ES/2024,,20.19,24.87,
2026-08-17,,,,,PL/25558/EXP/ES/2024,,23.99,28.49,27.99
2026-08-17,,,,,PL/2555/EXP/ES/2015,,23.99,29.88,27.00
2026-08-17,,,,,PL/25542/EXP/ES/2024,,23.79,26.99,
2026-08-17,,,,,PL/25541/EXP/ES/2024,,23.99,29.49,26.99
2026-08-17,,,,,PL/25540/EXP/ES/2024,,23.99,28.60,
2026-08-17,,,,,PL/2554/EXP/ES/2015,,23.89,27.99,
2026-08-17,,,,,PL/25538/EXP/ES/2024,,25.37,28.99,28.29
2026-08-17,,,,,PL/25537/EXP/ES/2024,,23.99,29.99,
2026-08-17,,,,,PL/25536/EXP/ES/2024,,25.39,28.99,28.28
2026-08-17,,,,,PL/25535/EXP/ES/2024,,24.68,29.98,27.00
2026-08-17,,,,,PL/25534/EXP/ES/2024,,23.89,28.80,26.99
2026-08-17,,,,,PL/25533/EXP/ES/2024,,23.99,29.83,27.00
2026-08-17,,,,,PL/25532/EXP/ES/2024,,23.69,29.49,26.99
2026-08-17,,,,,PL/25531/EXP/ES/2024,,20.90,25.39,26.99
2026-08-17,,,,,PL/25530/EXP/ES/2024,,23.65,27.99,27.05
2026-08-17,,,,,PL/2553/EXP/ES/2015,,23.99,29.10,
2026-08-17,,,,,PL/25529/EXP/ES/2024,,22.97,27.46,26.55
2026-08-17,,,,"Costco Gas, S.A. de C.V.",PL/25528/EXP/ES/2024,"Anillo Periférico (Manuel Gómez Morín) Fracción A, No. 1235",23.29,27.99,
2026-08-17,,,,,PL/25527/EXP/ES/2024,,23.99,28.92,26.99
2026-08-17,,,,,PL/25526/EXP/ES/2024,,24.69,29.99,27.00
2026-08-17,,,,,PL/25525/EXP/ES/2024,,19.98,23.99,25.50
2026-08-17,,,,,PL/25524/EXP/ES/2024,,23.98,28.77,27.00
2026-08-17,,,,,PL/25523/EXP/ES/2024,,23.85,27.70,27.00
2026-08-17,,,,,PL/25522/EXP/ES/2024,,24.49,29.99,27.00
2026-08-17,,,,,PL/25521/EXP/ES/2024,,23.99,26.90,
2026-08-17,,,,,PL/2552/EXP/ES/2015,,24.19,28.99,26.99
2026-08-17,,,,,PL/25519/EXP/ES/2024,,23.99,28.20,27.00
2026-08-17,,,,,PL/25517/EXP/ES/2024,,23.89,28.70,26.99
2026-08-17,,,,,PL/25516/EXP/ES/2024,,21.29,,
2026-08-17,,,,,PL/25515/EXP/ES/2024,,23.99,,27.00
2026-08-17,,,,,PL/25514/EXP/ES/2024,,20.89,,25.39
2026-08-17,,,,,PL/25513/EXP/ES/2024,,23.95,,26.99
2026-08-17,,,,,PL/25512/EXP/ES/2024,,23.99,28.59,27.00
2026-08-17,,,,,PL/2551/EXP/ES/2015,,20.99,26.90,
2026-08-17,,,,,PL/25502/EXP/ES/2024,,20.58,26.50,
2026-08-17,,,,,PL/2550/EXP/ES/2015,,23.99,17.67,27.00
2026-08-17,,,,,PL/25499/EXP/ES/2024,,23.99,28.64,
2026-08-17,,,,,PL/25498/EXP/ES/2024,,23.99,28.29,
2026-08-17,,,,,PL/25496/EXP/ES/2024,,23.99,29.49,
2026-08-17,,,,,PL/25495/EXP/ES/2024,,23.99,27.80,
2026-08-17,,,,,PL/25494/EXP/ES/2024,,20.99,26.90,27.00
2026-08-17,,,,,PL/25493/EXP/ES/2024,,24.49,29.99,27.99
2026-08-17,,,,,PL/25492/EXP/ES/2024,,24.49,29.59,26.99
2026-08-17,,,,,PL/25491/EXP/ES/2024,,24.59,26.73,27.96
2026-08-17,,,,,PL/2549/EXP/ES/2015,,24.49,29.49,26.99
2026-08-17,,,,,PL/25489/EXP/ES/2024,,22.99,28.99,26.99
2026-08-17,,,,,PL/25488/EXP/ES/2024,,22.39,26.99,26.39
2026-08-17,,,,,PL/25487/EXP/ES/2024,,23.79,27.69,26.99
2026-08-17,,,,,PL/25486/EXP/ES/2024,,23.99,28.99,
2026-08-17,,,,,PL/25485/EXP/ES/2024,,23.99,29.49,27.50
2026-08-17,,,,,PL/25484/EXP/ES/2024,,21.27,26.63,25.37
2026-08-17,,,,,PL/25483/EXP/ES/2024,,23.48,27.58,26.99
2026-08-17,,,,"PETRO HUNTER, S.A. DE C.V.",PL/25482/EXP/ES/2024,ANILLO PERIFÉRICO MANUEL GÓMEZ MORÍN No. 20,23.99,29.79,
2026-08-17,,,,,PL/25481/EXP/ES/2024,,23.99,27.29,26.99
2026-08-17,,,,,PL/25480/EXP/ES/2024,,23.99,27.71,26.99
2026-08-17,,,,,PL/2548/EXP/ES/2015,,23.99,28.99,
2026-08-17,,,,,PL/25479/EXP/ES/2024,,23.36,27.63,26.97
2026-08-17,,,,,PL/25477/EXP/ES/2024,,23.56,27.36,26.97
2026-08-17,,,,,PL/25475/EXP/ES/2024,,23.99,28.48,
2026-08-17,,,,,PL/25472/EXP/ES/2024,,23.99,28.50,
2026-08-17,,,,,PL/25471/EXP/ES/2024,,23.99,28.44,
2026-08-17,,,,,PL/2547/EXP/ES/2015,,23.99,29.59,
2026-08-17,,,,,PL/25469/EXP/ES/2024,,23.97,27.98,26.99
2026-08-17,,,,,PL/25468/EXP/ES/2024,,23.99,28.55,26.80
2026-08-17,,,,,PL/25467/EXP/ES/2024,,23.25,27.39,26.99
2026-08-17,,,,,PL/25465/EXP/ES/2024,,23.99,27.98,
2026-08-17,,,,,PL/25464/EXP/ES/2024,,23.99,28.74,27.00
2026-08-17,,,,,PL/25463/EXP/ES/2024,,23.99,29.90,27.00
2026-08-17,,,,,PL/25461/EXP/ES/2024,,19.95,26.29,25.39
2026-08-17,,,,,PL/2546/EXP/ES/2015,,23.99,28.99,
2026-08-17,,,,,PL/25453/EXP/ES/2023,,23.99,28.10,26.90
2026-08-17,,,,,PL/25452/EXP/ES/2023,,24.15,,27.10
2026-08-17,,,,,PL/25451/EXP/ES/2023,,23.34,27.99,
2026-08-17,,,,,PL/2545/EXP/ES/2015,,23.99,28.99,27.00
2026-08-17,,,,,PL/25445/EXP/ES/2023,,23.99,29.49,27.00
2026-08-17,,,,,PL/25444/EXP/ES/2023,,23.99,29.89,
2026-08-17,,,,,PL/25443/EXP/ES/2023,,23.60,28.40,27.00
2026-08-17,,,,,PL/25442/EXP/ES/2023,,24.49,29.88,27.00
2026-08-17,,,,,PL/2544/EXP/ES/2015,,23.98,29.94,26.95
2026-08-17,,,,,PL/25439/EXP/ES/2023,,22.99,28.99,26.99
2026-08-17,,,,,PL/25437/EXP/ES/2023,,23.69,28.39,
2026-08-17,,,,,PL/25436/EXP/ES/2023,,23.99,29.49,26.99
2026-08-17,,,,,PL/25435/EXP/ES/2023,,23.49,27.99,
2026-08-17,,,,,PL/25434/EXP/ES/2023,,23.89,27.39,27.00
2026-08-17,,,,,PL/25433/EXP/ES/2023,,23.99,28.89,
2026-08-17,,,,,PL/25432/EXP/ES/2023,,23.98,29.28,27.00
2026-08-17,,,,,PL/25431/EXP/ES/2023,,23.49,26.89,27.00
2026-08-17,,,,,PL/25430/EXP/ES/2023,,22.99,28.89,26.99
2026-08-17,,,,,PL/2543/EXP/ES/2015,,23.99,28.29,
2026-08-17,,,,,PL/25429/EXP/ES/2023,,23.99,28.20,27.20
2026-08-17,,,,,PL/25428/EXP/ES/2023,,24.88,28.78,27.93
2026-08-17,,,,,PL/25427/EXP/ES/2023,,23.29,27.69,27.00
2026-08-17,,,,,PL/25426/EXP/ES/2023,,22.99,28.99,26.99
2026-08-17,,,,,PL/25425/EXP/ES/2023,,23.99,28.79,26.99
2026-08-17,,,,,PL/25424/EXP/ES/2023,,23.99,27.99,27.00
2026-08-17,,,,,PL/25423/EXP/ES/2023,,23.99,28.87,
2026-08-17,,,,,PL/25420/EXP/ES/2023,,23.99,27.98,
2026-08-17,,,,,PL/2542/EXP/ES/2015,,24.49,29.79,27.00
2026-08-17,,,,,PL/25419/EXP/ES/2023,,23.99,27.78,
2026-08-17,,,,,PL/25418/EXP/ES/2023,,23.99,28.64,
2026-08-17,,,,,PL/25417/EXP/ES/2023,,23.59,28.99,26.99
2026-08-17,,,,,PL/2541/EXP/ES/2015,,23.99,28.95,27.40
2026-08-17,,,,,PL/2540/EXP/ES/2015,,23.99,29.89,
2026-08-17,,,,,PL/25391/EXP/ES/2023,,23.99,27.99,27.00
2026-08-17,,,,,PL/25390/EXP/ES/2023,,23.99,28.99,27.00
2026-08-17,,,,,PL/2539/EXP/ES/2015,,24.49,29.79,27.00
2026-08-17,,,,,PL/25389/EXP/ES/2023,,23.99,28.49,26.99
2026-08-17,,,,,PL/25388/EXP/ES/2023,,23.90,28.89,27.00
2026-08-17,,,,,PL/25387/EXP/ES/2023,,24.00,29.89,27.00
2026-08-17,,,,"GRUPO ATHOS DE OCCIDENTE, S.A. DE C.V.",PL/25386/EXP/ES/2023,AV. JUAN PABLO II No. 1075,23.98,29.44,26.98
2026-08-17,,,,,PL/25385/EXP/ES/2023,,22.99,27.79,26.90
2026-08-17,,,,,PL/25384/EXP/ES/2023,,23.98,28.58,27.00
2026-08-17,,,,,PL/25383/EXP/ES/2023,,22.99,27.39,26.86
2026-08-17,,,,,PL/25382/EXP/ES/2023,,23.99,28.49,
2026-08-17,,,,,PL/25381/EXP/ES/2023,,24.49,29.59,26.99
2026-08-17,,,,,PL/25380/EXP/ES/2023,,23.80,27.89,
2026-08-17,,,,,PL/2538/EXP/ES/2015,,23.29,27.59,26.89
2026-08-17,,,,,PL/25379/EXP/ES/2023,,23.99,27.99,
2026-08-17,,,,,PL/25378/EXP/ES/2023,,24.79,28.59,27.89
2026-08-17,,,,SERVICIO NIGRAN S.A. DE C.V.,PL/25377/EXP/ES/2023,C. CUAUTHEMOC 252-A,23.99,,26.99
2026-08-17,,,,,PL/25376/EXP/ES/2023,,19.55,24.89,25.35
2026-08-17,,,,,PL/25375/EXP/ES/2023,,23.79,28.39,27.00
2026-08-17,,,,,PL/25374/EXP/ES/2023,,23.99,29.55,26.99
2026-08-17,,,,,PL/25373/EXP/ES/2023,,23.69,28.99,27.00
2026-08-17,,,,"GASOLINERA VERDE, S.A. DE C.V.",PL/25372/EXP/ES/2023,Blvd. Bosques de Santa Anita número 207,24.00,29.99,27.00
2026-08-17,,,,,PL/25371/EXP/ES/2023,,23.99,27.86,27.00
2026-08-17,,,,,PL/25370/EXP/ES/2023,,23.99,29.19,26.99
2026-08-17,,,,,PL/2537/EXP/ES/2015,,24.99,29.49,
2026-08-17,,,,,PL/25369/EXP/ES/2023,,23.19,26.99,26.99
2026-08-17,,,,,PL/25368/EXP/ES/2023,,23.94,28.59,26.99
2026-08-17,,,,,PL/25367/EXP/ES/2023,,22.85,26.99,26.79
2026-08-17,,,,,PL/25366/EXP/ES/2023,,23.65,27.85,26.89
2026-08-17,,,,,PL/25365/EXP/ES/2023,,23.70,27.69,27.00
2026-08-17,,,,,PL/25364/EXP/ES/2023,,23.99,28.99,27.99
2026-08-17,,,,,PL/25363/EXP/ES/2023,,23.50,27.73,26.90
2026-08-17,,,,,PL/25361/EXP/ES/2023,,19.19,23.29,
2026-08-17,,,,,PL/25360/EXP/ES/2023,,23.99,28.98,
2026-08-17,,,,,PL/2536/EXP/ES/2015,,24.00,28.50,27.00
2026-08-17,,,,,PL/25359/EXP/ES/2023,,23.99,28.49,26.99
2026-08-17,,,,,PL/25357/EXP/ES/2023,,23.99,28.59,27.00
2026-08-17,,,,,PL/25356/EXP/ES/2023,,23.35,28.00,27.00
2026-08-17,,,,,PL/25354/EXP/ES/2023,,25.42,28.80,27.99
2026-08-17,,,,,PL/25353/EXP/ES/2023,,23.99,28.19,27.00
2026-08-17,,,,,PL/25352/EXP/ES/2023,,23.69,27.69,27.00
2026-08-17,,,,,PL/2535/EXP/ES/2015,,23.99,29.69,
2026-08-17,,,,,PL/2534/EXP/ES/2015,,24.00,28.99,27.00
2026-08-17,,,,,PL/25335/EXP/ES/2023,,23.46,27.69,26.85
2026-08-17,,,,,PL/25334/EXP/ES/2023,,25.39,28.99,28.29
2026-08-17,,,,,PL/25333/EXP/ES/2023,,23.30,28.49,27.00
2026-08-17,,,,,PL/25332/EXP/ES/2023,,23.99,29.62,27.00
2026-08-17,,,,,PL/25331/EXP/ES/2023,,24.93,30.50,28.70
2026-08-17,,,,,PL/25330/EXP/ES/2023,,23.88,28.95,27.00
2026-08-17,,,,,PL/2533/EXP/ES/2015,,23.89,28.69,27.00
2026-08-17,,,,,PL/25329/EXP/ES/2023,,23.88,28.90,26.99
2026-08-17,,,,,PL/25326/EXP/ES/2023,,25.39,28.98,28.29
2026-08-17,,,,,PL/25325/EXP/ES/2023,,24.00,28.89,27.00
2026-08-17,,,,,PL/25324/EXP/ES/2023,,23.93,28.93,26.93
2026-08-17,,,,,PL/25322/EXP/ES/2023,,23.79,28.79,26.95
2026-08-17,,,,,PL/25321/EXP/ES/2023,,24.00,28.79,27.00
2026-08-17,,,,,PL/25320/EXP/ES/2023,,23.99,28.49,
2026-08-17,,,,,PL/2532/EXP/ES/2015,,23.99,29.29,27.00
2026-08-17,,,,,PL/25319/EXP/ES/2023,,20.99,26.90,
2026-08-17,,,,,PL/25318/EXP/ES/2023,,21.89,27.89,25.37
2026-08-17,,,,,PL/25317/EXP/ES/2023,,23.99,28.99,27.00
2026-08-17,,,,,PL/25316/EXP/ES/2023,,24.89,28.59,27.89
2026-08-17,,,,,PL/25315/EXP/ES/2023,,23.99,28.59,
2026-08-17,,,,,PL/25313/EXP/ES/2023,,23.99,,26.99
2026-08-17,,,,,PL/25312/EXP/ES/2023,,25.39,28.97,28.29
2026-08-17,,,,,PL/25311/EXP/ES/2023,,23.99,28.69,26.99
2026-08-17,,,,,PL/2531/EXP/ES/2015,,24.00,29.99,27.00
2026-08-17,,,,,PL/25309/EXP/ES/2023,,23.95,26.98,26.98
2026-08-17,,,,,PL/25306/EXP/ES/2023,,23.50,27.99,26.59
2026-08-17,,,,,PL/25305/EXP/ES/2023,,22.99,27.79,27.00
2026-08-17,,,,,PL/25304/EXP/ES/2023,,23.59,24.79,26.99
2026-08-17,,,,,PL/25303/EXP/ES/2023,,23.99,28.49,27.00
2026-08-17,,,,,PL/25302/EXP/ES/2023,,24.89,28.44,27.69
2026-08-17,,,,,PL/25301/EXP/ES/2023,,23.99,29.25,27.00
2026-08-17,,,,,PL/25300/EXP/ES/2023,,23.99,27.98,26.99
2026-08-17,,,,,PL/2530/EXP/ES/2015,,24.49,29.79,27.00
2026-08-17,,,,,PL/25298/EXP/ES/2023,,23.99,28.69,
2026-08-17,,,,,PL/25297/EXP/ES/2023,,23.33,27.42,26.80
2026-08-17,,,,,PL/25296/EXP/ES/2023,,23.16,28.29,26.96
2026-08-17,,,,,PL/25294/EXP/ES/2023,,,28.98,
2026-08-17,,,,,PL/25293/EXP/ES/2023,,24.00,29.40,27.00
2026-08-17,,,,,PL/25292/EXP/ES/2023,,23.99,29.49,27.00
2026-08-17,,,,,PL/2529/EXP/ES/2015,,23.99,28.94,27.00
2026-08-17,,,,,PL/2528/EXP/ES/2015,,24.49,29.79,27.00
2026-08-17,,,,,PL/2527/EXP/ES/2015,,23.99,29.69,26.99
2026-08-17,,,,,PL/25264/EXP/ES/2023,,24.49,28.70,27.00
2026-08-17,,,,,PL/25262/EXP/ES/2023,,23.99,29.78,
2026-08-17,,,,,PL/25260/EXP/ES/2023,,23.79,28.49,27.00
2026-08-17,,,,,PL/2526/EXP/ES/2015,,23.99,29.69,26.99
2026-08-17,,,,,PL/25259/EXP/ES/2023,,23.99,29.34,27.35
2026-08-17,,,,,PL/25258/EXP/ES/2023,,22.99,27.49,26.68
2026-08-17,,,,,PL/25257/EXP/ES/2023,,24.49,29.68,27.00
2026-08-17,,,,,PL/25256/EXP/ES/2023,,24.00,29.55,27.00
2026-08-17,,,,,PL/25255/EXP/ES/2023,,23.99,28.79,27.00
2026-08-17,,,,,PL/25254/EXP/ES/2023,,23.43,27.45,
2026-08-17,,,,,PL/25253/EXP/ES/2023,,22.99,27.50,26.55
2026-08-17,,,,,PL/25252/EXP/ES/2023,,24.89,28.44,27.69
2026-08-17,,,,,PL/25251/EXP/ES/2023,,24.39,27.94,27.00
2026-08-17,,,,,PL/25250/EXP/ES/2023,,23.69,28.22,26.99
2026-08-17,,,,,PL/2525/EXP/ES/2015,,24.99,29.49,26.99
2026-08-17,,,,,PL/25249/EXP/ES/2023,,23.99,29.99,27.00
2026-08-17,,,,,PL/25248/EXP/ES/2023,,19.98,23.99,26.49
2026-08-17,,,,,PL/25247/EXP/ES/2023,,23.99,27.94,27.00
2026-08-17,,,,,PL/25246/EXP/ES/2023,,23.99,28.99,27.00
2026-08-17,,,,,PL/25245/EXP/ES/2023,,23.99,27.99,26.99
2026-08-17,,,,,PL/25244/EXP/ES/2023,,23.99,28.49,
2026-08-17,,,,,PL/25243/EXP/ES/2023,,20.99,25.99,
2026-08-17,,,,,PL/25241/EXP/ES/2023,,23.69,28.99,27.00
2026-08-17,,,,,PL/25240/EXP/ES/2023,,23.99,28.89,26.99
2026-08-17,,,,,PL/2524/EXP/ES/2015,,24.49,29.49,
2026-08-17,,,,,PL/25239/EXP/ES/2023,,23.99,,27.00
2026-08-17,,,,,PL/25238/EXP/ES/2023,,23.88,28.29,
2026-08-17,,,,,PL/25237/EXP/ES/2023,,24.39,27.99,27.00
2026-08-17,,,,,PL/25236/EXP/ES/2023,,23.74,27.99,
2026-08-17,,,,,PL/25235/EXP/ES/2023,,23.99,29.40,27.00
2026-08-17,,,,,PL/25234/EXP/ES/2023,,23.99,28.79,
2026-08-17,,,,,PL/25233/EXP/ES/2023,,23.59,28.79,26.99
2026-08-17,,,,,PL/25231/EXP/ES/2023,,24.30,29.90,27.90
2026-08-17,,,,,PL/25230/EXP/ES/2023,,,,27.00
2026-08-17,,,,,PL/2523/EXP/ES/2015,,23.99,28.59,26.99
2026-08-17,,,,,PL/25229/EXP/ES/2023,,23.94,28.79,27.00
2026-08-17,,,,,PL/25228/EXP/ES/2023,,24.00,29.30,27.00
2026-08-17,,,,,PL/25227/EXP/ES/2023,,23.99,27.59,27.00
2026-08-17,,,,,PL/25226/EXP/ES/2023,,23.49,28.49,27.00
2026-08-17,,,,,PL/25224/EXP/ES/2023,,23.99,29.29,
2026-08-17,,,,,PL/25223/EXP/ES/2023,,23.99,29.24,
2026-08-17,,,,,PL/25220/EXP/ES/2023,,24.24,28.30,27.00
2026-08-17,,,,,PL/2522/EXP/ES/2015,,20.99,26.90,
2026-08-17,,,,,PL/25219/EXP/ES/2023,,23.99,27.99,
2026-08-17,,,,,PL/25218/EXP/ES/2023,,23.99,29.49,26.99
2026-08-17,,,,,PL/25217/EXP/ES/2023,,23.89,28.30,27.00
2026-08-17,,,,,PL/25216/EXP/ES/2023,,23.80,28.70,26.99
2026-08-17,,,,,PL/25215/EXP/ES/2023,,23.95,27.99,27.24
2026-08-17,,,,,PL/25214/EXP/ES/2023,,23.99,27.50,27.24
2026-08-17,,,,,PL/2521/EXP/ES/2015,,20.99,26.90,
2026-08-17,,,,,PL/2520/EXP/ES/2015,,20.99,26.90,
2026-08-17,,,,,PL/2519/EXP/ES/2015,,23.60,28.90,26.99
2026-08-17,,,,,PL/25189/EXP/ES/2023,,23.29,27.89,26.99
2026-08-17,,,,,PL/25188/EXP/ES/2023,,23.99,28.85,27.00
2026-08-17,,,,,PL/25187/EXP/ES/2023,,23.98,27.98,27.00
2026-08-17,,,,,PL/25186/EXP/ES/2023,,23.49,28.19,
2026-08-17,,,,,PL/25185/EXP/ES/2023,,23.99,29.59,27.00
2026-08-17,,,,,PL/25184/EXP/ES/2023,,23.39,28.39,26.95
2026-08-17,,,,,PL/25183/EXP/ES/2023,,22.99,26.99,25.39
2026-08-17,,,,,PL/25182/EXP/ES/2023,,23.99,29.59,27.00
2026-08-17,,,,,PL/25181/EXP/ES/2023,,22.99,28.69,27.00
2026-08-17,,,,,PL/25180/EXP/ES/2023,,23.89,27.89,26.99
2026-08-17,,,,,PL/2518/EXP/ES/2015,,24.69,29.99,27.00
2026-08-17,,,,,PL/25179/EXP/ES/2023,,23.99,,
2026-08-17,,,,,PL/25178/EXP/ES/2023,,24.39,27.99,27.00
2026-08-17,,,,,PL/25177/EXP/ES/2023,,23.99,29.79,
2026-08-17,,,,,PL/25176/EXP/ES/2023,,23.99,28.99,
2026-08-17,,,,,PL/25175/EXP/ES/2023,,23.99,29.59,26.99
2026-08-17,,,,,PL/25173/EXP/ES/2023,,22.99,27.99,26.99
2026-08-17,,,,,PL/25172/EXP/ES/2023,,23.79,29.20,26.99
2026-08-17,,,,,PL/25171/EXP/ES/2023,,23.98,29.24,27.00
2026-08-17,,,,,PL/25170/EXP/ES/2023,,23.99,27.97,
2026-08-17,,,,,PL/2517/EXP/ES/2015,,23.99,29.45,27.25
2026-08-17,,,,,PL/25167/EXP/ES/2023,,23.60,28.00,26.99
2026-08-17,,,,,PL/25166/EXP/ES/2023,,24.94,28.84,27.99
2026-08-17,,,,,PL/25165/EXP/ES/2023,,23.99,28.98,
2026-08-17,,,,,PL/25164/EXP/ES/2023,,22.59,27.99,
2026-08-17,,,,,PL/25163/EXP/ES/2023,,23.99,28.07,27.49
2026-08-17,,,,,PL/25162/EXP/ES/2023,,21.29,24.79,25.39
2026-08-17,,,,,PL/25161/EXP/ES/2023,,23.47,28.41,
2026-08-17,,,,,PL/25160/EXP/ES/2023,,23.99,28.49,
2026-08-17,,,,,PL/2516/EXP/ES/2015,,18.77,,25.77
2026-08-17,,,,,PL/25159/EXP/ES/2023,,23.99,29.48,
2026-08-17,,,,,PL/25158/EXP/ES/2023,,24.29,29.99,27.29
2026-08-17,,,,,PL/25157/EXP/ES/2023,,23.99,29.99,
2026-08-17,,,,,PL/25156/EXP/ES/2023,,23.53,29.99,27.00
2026-08-17,,,,,PL/25155/EXP/ES/2023,,23.89,27.15,27.00
2026-08-17,,,,,PL/25154/EXP/ES/2023,,23.99,27.92,
2026-08-17,,,,,PL/25153/EXP/ES/2023,,24.39,27.94,27.00
2026-08-17,,,,,PL/25152/EXP/ES/2023,,23.99,29.40,27.00
2026-08-17,,,,,PL/25151/EXP/ES/2023,,23.99,28.35,27.00
2026-08-17,,,,,PL/25150/EXP/ES/2023,,23.99,29.85,27.00
2026-08-17,,,,,PL/2515/EXP/ES/2015,,23.99,29.79,26.99
2026-08-17,,,,,PL/25149/EXP/ES/2023,,23.81,28.87,26.99
2026-08-17,,,,,PL/25148/EXP/ES/2023,,23.59,28.48,26.99
2026-08-17,,,,,PL/25147/EXP/ES/2023,,23.99,29.59,27.00
2026-08-17,,,,,PL/25146/EXP/ES/2023,,19.75,24.97,
2026-08-17,,,,,PL/25145/EXP/ES/2023,,23.99,29.59,27.00
2026-08-17,,,,,PL/25144/EXP/ES/2023,,23.48,27.80,26.97
2026-08-17,,,,,PL/25143/EXP/ES/2023,,23.79,29.28,26.99
2026-08-17,,,,,PL/25131/EXP/ES/2023,,23.99,27.99,
2026-08-17,,,,,PL/25130/EXP/ES/2023,,23.59,27.99,26.99
2026-08-17,,,,,PL/2513/EXP/ES/2015,,,,26.99
2026-08-17,,,,,PL/25129/EXP/ES/2023,,22.39,26.99,
2026-08-17,,,,,PL/25128/EXP/ES/2023,,22.49,27.19,26.69
2026-08-17,,,,,PL/25127/EXP/ES/2023,,23.59,27.79,26.99
2026-08-17,,,,,PL/25125/EXP/ES/2023,,23.95,28.20,
2026-08-17,,,,,PL/25124/EXP/ES/2023,,22.99,26.99,
2026-08-17,,,,,PL/25123/EXP/ES/2023,,24.00,28.89,27.00
2026-08-17,,,,,PL/2512/EXP/ES/2015,,23.99,28.69,27.00
2026-08-17,,,,,PL/25119/EXP/ES/2023,,23.99,27.99,27.00
2026-08-17,,,,,PL/25118/EXP/ES/2023,,23.99,28.80,27.00
2026-08-17,,,,,PL/25117/EXP/ES/2023,,23.99,28.98,27.89
2026-08-17,,,,,PL/25116/EXP/ES/2023,,23.99,29.99,27.00
2026-08-17,,,,,PL/25115/EXP/ES/2023,,23.95,28.65,
2026-08-17,,,,,PL/25114/EXP/ES/2023,,23.77,29.39,26.89
2026-08-17,,,,,PL/25113/EXP/ES/2023,,22.89,28.99,26.99
2026-08-17,,,,"GASOLINERA VILLA DE GUADALUPE, S.A. DE C.V.",PL/25112/EXP/ES/2023,Carretera a Saltillo No. 1820,23.99,29.79,27.00
2026-08-17,,,,,PL/25111/EXP/ES/2023,,23.89,28.50,26.99
2026-08-17,,,,,PL/25110/EXP/ES/2023,,23.79,28.89,27.00
2026-08-17,,,,,PL/2511/EXP/ES/2015,,23.99,29.49,
2026-08-17,,,,,PL/25109/EXP/ES/2023,,21.28,24.90,25.39
2026-08-17,,,,,PL/25108/EXP/ES/2023,,23.99,29.99,27.00
2026-08-17,,,,,PL/25107/EXP/ES/2023,,21.85,28.23,25.37
2026-08-17,,,,,PL/25106/EXP/ES/2023,,24.49,29.99,26.99
2026-08-17,,,,,PL/25105/EXP/ES/2023,,24.00,29.04,27.00
2026-08-17,,,,,PL/2510/EXP/ES/2015,,24.49,29.79,27.29
2026-08-17,,,,,PL/2509/EXP/ES/2015,,23.99,29.29,26.99
2026-08-17,,,,,PL/25083/EXP/ES/2023,,24.79,29.99,27.99
2026-08-17,,,,,PL/25082/EXP/ES/2023,,23.49,27.99,
2026-08-17,,,,,PL/25081/EXP/ES/2023,,24.00,29.15,27.00
2026-08-17,,,,,PL/25080/EXP/ES/2023,,23.90,28.50,27.00
2026-08-17,,,,,PL/2508/EXP/ES/2015,,23.29,28.39,26.99
2026-08-17,,,,,PL/25079/EXP/ES/2023,,22.99,28.49,27.00
2026-08-17,,,,,PL/25078/EXP/ES/2023,,23.99,28.59,27.00
2026-08-17,,,,,PL/25077/EXP/ES/2023,,23.99,29.99,27.00
2026-08-17,,,,,PL/25076/EXP/ES/2023,,19.99,,26.99
2026-08-17,,,,,PL/25075/EXP/ES/2023,,22.97,27.97,26.99
2026-08-17,,,,,PL/25074/EXP/ES/2023,,23.90,27.99,26.99
2026-08-17,,,,,PL/25073/EXP/ES/2023,,23.37,27.59,27.00
2026-08-17,,,,,PL/25072/EXP/ES/2023,,22.99,27.49,26.59
2026-08-17,,,,,PL/25071/EXP/ES/2023,,23.67,27.99,26.99
2026-08-17,,,,,PL/25070/EXP/ES/2023,,23.99,29.44,27.00
2026-08-17,,,,,PL/2507/EXP/ES/2015,,24.19,28.99,27.19
2026-08-17,,,,,PL/25069/EXP/ES/2023,,19.99,24.99,26.99
2026-08-17,,,,,PL/25068/EXP/ES/2023,,24.60,29.80,28.50
2026-08-17,,,,,PL/25067/EXP/ES/2023,,23.68,28.18,26.91
2026-08-17,,,,,PL/25066/EXP/ES/2023,,23.99,28.49,26.99
2026-08-17,,,,,PL/25065/EXP/ES/2023,,25.39,28.99,28.29
2026-08-17,,,,,PL/25064/EXP/ES/2023,,25.39,28.99,28.29
2026-08-17,,,,,PL/25062/EXP/ES/2023,,23.72,27.74,27.00
2026-08-17,,,,,PL/25061/EXP/ES/2023,,24.00,28.25,27.00
2026-08-17,,,,,PL/25060/EXP/ES/2023,,23.99,28.98,
2026-08-17,,,,,PL/2506/EXP/ES/2015,,23.99,28.19,27.29
2026-08-17,,,,,PL/25059/EXP/ES/2023,,23.99,28.68,
2026-08-17,,,,,PL/25058/EXP/ES/2023,,22.98,28.50,
2026-08-17,,,,,PL/25057/EXP/ES/2023,,23.99,29.45,27.00
2026-08-17,,,,,PL/25055/EXP/ES/2023,,23.99,29.44,27.84
2026-08-17,,,,,PL/25054/EXP/ES/2023,,24.00,28.30,27.00
2026-08-17,,,,,PL/25053/EXP/ES/2023,,23.99,28.90,27.00
2026-08-17,,,,,PL/25052/EXP/ES/2023,,23.89,28.39,27.00
2026-08-17,,,,,PL/25051/EXP/ES/2023,,23.99,27.39,26.99
2026-08-17,,,,"SERVICIOS Y COMBUSTIBLES TCHAIKOVSKY, S.A. DE C.V.",PL/25050/EXP/ES/2023,AVENIDA PIOTR CHAIKOVSKI 594,23.89,28.49,
2026-08-17,,,,,PL/2505/EXP/ES/2015,,23.99,28.60,
2026-08-17,,,,,PL/25049/EXP/ES/2023,,23.49,28.69,26.99
2026-08-17,,,,,PL/25048/EXP/ES/2023,,23.99,27.59,27.00
2026-08-17,,,,,PL/25047/EXP/ES/2023,,22.95,26.95,27.00
2026-08-17,,,,,PL/25046/EXP/ES/2023,,23.99,28.48,26.99
2026-08-17,,,,,PL/25045/EXP/ES/2023,,23.99,28.55,27.00
2026-08-17,,,,,PL/25044/EXP/ES/2023,,25.39,28.99,28.29
2026-08-17,,,,,PL/25043/EXP/ES/2023,,23.99,28.95,27.79
2026-08-17,,,,,PL/25040/EXP/ES/2023,,23.97,28.37,26.99
2026-08-17,,,,,PL/2504/EXP/ES/2015,,23.99,29.97,
2026-08-17,,,,,PL/25039/EXP/ES/2023,,23.99,28.90,27.00
2026-08-17,,,,,PL/25038/EXP/ES/2023,,23.99,27.99,26.99
2026-08-17,,,,,PL/25037/EXP/ES/2023,,23.99,28.19,27.00
2026-08-17,,,,,PL/25035/EXP/ES/2023,,24.09,28.59,27.99
2026-08-17,,,,,PL/25034/EXP/ES/2023,,23.99,29.39,27.00
2026-08-17,,,,,PL/2503/EXP/ES/2015,,24.49,29.49,
2026-08-17,,,,,PL/25022/EXP/ES/2023,,23.99,29.35,
2026-08-17,,,,,PL/25021/EXP/ES/2023,,19.98,24.49,26.39
2026-08-17,,,,,PL/25020/EXP/ES/2023,,23.49,27.59,26.90
2026-08-17,,,,,PL/2502/EXP/ES/2015,,24.49,29.49,
2026-08-17,,,,,PL/25019/EXP/ES/2023,,24.00,29.00,27.00
2026-08-17,,,,,PL/25018/EXP/ES/2023,,22.98,27.99,26.99
2026-08-17,,,,,PL/2501/EXP/ES/2015,,23.99,29.49,
2026-08-17,,,,,PL/25000/EXP/ES/2023,,23.49,27.49,27.00
2026-08-17,,,,,PL/2500/EXP/ES/2015,,22.90,27.45,26.90
2026-08-17,,,,,PL/24998/EXP/ES/2023,,23.99,28.49,27.00
2026-08-17,,,,,PL/24997/EXP/ES/2023,,24.89,28.44,27.70
2026-08-17,,,,,PL/24996/EXP/ES/2023,,24.29,29.24,27.90
2026-08-17,,,,,PL/24995/EXP/ES/2023,,23.99,28.39,27.00
2026-08-17,,,,,PL/24994/EXP/ES/2023,,24.49,29.99,27.00
2026-08-17,,,,,PL/24993/EXP/ES/2023,,23.99,28.99,27.00
2026-08-17,,,,,PL/24992/EXP/ES/2023,,23.75,27.92,27.00
2026-08-17,,,,,PL/24991/EXP/ES/2023,,24.00,29.95,27.00
2026-08-17,,,,,PL/24990/EXP/ES/2023,,24.39,27.99,27.00
2026-08-17,,,,,PL/24989/EXP/ES/2023,,23.60,28.58,27.00
2026-08-17,,,,,PL/24988/EXP/ES/2023,,23.78,27.80,27.00
2026-08-17,,,,,PL/24987/EXP/ES/2023,,22.49,28.49,
2026-08-17,,,,,PL/24986/EXP/ES/2023,,23.74,,26.99
2026-08-17,,,,,PL/24985/EXP/ES/2023,,21.99,27.99,26.99
2026-08-17,,,,,PL/24984/EXP/ES/2023,,22.99,26.85,
2026-08-17,,,,,PL/24983/EXP/ES/2023,,23.85,28.45,
2026-08-17,,,,,PL/24982/EXP/ES/2023,,23.99,28.20,
2026-08-17,,,,,PL/24981/EXP/ES/2023,,24.00,29.40,28.10
2026-08-17,,,,,PL/24980/EXP/ES/2023,,23.99,28.16,
2026-08-17,,,,,PL/2498/EXP/ES/2015,,20.99,26.90,
2026-08-17,,,,,PL/24979/EXP/ES/2023,,23.99,28.96,
2026-08-17,,,,,PL/24978/EXP/ES/2023,,23.99,29.99,27.00
2026-08-17,,,,,PL/24977/EXP/ES/2023,,23.19,27.99,
2026-08-17,,,,,PL/24976/EXP/ES/2023,,23.99,28.99,
2026-08-17,,,,,PL/24975/EXP/ES/2023,,23.99,26.60,26.79
2026-08-17,,,,,PL/24974/EXP/ES/2023,,23.89,28.69,26.99
2026-08-17,,,,,PL/24973/EXP/ES/2023,,22.90,27.45,26.90
2026-08-17,,,,,PL/24972/EXP/ES/2023,,23.50,29.49,27.00
2026-08-17,,,,,PL/24971/EXP/ES/2023,,23.99,28.99,27.55
2026-08-17,,,,,PL/24970/EXP/ES/2023,,23.99,28.79,26.99
2026-08-17,,,,,PL/2497/EXP/ES/2015,,24.99,29.49,
2026-08-17,,,,,PL/24969/EXP/ES/2023,,23.99,29.68,27.00
2026-08-17,,,,,PL/24968/EXP/ES/2023,,23.99,28.99,27.99
2026-08-17,,,,,PL/24967/EXP/ES/2023,,23.85,28.10,26.98
2026-08-17,,,,,PL/24966/EXP/ES/2023,,23.99,28.64,27.00
2026-08-17,,,,,PL/24965/EXP/ES/2023,,23.99,28.69,27.00
2026-08-17,,,,,PL/24964/EXP/ES/2023,,23.99,28.50,27.00
2026-08-17,,,,,PL/24963/EXP/ES/2023,,23.79,25.09,25.59
2026-08-17,,,,,PL/24962/EXP/ES/2023,,23.89,28.29,26.99
2026-08-17,,,,,PL/24961/EXP/ES/2023,,23.49,27.99,27.00
2026-08-17,,,,,PL/24960/EXP/ES/2023,,23.55,28.25,26.93
2026-08-17,,,,,PL/2496/EXP/ES/2015,,24.99,29.49,
2026-08-17,,,,,PL/24958/EXP/ES/2023,,24.79,28.99,29.54
2026-08-17,,,,,PL/24957/EXP/ES/2023,,23.45,24.99,
2026-08-17,,,,,PL/24956/EXP/ES/2023,,23.99,28.29,26.99
2026-08-17,,,,,PL/24955/EXP/ES/2023,,21.89,26.99,25.30
2026-08-17,,,,,PL/24954/EXP/ES/2023,,23.50,27.99,26.79
2026-08-17,,,,,PL/24953/EXP/ES/2023,,24.39,28.59,27.00
2026-08-17,,,,,PL/24951/EXP/ES/2023,,23.98,29.98,27.54
2026-08-17,,,,,PL/24950/EXP/ES/2023,,20.49,23.99,26.99
2026-08-17,,,,,PL/2495/EXP/ES/2015,,23.99,29.49,
2026-08-17,,,,,PL/24949/EXP/ES/2023,,24.00,28.52,27.00
2026-08-17,,,,,PL/24948/EXP/ES/2023,,25.39,28.99,28.29
2026-08-17,,,,,PL/24947/EXP/ES/2023,,23.99,28.69,
2026-08-17,,,,,PL/24946/EXP/ES/2023,,23.84,27.99,
2026-08-17,,,,,PL/24945/EXP/ES/2023,,23.89,27.71,
2026-08-17,,,,,PL/24944/EXP/ES/2023,,23.89,28.99,26.99
2026-08-17,,,,,PL/24943/EXP/ES/2023,,24.00,29.35,27.00
2026-08-17,,,,,PL/24942/EXP/ES/2023,,23.99,29.99,27.00
2026-08-17,,,,,PL/24941/EXP/ES/2023,,23.99,28.99,27.00
2026-08-17,,,,,PL/24940/EXP/ES/2023,,23.99,28.09,27.00
2026-08-17,,,,,PL/2494/EXP/ES/2015,,23.19,28.29,27.00
2026-08-17,,,,,PL/24939/EXP/ES/2023,,23.99,27.54,27.00
2026-08-17,,,,,PL/24938/EXP/ES/2023,,19.39,23.69,25.39
2026-08-17,,,,,PL/2493/EXP/ES/2015,,22.99,27.99,
2026-08-17,,,,,PL/24925/EXP/ES/2023,,23.99,29.79,27.00
2026-08-17,,,,,PL/24924/EXP/ES/2023,,23.98,30.67,27.97
2026-08-17,,,,,PL/24923/EXP/ES/2023,,23.99,28.19,27.24
2026-08-17,,,,,PL/24922/EXP/ES/2023,,24.19,28.99,27.00
2026-08-17,,,,,PL/24920/EXP/ES/2023,,23.99,29.59,27.00
2026-08-17,,,,,PL/2492/EXP/ES/2015,,22.89,27.99,26.99
2026-08-17,,,,,PL/24919/EXP/ES/2023,,23.99,28.50,27.00
2026-08-17,,,,,PL/24918/EXP/ES/2023,,22.89,27.39,26.99
2026-08-17,,,,,PL/24917/EXP/ES/2023,,23.97,28.27,27.00
2026-08-17,,,,,PL/24912/EXP/ES/2023,,23.80,,26.00
2026-08-17,,,,,PL/24911/EXP/ES/2023,,23.99,29.99,27.00
2026-08-17,,,,,PL/24910/EXP/ES/2023,,23.35,27.60,26.99
2026-08-17,,,,,PL/2491/EXP/ES/2015,,22.89,27.99,
2026-08-17,,,,,PL/24908/EXP/ES/2023,,23.99,28.39,27.00
2026-08-17,,,,,PL/24907/EXP/ES/2023,,23.99,28.70,27.00
2026-08-17,,,,,PL/24906/EXP/ES/2023,,23.99,28.99,26.99
2026-08-17,,,,,PL/24905/EXP/ES/2023,,23.37,27.97,
2026-08-17,,,,,PL/24904/EXP/ES/2023,,23.89,28.99,26.99
2026-08-17,,,,,PL/24903/EXP/ES/2023,,19.59,25.39,
2026-08-17,,,,,PL/24902/EXP/ES/2023,,23.69,27.49,27.00
2026-08-17,,,,,PL/24901/EXP/ES/2023,,24.49,29.79,27.00
2026-08-17,,,,,PL/24900/EXP/ES/2023,,22.99,27.99,26.99
2026-08-17,,,,,PL/2490/EXP/ES/2015,,23.99,28.69,27.00
2026-08-17,,,,,PL/24899/EXP/ES/2023,,23.99,28.90,27.00
2026-08-17,,,,,PL/24898/EXP/ES/2023,,23.99,29.99,27.00
2026-08-17,,,,,PL/24897/EXP/ES/2023,,23.99,28.69,27.00
2026-08-17,,,,,PL/24896/EXP/ES/2023,,23.95,28.45,27.00
2026-08-17,,,,,PL/24895/EXP/ES/2023,,24.37,29.44,26.98
2026-08-17,,,,,PL/24894/EXP/ES/2023,,23.99,,27.00
2026-08-17,,,,,PL/24893/EXP/ES/2023,,23.99,29.99,27.00
2026-08-17,,,,,PL/24892/EXP/ES/2023,,23.99,29.00,27.60
2026-08-17,,,,,PL/24891/EXP/ES/2023,,23.99,28.19,27.24
2026-08-17,,,,,PL/24890/EXP/ES/2023,,23.99,28.36,26.99
2026-08-17,,,,,PL/2489/EXP/ES/2015,,22.99,27.99,
2026-08-17,,,,,PL/24889/EXP/ES/2023,,25.39,28.99,28.29
2026-08-17,,,,,PL/24888/EXP/ES/2023,,25.39,28.97,28.29
2026-08-17,,,,,PL/24886/EXP/ES/2023,,23.49,27.99,27.00
2026-08-17,,,,,PL/24885/EXP/ES/2023,,23.49,27.99,27.19
2026-08-17,,,,,PL/24884/EXP/ES/2023,,23.99,29.29,26.99
2026-08-17,,,,,PL/24883/EXP/ES/2023,,23.80,27.89,
2026-08-17,,,,,PL/24882/EXP/ES/2023,,23.59,27.79,26.99
2026-08-17,,,,,PL/24881/EXP/ES/2023,,24.39,27.99,
2026-08-17,,,,,PL/24880/EXP/ES/2023,,23.99,27.64,27.00
2026-08-17,,,,,PL/2488/EXP/ES/2015,,23.99,28.29,27.00
2026-08-17,,,,,PL/24879/EXP/ES/2023,,23.37,27.97,
2026-08-17,,,,,PL/24878/EXP/ES/2023,,23.49,28.99,26.89
2026-08-17,,,,,PL/24877/EXP/ES/2023,,25.39,28.99,28.29
2026-08-17,,,,,PL/24876/EXP/ES/2023,,23.99,28.29,27.00
2026-08-17,,,,,PL/2487/EXP/ES/2015,,23.99,28.29,27.24
2026-08-17,,,,,PL/24862/EXP/ES/2023,,24.39,27.99,27.00
2026-08-17,,,,,PL/24860/EXP/ES/2023,,23.99,28.59,27.49
2026-08-17,,,,,PL/2486/EXP/ES/2015,,23.99,29.90,
2026-08-17,,,,,PL/24859/EXP/ES/2023,,23.89,28.55,27.00
2026-08-17,,,,,PL/24858/EXP/ES/2023,,25.39,28.99,28.29
2026-08-17,,,,,PL/24857/EXP/ES/2023,,24.39,27.94,
2026-08-17,,,,,PL/24856/EXP/ES/2023,,23.99,29.29,27.49
2026-08-17,,,,,PL/24855/EXP/ES/2023,,23.75,27.99,26.99
2026-08-17,,,,,PL/24854/EXP/ES/2023,,23.93,28.93,26.93
2026-08-17,,,,,PL/24853/EXP/ES/2023,,25.39,28.99,28.29
2026-08-17,,,,,PL/24852/EXP/ES/2023,,23.99,29.19,27.17
2026-08-17,,,,,PL/24851/EXP/ES/2023,,23.99,28.50,27.00
2026-08-17,,,,,PL/24850/EXP/ES/2023,,20.75,,26.99
2026-08-17,,,,,PL/2485/EXP/ES/2015,,20.99,26.90,27.00
2026-08-17,,,,,PL/24848/EXP/ES/2023,,23.97,28.47,26.99
2026-08-17,,,,,PL/24847/EXP/ES/2023,,23.90,27.39,27.00
2026-08-17,,,,,PL/24846/EXP/ES/2023,,23.99,28.94,27.59
2026-08-17,,,,,PL/24844/EXP/ES/2023,,23.99,29.75,27.99
2026-08-17,,,,,PL/24843/EXP/ES/2023,,23.99,28.09,
2026-08-17,,,,,PL/2484/EXP/ES/2015,,23.99,29.58,
2026-08-17,,,,,PL/2483/EXP/ES/2015,,23.99,29.59,
2026-08-17,,,,,PL/24829/EXP/ES/2023,,23.49,27.99,26.99
2026-08-17,,,,,PL/24828/EXP/ES/2023,,24.00,28.49,27.00
2026-08-17,,,,,PL/24827/EXP/ES/2023,,23.99,26.99,26.99
2026-08-17,,,,,PL/24826/EXP/ES/2023,,23.89,28.39,27.00
2026-08-17,,,,,PL/24825/EXP/ES/2023,,22.94,26.67,26.97
2026-08-17,,,,,PL/24824/EXP/ES/2023,,23.99,28.79,27.00
2026-08-17,,,,,PL/24823/EXP/ES/2023,,23.99,29.49,27.00
2026-08-17,,,,,PL/24822/EXP/ES/2023,,24.00,29.45,27.00
2026-08-17,,,,,PL/24821/EXP/ES/2023,,23.99,28.19,27.24
2026-08-17,,,,,PL/24820/EXP/ES/2023,,23.99,28.63,27.00
2026-08-17,,,,,PL/2482/EXP/ES/2015,,23.99,28.79,26.99
2026-08-17,,,,,PL/24819/EXP/ES/2023,,23.99,28.90,27.00
2026-08-17,,,,,PL/24818/EXP/ES/2023,,23.85,28.45,26.99
2026-08-17,,,,,PL/24817/EXP/ES/2023,,24.49,29.79,27.00
2026-08-17,,,,,PL/24816/EXP/ES/2023,,23.88,28.43,26.49
2026-08-17,,,,,PL/24815/EXP/ES/2023,,23.95,28.95,26.99
2026-08-17,,,,,PL/24814/EXP/ES/2023,,23.90,29.40,27.00
2026-08-17,,,,,PL/24813/EXP/ES/2023,,23.99,29.29,27.00
2026-08-17,,,,,PL/2481/EXP/ES/2015,,23.99,29.39,27.00
2026-08-17,,,,,PL/2480/EXP/ES/2015,,23.74,27.99,26.99
2026-08-17,,,,,PL/24793/EXP/ES/2022,,24.49,,27.89
2026-08-17,,,,,PL/24792/EXP/ES/2022,,23.99,29.19,27.00
2026-08-17,,,,,PL/24791/EXP/ES/2022,,23.99,28.48,
2026-08-17,,,,,PL/24790/EXP/ES/2022,,23.89,28.10,27.00
2026-08-17,,,,,PL/24789/EXP/ES/2022,,23.99,28.83,27.27
2026-08-17,,,,,PL/24788/EXP/ES/2022,,23.35,27.75,26.99
2026-08-17,,,,,PL/24787/EXP/ES/2022,,23.99,28.99,27.00
2026-08-17,,,,,PL/24786/EXP/ES/2022,,25.37,28.98,28.29
2026-08-17,,,,,PL/24782/EXP/ES/2022,,23.98,29.35,27.00
2026-08-17,,,,,PL/24780/EXP/ES/2022,,25.39,28.99,28.29
2026-08-17,,,,,PL/2478/EXP/ES/2015,,23.79,27.19,
2026-08-17,,,,,PL/24779/EXP/ES/2022,,24.69,29.99,28.69
2026-08-17,,,,,PL/24778/EXP/ES/2022,,24.00,28.15,27.25
2026-08-17,,,,,PL/24777/EXP/ES/2022,,24.89,29.89,26.99
2026-08-17,,,,,PL/24775/EXP/ES/2022,,23.99,28.28,27.00
2026-08-17,,,,,PL/24774/EXP/ES/2022,,23.99,28.69,27.00
2026-08-17,,,,,PL/24773/EXP/ES/2022,,23.99,29.59,27.00
2026-08-17,,,,,PL/24772/EXP/ES/2022,,24.39,28.79,27.49
2026-08-17,,,,,PL/24771/EXP/ES/2022,,23.99,28.79,27.79
2026-08-17,,,,,PL/24770/EXP/ES/2022,,24.00,28.85,27.25
2026-08-17,,,,,PL/2477/EXP/ES/2015,,23.99,29.98,
2026-08-17,,,,,PL/24768/EXP/ES/2022,,23.69,28.99,
2026-08-17,,,,,PL/24767/EXP/ES/2022,,21.29,24.79,25.39
2026-08-17,,,,,PL/24765/EXP/ES/2022,,23.99,27.99,27.00
2026-08-17,,,,,PL/24763/EXP/ES/2022,,24.29,28.09,27.00
2026-08-17,,,,,PL/24762/EXP/ES/2022,,23.69,28.37,26.99
2026-08-17,,,,,PL/24761/EXP/ES/2022,,23.79,27.99,26.99
2026-08-17,,,,,PL/24760/EXP/ES/2022,,22.99,27.49,26.99
2026-08-17,,,,,PL/2476/EXP/ES/2015,,23.99,29.39,27.00
2026-08-17,,,,,PL/24759/EXP/ES/2022,,23.99,28.99,27.00
2026-08-17,,,,,PL/24758/EXP/ES/2022,,23.99,28.64,27.00
2026-08-17,,,,,PL/24757/EXP/ES/2022,,23.49,28.37,
2026-08-17,,,,,PL/24756/EXP/ES/2022,,23.79,28.45,27.99
2026-08-17,,,,,PL/24755/EXP/ES/2022,,20.99,24.10,26.97
2026-08-17,,,,,PL/24754/EXP/ES/2022,,23.19,28.19,27.00
2026-08-17,,,,,PL/24753/EXP/ES/2022,,21.50,26.90,27.00
2026-08-17,,,,,PL/24752/EXP/ES/2022,,24.39,28.04,27.00
2026-08-17,,,,,PL/24751/EXP/ES/2022,,23.50,28.60,26.90
2026-08-17,,,,,PL/24750/EXP/ES/2022,,22.89,27.89,27.00
2026-08-17,,,,,PL/2475/EXP/ES/2015,,23.29,28.09,
2026-08-17,,,,,PL/24749/EXP/ES/2022,,23.99,28.89,26.99
2026-08-17,,,,,PL/24748/EXP/ES/2022,,24.00,28.49,27.00
2026-08-17,,,,,PL/24746/EXP/ES/2022,,23.89,28.10,27.00
2026-08-17,,,,,PL/24744/EXP/ES/2022,,23.99,28.99,
2026-08-17,,,,,PL/24743/EXP/ES/2022,,23.99,28.99,27.00
2026-08-17,,,,,PL/24742/EXP/ES/2022,,24.29,28.59,27.00
2026-08-17,,,,,PL/24741/EXP/ES/2022,,23.70,28.00,26.99
2026-08-17,,,,,PL/24740/EXP/ES/2022,,24.00,30.99,28.00
2026-08-17,,,,,PL/2474/EXP/ES/2015,,23.99,29.59,
2026-08-17,,,,,PL/24739/EXP/ES/2022,,23.89,28.38,27.00
2026-08-17,,,,,PL/24738/EXP/ES/2022,,24.59,29.99,26.99
2026-08-17,,,,,PL/24737/EXP/ES/2022,,22.19,27.09,25.39
2026-08-17,,,,,PL/24736/EXP/ES/2022,,23.09,28.39,27.00
2026-08-17,,,,,PL/24735/EXP/ES/2022,,24.19,29.69,27.69
2026-08-17,,,,,PL/24734/EXP/ES/2022,,24.89,28.58,27.70
2026-08-17,,,,,PL/24733/EXP/ES/2022,,23.98,29.29,26.99
2026-08-17,,,,,PL/24732/EXP/ES/2022,,23.89,28.79,27.00
2026-08-17,,,,,PL/2473/EXP/ES/2015,,23.99,28.99,27.00
2026-08-17,,,,,PL/2472/EXP/ES/2015,,23.99,28.49,27.00
2026-08-17,,,,,PL/2471/EXP/ES/2015,,24.49,29.49,
2026-08-17,,,,,PL/2470/EXP/ES/2015,,23.80,27.69,
2026-08-17,,,,,PL/24696/EXP/ES/2022,,23.99,29.50,26.99
2026-08-17,,,,,PL/24695/EXP/ES/2022,,22.99,27.99,26.99
2026-08-17,,,,,PL/24694/EXP/ES/2022,,22.95,27.99,26.99
2026-08-17,,,,,PL/24693/EXP/ES/2022,,24.19,28.89,27.00
2026-08-17,,,,,PL/24692/EXP/ES/2022,,23.99,28.59,
2026-08-17,,,,,PL/24690/EXP/ES/2022,,23.79,28.37,26.99
2026-08-17,,,,,PL/2469/EXP/ES/2015,,23.99,27.99,26.99
2026-08-17,,,,,PL/24689/EXP/ES/2022,,22.59,27.99,26.99
2026-08-17,,,,,PL/24688/EXP/ES/2022,,23.49,28.89,26.99
2026-08-17,,,,,PL/24687/EXP/ES/2022,,23.99,29.99,27.00
2026-08-17,,,,,PL/24686/EXP/ES/2022,,23.89,28.59,27.00
2026-08-17,,,,,PL/24685/EXP/ES/2022,,23.99,29.69,
2026-08-17,,,,,PL/24684/EXP/ES/2022,,23.75,28.89,27.00
2026-08-17,,,,,PL/24683/EXP/ES/2022,,23.99,28.70,27.00
2026-08-17,,,,,PL/24682/EXP/ES/2022,,24.49,28.59,27.00
2026-08-17,,,,,PL/24681/EXP/ES/2022,,22.99,27.65,26.99
2026-08-17,,,,,PL/24680/EXP/ES/2022,,23.89,28.59,27.00
2026-08-17,,,,,PL/2468/EXP/ES/2015,,23.99,28.99,27.00
2026-08-17,,,,,PL/2467/EXP/ES/2015,,20.99,26.90,
2026-08-17,,,,,PL/24664/EXP/ES/2022,,23.99,28.99,26.99
2026-08-17,,,,,PL/24663/EXP/ES/2022,,25.39,28.99,28.29
2026-08-17,,,,,PL/24662/EXP/ES/2022,,23.99,28.69,27.00
2026-08-17,,,,,PL/24661/EXP/ES/2022,,23.48,27.88,27.00
2026-08-17,,,,,PL/24660/EXP/ES/2022,,23.48,27.88,27.00
2026-08-17,,,,,PL/2466/EXP/ES/2015,,23.99,28.19,27.00
2026-08-17,,,,,PL/24659/EXP/ES/2022,,23.99,29.69,
2026-08-17,,,,,PL/24658/EXP/ES/2022,,23.28,29.48,26.95
2026-08-17,,,,,PL/24657/EXP/ES/2022,,23.75,27.95,26.68
2026-08-17,,,,,PL/24656/EXP/ES/2022,,23.99,27.99,26.99
2026-08-17,,,,,PL/24655/EXP/ES/2022,,23.99,27.99,26.99
2026-08-17,,,,,PL/24654/EXP/ES/2022,,23.99,29.87,
2026-08-17,,,,,PL/24653/EXP/ES/2022,,23.59,28.09,26.95
2026-08-17,,,,,PL/24652/EXP/ES/2022,,25.39,28.99,28.29
2026-08-17,,,,,PL/24651/EXP/ES/2022,,20.99,24.79,
2026-08-17,,,,,PL/24650/EXP/ES/2022,,23.99,28.58,27.00
2026-08-17,,,,,PL/2465/EXP/ES/2015,,24.69,29.99,27.00
2026-08-17,,,,,PL/24649/EXP/ES/2022,,23.90,27.50,26.95
2026-08-17,,,,,PL/24648/EXP/ES/2022,,23.19,27.29,26.89
2026-08-17,,,,,PL/24647/EXP/ES/2022,,23.99,29.99,26.99
2026-08-17,,,,,PL/24646/EXP/ES/2022,,23.99,28.66,
2026-08-17,,,,,PL/24645/EXP/ES/2022,,23.99,29.29,26.99
2026-08-17,,,,,PL/24643/EXP/ES/2022,,24.00,,27.90
2026-08-17,,,,,PL/24642/EXP/ES/2022,,23.59,27.15,26.85
2026-08-17,,,,,PL/24641/EXP/ES/2022,,23.99,28.45,27.00
2026-08-17,,,,,PL/2464/EXP/ES/2015,,24.49,29.99,27.00
2026-08-17,,,,,PL/2463/EXP/ES/2015,,23.65,27.70,
2026-08-17,,,,,PL/24620/EXP/ES/2022,,23.51,28.51,
2026-08-17,,,,,PL/2462/EXP/ES/2015,,23.69,27.69,
2026-08-17,,,,,PL/24619/EXP/ES/2022,,24.00,29.30,27.00
2026-08-17,,,,,PL/24618/EXP/ES/2022,,25.39,28.99,28.29
2026-08-17,,,,,PL/24617/EXP/ES/2022,,25.39,28.99,28.29
2026-08-17,,,,,PL/24616/EXP/ES/2022,,24.00,29.49,27.00
2026-08-17,,,,,PL/24614/EXP/ES/2022,,,27.88,27.00
2026-08-17,,,,,PL/24613/EXP/ES/2022,,23.99,29.69,27.00
2026-08-17,,,,,PL/24612/EXP/ES/2022,,23.76,28.76,26.99
2026-08-17,,,,,PL/24610/EXP/ES/2022,,24.00,29.30,27.00
2026-08-17,,,,,PL/2461/EXP/ES/2015,,23.99,29.09,27.39
2026-08-17,,,,,PL/24608/EXP/ES/2022,,23.99,29.29,27.19
2026-08-17,,,,,PL/24607/EXP/ES/2022,,23.99,27.79,27.00
2026-08-17,,,,,PL/24606/EXP/ES/2022,,19.99,24.49,26.99
2026-08-17,,,,,PL/24605/EXP/ES/2022,,23.99,29.99,27.00
2026-08-17,,,,,PL/24603/EXP/ES/2022,,23.19,28.49,26.49
2026-08-17,,,,,PL/24602/EXP/ES/2022,,21.19,24.90,24.99
2026-08-17,,,,,PL/24601/EXP/ES/2022,,23.99,29.39,27.00
2026-08-17,,,,,PL/24600/EXP/ES/2022,,23.99,28.69,27.00
2026-08-17,,,,,PL/2460/EXP/ES/2015,,23.99,28.15,27.00
2026-08-17,,,,,PL/24599/EXP/ES/2022,,24.00,28.55,27.00
2026-08-17,,,,,PL/24598/EXP/ES/2022,,23.99,29.99,27.00
2026-08-17,,,,,PL/24597/EXP/ES/2022,,23.99,28.69,27.00
2026-08-17,,,,,PL/24596/EXP/ES/2022,,23.99,28.49,27.00
2026-08-17,,,,,PL/24595/EXP/ES/2022,,23.99,28.75,27.00
2026-08-17,,,,,PL/24594/EXP/ES/2022,,23.69,29.37,26.99
2026-08-17,,,,,PL/24593/EXP/ES/2022,,25.39,28.98,28.29
2026-08-17,,,,,PL/24592/EXP/ES/2022,,25.39,28.98,28.28
2026-08-17,,,,,PL/24591/EXP/ES/2022,,24.00,28.49,27.00
2026-08-17,,,,,PL/24590/EXP/ES/2022,,23.70,28.50,26.99
2026-08-17,,,,,PL/24589/EXP/ES/2022,,23.99,29.39,26.99
2026-08-17,,,,,PL/24588/EXP/ES/2022,,23.99,28.99,27.00
2026-08-17,,,,,PL/24587/EXP/ES/2022,,25.39,28.98,28.29
2026-08-17,,,,,PL/24586/EXP/ES/2022,,23.89,28.99,27.00
2026-08-17,,,,,PL/24585/EXP/ES/2022,,23.99,27.99,26.99
2026-08-17,,,,,PL/24584/EXP/ES/2022,,23.99,30.85,27.95
2026-08-17,,,,,PL/24583/EXP/ES/2022,,23.45,27.80,26.40
2026-08-17,,,,,PL/24582/EXP/ES/2022,,23.99,28.99,26.99
2026-08-17,,,,,PL/24581/EXP/ES/2022,,23.99,29.99,27.00
2026-08-17,,,,,PL/24580/EXP/ES/2022,,23.49,27.66,27.00
2026-08-17,,,,,PL/2458/EXP/ES/2015,,22.69,27.69,
2026-08-17,,,,,PL/24579/EXP/ES/2022,,25.64,28.84,30.09
2026-08-17,,,,,PL/24578/EXP/ES/2022,,24.00,28.55,27.00
2026-08-17,,,,,PL/2457/EXP/ES/2015,,22.99,27.69,
2026-08-17,,,,,PL/2456/EXP/ES/2015,,23.49,27.99,26.99
2026-08-17,,,,,PL/24559/EXP/ES/2022,,25.39,28.98,28.29
2026-08-17,,,,,PL/24558/EXP/ES/2022,,23.99,,27.00
2026-08-17,,,,,PL/24557/EXP/ES/2022,,25.38,28.98,28.29
2026-08-17,,,,,PL/24556/EXP/ES/2022,,23.99,28.79,27.00
2026-08-17,,,,,PL/24555/EXP/ES/2022,,23.99,28.69,27.00
2026-08-17,,,,,PL/24554/EXP/ES/2022,,21.29,,25.39
2026-08-17,,,,,PL/24552/EXP/ES/2022,,23.49,27.80,
2026-08-17,,,,,PL/24551/EXP/ES/2022,,24.29,28.09,
2026-08-17,,,,,PL/24550/EXP/ES/2022,,23.89,27.71,26.99
2026-08-17,,,,,PL/2455/EXP/ES/2015,,23.99,28.99,27.00
2026-08-17,,,,,PL/24549/EXP/ES/2022,,23.99,29.49,27.00
2026-08-17,,,,,PL/24548/EXP/ES/2022,,23.89,27.99,26.99
2026-08-17,,,,,PL/24546/EXP/ES/2022,,23.99,28.99,26.99
2026-08-17,,,,,PL/24545/EXP/ES/2022,,24.00,28.79,27.65
2026-08-17,,,,,PL/24544/EXP/ES/2022,,22.99,26.99,
2026-08-17,,,,,PL/24543/EXP/ES/2022,,23.55,28.10,26.99
2026-08-17,,,,,PL/24542/EXP/ES/2022,,24.00,29.69,27.24
2026-08-17,,,,,PL/2454/EXP/ES/2015,,23.99,29.49,
2026-08-17,,,,,PL/2453/EXP/ES/2015,,24.00,29.49,27.00
2026-08-17,,,,,PL/2452/EXP/ES/2015,,23.99,29.00,28.10
2026-08-17,,,,,PL/24511/EXP/ES/2022,,23.99,29.99,27.00
2026-08-17,,,,,PL/24510/EXP/ES/2022,,23.99,29.59,27.00
2026-08-17,,,,,PL/2451/EXP/ES/2015,,24.00,28.99,27.00
2026-08-17,,,,,PL/24508/EXP/ES/2022,,22.99,27.84,
2026-08-17,,,,,PL/24507/EXP/ES/2022,,21.14,23.99,25.40
2026-08-17,,,,,PL/24506/EXP/ES/2022,,20.99,26.90,27.00
2026-08-17,,,,,PL/24505/EXP/ES/2022,,23.59,27.39,26.99
2026-08-17,,,,,PL/24504/EXP/ES/2022,,25.39,28.98,28.27
2026-08-17,,,,,PL/24503/EXP/ES/2022,,25.39,28.99,28.29
2026-08-17,,,,,PL/24502/EXP/ES/2022,,24.19,28.49,27.00
2026-08-17,,,,,PL/24501/EXP/ES/2022,,24.49,29.99,26.99
2026-08-17,,,,,PL/24500/EXP/ES/2022,,23.99,28.69,
2026-08-17,,,,,PL/2450/EXP/ES/2015,,23.89,,27.00
2026-08-17,,,,,PL/24499/EXP/ES/2022,,23.99,28.69,26.99
2026-08-17,,,,,PL/24498/EXP/ES/2022,,23.49,27.99,26.99
2026-08-17,,,,,PL/24497/EXP/ES/2022,,23.99,28.99,26.99
2026-08-17,,,,,PL/24496/EXP/ES/2022,,19.39,25.49,25.39
2026-08-17,,,,,PL/24495/EXP/ES/2022,,23.99,29.49,27.99
2026-08-17,,,,,PL/24494/EXP/ES/2022,,23.99,28.49,27.85
2026-08-17,,,,,PL/24493/EXP/ES/2022,,23.30,27.34,
2026-08-17,,,,,PL/24492/EXP/ES/2022,,23.77,27.99,26.77
2026-08-17,,,,,PL/24491/EXP/ES/2022,,23.99,30.50,27.00
2026-08-17,,,,,PL/24490/EXP/ES/2022,,23.48,27.88,27.00
2026-08-17,,,,,PL/2449/EXP/ES/2015,,24.00,29.49,27.00
2026-08-17,,,,,PL/24489/EXP/ES/2022,,24.39,27.94,27.00
2026-08-17,,,,,PL/24487/EXP/ES/2022,,23.99,28.50,27.00
2026-08-17,,,,,PL/24486/EXP/ES/2022,,24.00,29.47,27.00
2026-08-17,,,,,PL/24485/EXP/ES/2022,,23.99,28.59,27.14
2026-08-17,,,,,PL/24484/EXP/ES/2022,,23.57,27.66,26.99
2026-08-17,,,,,PL/24483/EXP/ES/2022,,24.00,28.40,27.00
2026-08-17,,,,,PL/24482/EXP/ES/2022,,22.99,27.99,
2026-08-17,,,,,PL/24481/EXP/ES/2022,,23.99,28.99,
2026-08-17,,,,,PL/24480/EXP/ES/2022,,23.99,28.99,27.00
2026-08-17,,,,,PL/2448/EXP/ES/2015,,23.19,27.99,27.00
2026-08-17,,,,,PL/24479/EXP/ES/2022,,23.99,29.29,26.99
2026-08-17,,,,,PL/24478/EXP/ES/2022,,23.70,28.29,27.00
2026-08-17,,,,,PL/24477/EXP/ES/2022,,24.89,28.44,27.70
2026-08-17,,,,,PL/24476/EXP/ES/2022,,23.50,28.00,26.99
2026-08-17,,,,,PL/24475/EXP/ES/2022,,23.95,28.58,27.00
2026-08-17,,,,,PL/24474/EXP/ES/2022,,23.29,27.55,26.99
2026-08-17,,,,,PL/24473/EXP/ES/2022,,23.99,28.39,27.00
2026-08-17,,,,,PL/24472/EXP/ES/2022,,23.99,29.59,27.00
2026-08-17,,,,,PL/24471/EXP/ES/2022,,23.99,28.39,26.99
2026-08-17,,,,,PL/24470/EXP/ES/2022,,24.20,27.99,27.00
2026-08-17,,,,,PL/2447/EXP/ES/2015,,24.49,29.49,
2026-08-17,,,,,PL/24469/EXP/ES/2022,,23.69,28.59,26.99
2026-08-17,,,,,PL/24468/EXP/ES/2022,,23.90,28.99,26.99
2026-08-17,,,,,PL/24467/EXP/ES/2022,,23.99,29.28,27.00
2026-08-17,,,,,PL/24466/EXP/ES/2022,,23.99,28.49,27.00
2026-08-17,,,,,PL/24465/EXP/ES/2022,,23.19,28.99,
2026-08-17,,,,,PL/24464/EXP/ES/2022,,23.79,28.99,
2026-08-17,,,,,PL/2446/EXP/ES/2015,,23.80,27.69,
2026-08-17,,,,,PL/2445/EXP/ES/2015,,23.99,28.80,27.00
2026-08-17,,,,,PL/2444/EXP/ES/2015,,24.99,29.49,26.99
2026-08-17,,,,,PL/2443/EXP/ES/2015,,23.99,28.99,27.00
2026-08-17,,,,,PL/2442/EXP/ES/2015,,23.99,28.19,27.00
2026-08-17,,,,,PL/24411/EXP/ES/2022,,22.39,26.99,26.39
2026-08-17,,,,,PL/24410/EXP/ES/2022,,23.99,29.69,
2026-08-17,,,,,PL/2441/EXP/ES/2015,,24.99,29.49,26.99
2026-08-17,,,,,PL/24409/EXP/ES/2022,,23.99,29.69,
2026-08-17,,,,,PL/24408/EXP/ES/2022,,23.99,29.69,26.99
2026-08-17,,,,,PL/24407/EXP/ES/2022,,22.99,27.99,
2026-08-17,,,,,PL/24406/EXP/ES/2022,,21.19,24.74,25.39
2026-08-17,,,,,PL/24405/EXP/ES/2022,,21.19,24.74,25.39
2026-08-17,,,,,PL/24404/EXP/ES/2022,,23.99,29.00,27.00
2026-08-17,,,,,PL/24403/EXP/ES/2022,,25.39,28.97,28.29
2026-08-17,,,,,PL/24402/EXP/ES/2022,,23.96,28.79,27.00
2026-08-17,,,,,PL/24401/EXP/ES/2022,,23.99,28.91,27.00
2026-08-17,,,,,PL/24400/EXP/ES/2022,,24.49,28.59,27.70
2026-08-17,,,,,PL/2440/EXP/ES/2015,,23.99,28.69,27.00
2026-08-17,,,,,PL/24399/EXP/ES/2022,,23.95,28.69,27.00
2026-08-17,,,,,PL/24398/EXP/ES/2022,,23.95,27.85,27.00
2026-08-17,,,,,PL/24396/EXP/ES/2022,,23.69,28.49,27.00
2026-08-17,,,,,PL/24395/EXP/ES/2022,,19.49,23.99,
2026-08-17,,,,,PL/24393/EXP/ES/2022,,23.99,27.79,27.00
2026-08-17,,,,,PL/24392/EXP/ES/2022,,23.90,27.50,27.00
2026-08-17,,,,,PL/24391/EXP/ES/2022,,23.79,29.59,26.99
2026-08-17,,,,,PL/24390/EXP/ES/2022,,20.99,,
2026-08-17,,,,,PL/2439/EXP/ES/2015,,23.79,28.59,
2026-08-17,,,,,PL/24389/EXP/ES/2022,,23.65,27.29,26.95
2026-08-17,,,,,PL/24388/EXP/ES/2022,,23.50,27.35,26.65
2026-08-17,,,,,PL/24386/EXP/ES/2022,,23.99,29.99,27.00
2026-08-17,,,,,PL/24383/EXP/ES/2022,,24.79,28.99,29.55
2026-08-17,,,,,PL/24382/EXP/ES/2022,,23.99,28.00,27.00
2026-08-17,,,,,PL/24381/EXP/ES/2022,,23.99,27.48,27.00
2026-08-17,,,,,PL/24380/EXP/ES/2022,,23.99,,27.00
2026-08-17,,,,,PL/2438/EXP/ES/2015,,23.99,28.09,27.00
2026-08-17,,,,,PL/24379/EXP/ES/2022,,23.99,27.90,27.00
2026-08-17,,,,,PL/24377/EXP/ES/2022,,23.89,27.59,27.59
2026-08-17,,,,,PL/24376/EXP/ES/2022,,19.99,25.39,
2026-08-17,,,,,PL/24375/EXP/ES/2022,,24.59,29.99,26.99
2026-08-17,,,,,PL/24374/EXP/ES/2022,,21.29,24.90,25.39
2026-08-17,,,,,PL/24373/EXP/ES/2022,,24.49,29.99,26.99
2026-08-17,,,,,PL/24372/EXP/ES/2022,,23.57,27.97,26.97
2026-08-17,,,,,PL/24371/EXP/ES/2022,,24.59,29.99,27.99
2026-08-17,,,,,PL/24370/EXP/ES/2022,,22.59,27.99,
2026-08-17,,,,,PL/2437/EXP/ES/2015,,25.39,28.98,28.29
2026-08-17,,,,,PL/24369/EXP/ES/2022,,23.99,28.59,27.00
2026-08-17,,,,,PL/24368/EXP/ES/2022,,24.25,29.90,27.30
2026-08-17,,,,,PL/24367/EXP/ES/2022,,23.99,29.99,26.99
2026-08-17,,,,,PL/24366/EXP/ES/2022,,23.99,29.49,
2026-08-17,,,,,PL/24365/EXP/ES/2022,,23.99,28.19,27.00
2026-08-17,,,,,PL/24364/EXP/ES/2022,,23.70,27.08,26.95
2026-08-17,,,,,PL/24363/EXP/ES/2022,,23.99,27.79,27.00
2026-08-17,,,,,PL/24360/EXP/ES/2022,,23.98,27.98,27.00
2026-08-17,,,,,PL/2436/EXP/ES/2015,,25.39,28.99,28.29
2026-08-17,,,,,PL/24358/EXP/ES/2022,,22.69,26.99,
2026-08-17,,,,,PL/24357/EXP/ES/2022,,23.99,29.99,27.00
2026-08-17,,,,,PL/24356/EXP/ES/2022,,22.59,27.99,
2026-08-17,,,,,PL/24355/EXP/ES/2022,,23.66,27.69,27.00
2026-08-17,,,,,PL/24354/EXP/ES/2022,,23.99,28.89,26.99
2026-08-17,,,,,PL/24353/EXP/ES/2022,,23.85,28.89,26.99
2026-08-17,,,,,PL/24352/EXP/ES/2022,,23.59,27.99,26.99
2026-08-17,,,,,PL/24351/EXP/ES/2022,,23.94,29.29,
2026-08-17,,,,,PL/24350/EXP/ES/2022,,23.99,28.99,26.99
2026-08-17,,,,,PL/24349/EXP/ES/2022,,23.59,28.99,26.48
2026-08-17,,,,,PL/24348/EXP/ES/2022,,24.49,29.99,26.99
2026-08-17,,,,,PL/24347/EXP/ES/2022,,23.99,29.99,
2026-08-17,,,,,PL/24346/EXP/ES/2022,,23.99,28.99,27.00
2026-08-17,,,,,PL/24345/EXP/ES/2022,,23.99,29.99,27.69
2026-08-17,,,,,PL/24344/EXP/ES/2022,,23.99,29.69,
2026-08-17,,,,,PL/24340/EXP/ES/2022,,23.48,27.69,26.99
2026-08-17,,,,,PL/2434/EXP/ES/2015,,23.99,29.69,
2026-08-17,,,,,PL/24335/EXP/ES/2022,,23.95,29.45,27.00
2026-08-17,,,,,PL/24334/EXP/ES/2022,,22.69,27.99,
2026-08-17,,,,,PL/24333/EXP/ES/2022,,23.99,28.59,27.00
2026-08-17,,,,,PL/24332/EXP/ES/2022,,22.59,27.99,
2026-08-17,,,,,PL/24331/EXP/ES/2022,,23.59,29.69,
2026-08-17,,,,,PL/24330/EXP/ES/2022,,23.99,28.58,27.70
2026-08-17,,,,,PL/2433/EXP/ES/2015,,24.89,29.90,
2026-08-17,,,,,PL/24329/EXP/ES/2022,,23.68,27.99,26.98
2026-08-17,,,,,PL/24328/EXP/ES/2022,,23.99,29.29,26.99
2026-08-17,,,,,PL/24326/EXP/ES/2022,,23.99,28.79,26.99
2026-08-17,,,,,PL/24325/EXP/ES/2022,,24.49,29.29,26.99
2026-08-17,,,,,PL/24324/EXP/ES/2022,,24.82,29.34,27.00
2026-08-17,,,,,PL/24323/EXP/ES/2022,,22.89,27.94,26.99
2026-08-17,,,,,PL/24322/EXP/ES/2022,,23.99,28.54,27.00
2026-08-17,,,,,PL/24321/EXP/ES/2022,,24.63,28.93,27.00
2026-08-17,,,,,PL/24320/EXP/ES/2022,,23.53,29.99,27.00
2026-08-17,,,,,PL/2432/EXP/ES/2015,,23.95,27.75,26.95
2026-08-17,,,,,PL/24319/EXP/ES/2022,,23.99,29.99,27.00
2026-08-17,,,,,PL/24318/EXP/ES/2022,,23.80,28.50,26.99
2026-08-17,,,,,PL/24317/EXP/ES/2022,,23.99,29.40,27.00
2026-08-17,,,,,PL/24316/EXP/ES/2022,,23.99,28.99,27.00
2026-08-17,,,,,PL/24315/EXP/ES/2022,,23.99,28.09,26.99
2026-08-17,,,,,PL/24314/EXP/ES/2022,,23.20,28.00,26.50
2026-08-17,,,,,PL/24313/EXP/ES/2022,,23.99,29.39,27.00
2026-08-17,,,,,PL/24312/EXP/ES/2022,,24.59,29.99,26.99
2026-08-17,,,,,PL/24311/EXP/ES/2022,,23.99,28.79,27.00
2026-08-17,,,,,PL/24310/EXP/ES/2022,,24.59,29.99,26.99
2026-08-17,,,,,PL/2431/EXP/ES/2015,,23.79,28.49,
2026-08-17,,,,,PL/24309/EXP/ES/2022,,24.89,28.44,27.70
2026-08-17,,,,,PL/24308/EXP/ES/2022,,23.99,28.39,26.99
2026-08-17,,,,,PL/24307/EXP/ES/2022,,23.99,29.19,26.99
2026-08-17,,,,,PL/24306/EXP/ES/2022,,23.90,28.89,27.00
2026-08-17,,,,,PL/24305/EXP/ES/2022,,23.89,27.89,27.00
2026-08-17,,,,,PL/24304/EXP/ES/2022,,24.59,29.99,26.99
2026-08-17,,,,,PL/24303/EXP/ES/2022,,24.00,28.70,27.00
2026-08-17,,,,,PL/24302/EXP/ES/2022,,24.59,29.99,26.99
2026-08-17,,,,,PL/24301/EXP/ES/2022,,21.99,28.49,26.99
2026-08-17,,,,,PL/24300/EXP/ES/2022,,23.74,28.99,27.00
2026-08-17,,,,,PL/2430/EXP/ES/2015,,23.99,28.99,27.00
2026-08-17,,,,,PL/24299/EXP/ES/2022,,23.42,27.18,26.99
2026-08-17,,,,,PL/24298/EXP/ES/2022,,23.99,28.69,27.00
2026-08-17,,,,,PL/24297/EXP/ES/2022,,20.99,26.90,27.00
2026-08-17,,,,,PL/24296/EXP/ES/2022,,23.99,28.79,
2026-08-17,,,,,PL/24295/EXP/ES/2022,,23.99,28.99,27.00
2026-08-17,,,,,PL/24294/EXP/ES/2022,,23.99,,27.00
2026-08-17,,,,,PL/24292/EXP/ES/2022,,19.99,24.79,
2026-08-17,,,,,PL/24291/EXP/ES/2022,,23.99,28.90,
2026-08-17,,,,,PL/24290/EXP/ES/2022,,23.99,29.49,
2026-08-17,,,,,PL/2429/EXP/ES/2015,,23.99,29.69,
2026-08-17,,,,,PL/24289/EXP/ES/2022,,23.99,29.79,27.49
2026-08-17,,,,,PL/24288/EXP/ES/2022,,24.39,29.88,27.49
2026-08-17,,,,,PL/24287/EXP/ES/2022,,23.94,28.99,26.99
2026-08-17,,,,,PL/24286/EXP/ES/2022,,23.85,28.79,27.00
2026-08-17,,,,,PL/24285/EXP/ES/2022,,23.85,28.55,27.00
2026-08-17,,,,,PL/24284/EXP/ES/2022,,23.99,28.99,26.49
2026-08-17,,,,,PL/24283/EXP/ES/2022,,20.99,24.99,26.99
2026-08-17,,,,,PL/24282/EXP/ES/2022,,23.99,29.99,26.99
2026-08-17,,,,,PL/24281/EXP/ES/2022,,23.89,28.79,26.99
2026-08-17,,,,,PL/24280/EXP/ES/2022,,23.99,28.59,27.00
2026-08-17,,,,,PL/2428/EXP/ES/2015,,24.99,29.49,
2026-08-17,,,,,PL/24279/EXP/ES/2022,,19.99,23.49,
2026-08-17,,,,,PL/24278/EXP/ES/2022,,23.49,28.37,26.99
2026-08-17,,,,,PL/24277/EXP/ES/2022,,22.69,27.49,26.59
2026-08-17,,,,,PL/24276/EXP/ES/2022,,23.99,28.30,27.00
2026-08-17,,,,,PL/24275/EXP/ES/2022,,23.99,29.49,26.99
2026-08-17,,,,,PL/24274/EXP/ES/2022,,23.99,28.49,26.99
2026-08-17,,,,,PL/24273/EXP/ES/2022,,22.99,27.99,
2026-08-17,,,,,PL/24272/EXP/ES/2022,,23.39,28.49,26.99
2026-08-17,,,,,PL/24271/EXP/ES/2022,,23.19,28.19,26.99
2026-08-17,,,,,PL/24270/EXP/ES/2022,,24.61,29.50,28.49
2026-08-17,,,,,PL/2427/EXP/ES/2015,,23.99,29.49,27.00
2026-08-17,,,,,PL/24269/EXP/ES/2022,,25.39,28.98,28.29
2026-08-17,,,,,PL/24268/EXP/ES/2022,,23.99,29.24,27.00
2026-08-17,,,,,PL/24267/EXP/ES/2022,,23.99,28.14,
2026-08-17,,,,,PL/24266/EXP/ES/2022,,23.99,29.24,27.00
2026-08-17,,,,,PL/24265/EXP/ES/2022,,23.99,27.99,25.39
2026-08-17,,,,,PL/24264/EXP/ES/2022,,23.89,28.79,26.99
2026-08-17,,,,,PL/24263/EXP/ES/2022,,23.99,29.59,26.99
2026-08-17,,,,,PL/24262/EXP/ES/2022,,23.99,29.59,26.99
2026-08-17,,,,,PL/2426/EXP/ES/2015,,24.99,29.49,26.99
2026-08-17,,,,,PL/2425/EXP/ES/2015,,22.69,27.78,
2026-08-17,,,,,PL/2424/EXP/ES/2015,,24.99,29.49,26.99
2026-08-17,,,,,PL/2423/EXP/ES/2015,,22.99,27.99,27.00
2026-08-17,,,,,PL/2422/EXP/ES/2015,,23.99,27.88,27.00
2026-08-17,,,,,PL/2421/EXP/ES/2015,,23.99,28.79,27.49
2026-08-17,,,,,PL/2420/EXP/ES/2015,,23.24,28.29,27.00
2026-08-17,,,,,PL/24194/EXP/ES/2022,,24.00,28.49,27.00
2026-08-17,,,,,PL/24193/EXP/ES/2022,,24.00,28.49,27.00
2026-08-17,,,,,PL/24192/EXP/ES/2022,,23.99,24.99,27.99
2026-08-17,,,,,PL/24191/EXP/ES/2022,,23.99,28.70,27.00
2026-08-17,,,,,PL/24190/EXP/ES/2022,,23.67,28.37,26.99
2026-08-17,,,,,PL/2419/EXP/ES/2015,,24.00,28.69,27.00
2026-08-17,,,,,PL/24189/EXP/ES/2022,,23.19,28.37,26.99
2026-08-17,,,,,PL/24188/EXP/ES/2022,,23.69,28.99,27.00
2026-08-17,,,,,PL/24187/EXP/ES/2022,,24.00,28.85,27.64
2026-08-17,,,,,PL/24186/EXP/ES/2022,,24.49,29.99,
2026-08-17,,,,,PL/24185/EXP/ES/2022,,24.94,28.97,27.94
2026-08-17,,,,,PL/24184/EXP/ES/2022,,23.99,28.68,
2026-08-17,,,,,PL/24183/EXP/ES/2022,,23.43,27.45,25.38
2026-08-17,,,,,PL/24182/EXP/ES/2022,,22.89,27.89,27.00
2026-08-17,,,,,PL/24181/EXP/ES/2022,,20.99,26.90,
2026-08-17,,,,,PL/24180/EXP/ES/2022,,23.39,24.49,27.89
2026-08-17,,,,,PL/2418/EXP/ES/2015,,23.99,28.19,27.00
2026-08-17,,,,,PL/24179/EXP/ES/2022,,23.49,27.89,26.99
2026-08-17,,,,,PL/2417/EXP/ES/2015,,22.69,27.69,25.39
2026-08-17,,,,,PL/24167/EXP/ES/2022,,25.39,28.98,28.28
2026-08-17,,,,,PL/24166/EXP/ES/2022,,23.92,27.74,27.47
2026-08-17,,,,,PL/24165/EXP/ES/2022,,24.00,28.99,27.00
2026-08-17,,,,,PL/24164/EXP/ES/2022,,20.95,24.49,25.39
2026-08-17,,,,,PL/24163/EXP/ES/2022,,23.99,29.23,27.00
2026-08-17,,,,,PL/24162/EXP/ES/2022,,23.49,28.49,27.00
2026-08-17,,,,,PL/24161/EXP/ES/2022,,22.99,27.97,26.97
2026-08-17,,,,,PL/24160/EXP/ES/2022,,23.74,27.99,
2026-08-17,,,,,PL/2416/EXP/ES/2015,,22.47,27.89,
2026-08-17,,,,,PL/24159/EXP/ES/2022,,22.99,27.99,
2026-08-17,,,,,PL/24158/EXP/ES/2022,,23.43,27.36,
2026-08-17,,,,,PL/24157/EXP/ES/2022,,23.95,28.75,27.00
2026-08-17,,,,,PL/24156/EXP/ES/2022,,22.99,27.99,26.99
2026-08-17,,,,,PL/24155/EXP/ES/2022,,22.95,27.49,26.80
2026-08-17,,,,,PL/24154/EXP/ES/2022,,23.99,28.49,27.99
2026-08-17,,,,,PL/24153/EXP/ES/2022,,23.85,27.99,27.00
2026-08-17,,,,,PL/24152/EXP/ES/2022,,23.35,27.99,26.99
2026-08-17,,,,,PL/24151/EXP/ES/2022,,23.69,29.49,26.99
2026-08-17,,,,,PL/24150/EXP/ES/2022,,23.99,28.25,27.00
2026-08-17,,,,,PL/2415/EXP/ES/2015,,23.96,28.76,27.00
2026-08-17,,,,,PL/24149/EXP/ES/2022,,23.99,28.89,27.00
2026-08-17,,,,,PL/2414/EXP/ES/2015,,26.25,29.76,29.55
2026-08-17,,,,,PL/2413/EXP/ES/2015,,23.27,27.89,
2026-08-17,,,,,PL/24124/EXP/ES/2022,,24.00,28.89,27.49
2026-08-17,,,,,PL/24122/EXP/ES/2022,,23.99,29.09,27.00
2026-08-17,,,,,PL/24121/EXP/ES/2022,,23.69,28.40,26.99
2026-08-17,,,,,PL/24120/EXP/ES/2022,,23.99,29.79,27.00
2026-08-17,,,,,PL/2412/EXP/ES/2015,,23.99,28.92,27.00
2026-08-17,,,,,PL/24119/EXP/ES/2022,,23.19,27.49,26.99
2026-08-17,,,,,PL/24118/EXP/ES/2022,,24.79,29.89,
2026-08-17,,,,,PL/24117/EXP/ES/2022,,24.00,28.40,27.05
2026-08-17,,,,,PL/24116/EXP/ES/2022,,23.99,29.09,27.00
2026-08-17,,,,,PL/24115/EXP/ES/2022,,23.99,28.69,27.00
2026-08-17,,,,,PL/24114/EXP/ES/2022,,24.00,29.05,
2026-08-17,,,,,PL/24113/EXP/ES/2022,,23.99,28.99,26.99
2026-08-17,,,,,PL/24112/EXP/ES/2022,,23.99,28.79,27.00
2026-08-17,,,,,PL/24111/EXP/ES/2022,,24.69,29.99,26.99
2026-08-17,,,,,PL/24110/EXP/ES/2022,,24.69,29.99,27.00
2026-08-17,,,,,PL/2411/EXP/ES/2015,,21.85,26.95,25.37
2026-08-17,,,,,PL/24109/EXP/ES/2022,,23.99,28.99,27.00
2026-08-17,,,,,PL/24108/EXP/ES/2022,,23.99,27.98,26.99
2026-08-17,,,,,PL/24107/EXP/ES/2022,,23.99,29.45,
2026-08-17,,,,,PL/24106/EXP/ES/2022,,23.79,27.99,26.99
2026-08-17,,,,,PL/24105/EXP/ES/2022,,23.99,28.99,27.00
2026-08-17,,,,,PL/24104/EXP/ES/2022,,24.20,29.07,27.00
2026-08-17,,,,,PL/24103/EXP/ES/2022,,23.29,28.99,26.99
2026-08-17,,,,,PL/2410/EXP/ES/2015,,22.29,27.95,25.37
2026-08-17,,,,,PL/2409/EXP/ES/2015,,23.99,28.79,27.00
2026-08-17,,,,,PL/24083/EXP/ES/2022,,23.99,28.99,26.99
2026-08-17,,,,,PL/24082/EXP/ES/2022,,23.90,28.65,26.90
2026-08-17,,,,,PL/24081/EXP/ES/2022,,23.99,28.60,27.00
2026-08-17,,,,,PL/24080/EXP/ES/2022,,23.34,27.60,26.99
2026-08-17,,,,,PL/2408/EXP/ES/2015,,23.89,28.45,26.95
2026-08-17,,,,,PL/24079/EXP/ES/2022,,21.25,24.85,
2026-08-17,,,,,PL/24078/EXP/ES/2022,,24.00,27.99,27.00
2026-08-17,,,,,PL/24077/EXP/ES/2022,,23.79,28.19,26.99
2026-08-17,,,,,PL/24076/EXP/ES/2022,,23.99,28.99,27.00
2026-08-17,,,,,PL/24075/EXP/ES/2022,,23.99,28.69,27.00
2026-08-17,,,,,PL/24074/EXP/ES/2022,,23.98,28.98,27.00
2026-08-17,,,,,PL/24073/EXP/ES/2022,,22.85,26.99,26.79
2026-08-17,,,,,PL/24072/EXP/ES/2022,,25.39,28.99,28.29
2026-08-17,,,,,PL/24071/EXP/ES/2022,,23.89,28.65,26.99
2026-08-17,,,,,PL/24070/EXP/ES/2022,,24.00,28.49,27.00
2026-08-17,,,,,PL/2407/EXP/ES/2015,,23.99,29.99,27.00
2026-08-17,,,,,PL/24069/EXP/ES/2022,,24.00,28.69,27.00
2026-08-17,,,,,PL/24068/EXP/ES/2022,,24.00,28.99,27.00
2026-08-17,,,,,PL/24067/EXP/ES/2022,,24.00,28.59,27.00
2026-08-17,,,,,PL/24066/EXP/ES/2022,,24.00,27.99,27.00
2026-08-17,,,,,PL/24064/EXP/ES/2022,,23.95,28.39,27.00
2026-08-17,,,,,PL/24063/EXP/ES/2022,,24.00,28.89,27.00
2026-08-17,,,,,PL/24062/EXP/ES/2022,,23.99,28.95,27.00
2026-08-17,,,,,PL/24061/EXP/ES/2022,,23.99,28.99,27.00
2026-08-17,,,,,PL/24060/EXP/ES/2022,,23.99,28.90,27.00
2026-08-17,,,,,PL/2406/EXP/ES/2015,,26.25,29.76,29.55
2026-08-17,,,,,PL/24059/EXP/ES/2022,,23.99,29.49,27.50
2026-08-17,,,,,PL/24058/EXP/ES/2022,,23.89,28.49,26.99
2026-08-17,,,,,PL/24057/EXP/ES/2022,,23.90,27.80,27.00
2026-08-17,,,,,PL/24056/EXP/ES/2022,,23.99,28.99,27.00
2026-08-17,,,,,PL/24055/EXP/ES/2022,,23.69,28.29,26.99
2026-08-17,,,,,PL/24054/EXP/ES/2022,,24.89,28.44,27.69
2026-08-17,,,,,PL/24053/EXP/ES/2022,,23.47,28.41,26.45
2026-08-17,,,,,PL/24052/EXP/ES/2022,,23.89,28.39,26.99
2026-08-17,,,,,PL/24051/EXP/ES/2022,,23.99,28.99,27.00
2026-08-17,,,,,PL/24050/EXP/ES/2022,,25.38,28.98,28.29
2026-08-17,,,,,PL/2405/EXP/ES/2015,,23.99,28.99,26.84
2026-08-17,,,,,PL/24049/EXP/ES/2022,,24.00,29.09,26.99
2026-08-17,,,,,PL/24047/EXP/ES/2022,,23.85,28.25,27.00
2026-08-17,,,,,PL/24046/EXP/ES/2022,,23.99,27.99,26.99
2026-08-17,,,,,PL/24045/EXP/ES/2022,,23.99,28.89,27.00
2026-08-17,,,,,PL/24044/EXP/ES/2022,,23.98,29.00,27.50
2026-08-17,,,,,PL/24043/EXP/ES/2022,,23.67,28.35,26.95
2026-08-17,,,,,PL/2404/EXP/ES/2015,,23.99,28.49,
2026-08-17,,,,,PL/24030/EXP/ES/2022,,23.99,28.99,27.00
2026-08-17,,,,,PL/2403/EXP/ES/2015,,23.69,29.29,26.99
2026-08-17,,,,,PL/24029/EXP/ES/2022,,23.99,28.98,26.99
2026-08-17,,,,,PL/24028/EXP/ES/2022,,23.99,29.19,27.00
2026-08-17,,,,,PL/24027/EXP/ES/2022,,23.98,28.50,27.00
2026-08-17,,,,,PL/24026/EXP/ES/2022,,24.39,27.99,27.00
2026-08-17,,,,,PL/24025/EXP/ES/2022,,22.95,26.95,26.80
2026-08-17,,,,,PL/24024/EXP/ES/2022,,24.39,28.38,27.55
2026-08-17,,,,,PL/24023/EXP/ES/2022,,22.99,26.99,26.69
2026-08-17,,,,,PL/2402/EXP/ES/2015,,23.89,27.69,
2026-08-17,,,,,PL/2401/EXP/ES/2015,,23.99,29.48,27.00
2026-08-17,,,,,PL/24007/EXP/ES/2022,,22.97,27.57,26.97
2026-08-17,,,,,PL/24006/EXP/ES/2022,,23.99,27.99,
2026-08-17,,,,,PL/24005/EXP/ES/2022,,23.99,29.49,27.49
2026-08-17,,,,,PL/24004/EXP/ES/2022,,23.99,29.49,27.49
2026-08-17,,,,,PL/24003/EXP/ES/2022,,23.99,29.59,27.00
2026-08-17,,,,,PL/24002/EXP/ES/2022,,23.99,28.99,27.00
2026-08-17,,,,,PL/2400/EXP/ES/2015,,23.99,28.99,
2026-08-17,,,,,PL/2399/EXP/ES/2015,,23.99,,26.99
2026-08-17,,,,,PL/23983/EXP/ES/2022,,23.70,27.95,27.00
2026-08-17,,,,,PL/23982/EXP/ES/2022,,23.75,27.55,26.99
2026-08-17,,,,,PL/23981/EXP/ES/2022,,23.39,27.42,26.89
2026-08-17,,,,,PL/23980/EXP/ES/2022,,23.99,29.49,27.00
2026-08-17,,,,,PL/2398/EXP/ES/2015,,22.99,28.39,
2026-08-17,,,,,PL/23979/EXP/ES/2022,,23.99,28.21,27.00
2026-08-17,,,,,PL/23978/EXP/ES/2022,,23.60,27.30,27.00
2026-08-17,,,,,PL/23977/EXP/ES/2022,,23.99,28.68,27.49
2026-08-17,,,,,PL/23976/EXP/ES/2022,,23.37,28.29,26.97
2026-08-17,,,,,PL/23975/EXP/ES/2022,,23.37,28.29,26.97
2026-08-17,,,,,PL/23974/EXP/ES/2022,,23.37,28.29,26.97
2026-08-17,,,,,PL/2397/EXP/ES/2015,,24.49,29.79,27.00
2026-08-17,,,,,PL/23965/EXP/ES/2022,,23.99,28.59,27.00
2026-08-17,,,,,PL/23964/EXP/ES/2022,,23.55,28.50,27.00
2026-08-17,,,,,PL/23963/EXP/ES/2022,,23.99,28.79,26.99
2026-08-17,,,,,PL/23962/EXP/ES/2022,,23.99,28.99,26.99
2026-08-17,,,,,PL/23961/EXP/ES/2022,,23.98,28.95,27.27
2026-08-17,,,,,PL/23960/EXP/ES/2022,,23.29,27.59,26.89
2026-08-17,,,,,PL/2396/EXP/ES/2015,,24.50,30.50,
2026-08-17,,,,,PL/23951/EXP/ES/2022,,23.99,28.28,26.99
2026-08-17,,,,,PL/23950/EXP/ES/2022,,24.00,29.55,27.00
2026-08-17,,,,,PL/2395/EXP/ES/2015,,23.99,29.99,27.00
2026-08-17,,,,,PL/23949/EXP/ES/2022,,23.99,28.60,27.00
2026-08-17,,,,,PL/23948/EXP/ES/2022,,22.69,27.99,26.99
2026-08-17,,,,,PL/23947/EXP/ES/2022,,24.00,28.95,27.00
2026-08-17,,,,,PL/23946/EXP/ES/2022,,24.00,28.59,
2026-08-17,,,,,PL/23945/EXP/ES/2022,,24.00,28.88,27.00
2026-08-17,,,,,PL/23944/EXP/ES/2022,,24.00,28.89,27.00
2026-08-17,,,,,PL/23943/EXP/ES/2022,,22.99,28.39,
2026-08-17,,,,,PL/23942/EXP/ES/2022,,24.00,29.99,27.99
2026-08-17,,,,,PL/23941/EXP/ES/2022,,23.99,29.14,27.30
2026-08-17,,,,,PL/23940/EXP/ES/2022,,25.39,28.98,28.29
2026-08-17,,,,,PL/2394/EXP/ES/2015,,23.95,29.57,
2026-08-17,,,,,PL/23939/EXP/ES/2022,,23.99,28.99,27.00
2026-08-17,,,,,PL/23938/EXP/ES/2022,,20.89,24.79,25.39
2026-08-17,,,,,PL/23937/EXP/ES/2022,,23.99,25.19,27.00
2026-08-17,,,,,PL/23936/EXP/ES/2022,,23.60,28.40,26.98
2026-08-17,,,,,PL/23935/EXP/ES/2022,,23.49,27.99,27.10
2026-08-17,,,,,PL/23934/EXP/ES/2022,,23.99,27.70,27.00
2026-08-17,,,,,PL/23933/EXP/ES/2022,,24.00,28.65,27.00
2026-08-17,,,,,PL/23932/EXP/ES/2022,,24.00,28.50,27.00
2026-08-17,,,,,PL/23931/EXP/ES/2022,,23.99,28.39,26.99
2026-08-17,,,,,PL/2393/EXP/ES/2015,,23.19,28.59,26.99
2026-08-17,,,,,PL/2392/EXP/ES/2015,,23.29,28.60,26.99
2026-08-17,,,,,PL/23919/EXP/ES/2021,,23.99,28.90,27.00
2026-08-17,,,,,PL/23918/EXP/ES/2021,,23.99,29.49,27.00
2026-08-17,,,,,PL/23917/EXP/ES/2021,,22.99,27.77,26.89
2026-08-17,,,,,PL/23916/EXP/ES/2021,,23.99,29.44,27.00
2026-08-17,,,,,PL/23915/EXP/ES/2021,,23.99,28.99,27.00
2026-08-17,,,,,PL/23914/EXP/ES/2021,,23.99,30.97,27.99
2026-08-17,,,,,PL/23913/EXP/ES/2021,,23.99,28.59,26.99
2026-08-17,,,,,PL/23912/EXP/ES/2021,,24.39,27.99,
2026-08-17,,,,,PL/2391/EXP/ES/2015,,23.99,29.69,26.99
2026-08-17,,,,,PL/23906/EXP/ES/2021,,23.89,28.99,26.99
2026-08-17,,,,,PL/23905/EXP/ES/2021,,23.79,28.64,26.83
2026-08-17,,,,,PL/23904/EXP/ES/2021,,23.19,28.29,26.99
2026-08-17,,,,,PL/23903/EXP/ES/2021,,23.49,27.69,26.99
2026-08-17,,,,,PL/23902/EXP/ES/2021,,23.99,29.03,26.99
2026-08-17,,,,,PL/23901/EXP/ES/2021,,22.99,27.39,26.86
2026-08-17,,,,,PL/23900/EXP/ES/2021,,23.99,28.35,27.00
2026-08-17,,,,,PL/2390/EXP/ES/2015,,23.95,29.57,27.00
2026-08-17,,,,,PL/23890/EXP/ES/2021,,23.05,28.39,
2026-08-17,,,,,PL/2389/EXP/ES/2015,,23.99,,26.99
2026-08-17,,,,,PL/23889/EXP/ES/2021,,24.00,28.49,27.00
2026-08-17,,,,,PL/23888/EXP/ES/2021,,23.56,28.65,27.00
2026-08-17,,,,,PL/23887/EXP/ES/2021,,24.00,28.29,27.09
2026-08-17,,,,,PL/23886/EXP/ES/2021,,22.99,28.89,
2026-08-17,,,,,PL/23885/EXP/ES/2021,,22.99,28.39,27.00
2026-08-17,,,,,PL/23884/EXP/ES/2021,,23.99,28.95,27.49
2026-08-17,,,,,PL/23883/EXP/ES/2021,,23.69,27.89,26.99
2026-08-17,,,,,PL/23882/EXP/ES/2021,,23.99,28.89,27.49
2026-08-17,,,,,PL/23881/EXP/ES/2021,,23.99,29.84,
2026-08-17,,,,,PL/23880/EXP/ES/2021,,23.99,28.49,26.99
2026-08-17,,,,,PL/2388/EXP/ES/2015,,25.39,28.99,28.29
2026-08-17,,,,,PL/23879/EXP/ES/2021,,23.99,28.89,27.00
2026-08-17,,,,,PL/2387/EXP/ES/2015,,25.39,28.99,
2026-08-17,,,,,PL/23862/EXP/ES/2021,,23.99,29.15,26.99
2026-08-17,,,,,PL/23861/EXP/ES/2021,,23.19,28.91,26.99
2026-08-17,,,,,PL/23860/EXP/ES/2021,,23.99,29.80,26.99
2026-08-17,,,,,PL/2386/EXP/ES/2015,,23.99,28.75,26.99
2026-08-17,,,,,PL/23859/EXP/ES/2021,,23.95,28.55,27.30
2026-08-17,,,,,PL/23858/EXP/ES/2021,,23.59,28.78,26.96
2026-08-17,,,,,PL/23857/EXP/ES/2021,,23.58,28.08,26.99
2026-08-17,,,,,PL/23856/EXP/ES/2021,,23.99,28.50,27.00
2026-08-17,,,,,PL/2385/EXP/ES/2015,,23.79,28.45,
2026-08-17,,,,,PL/2384/EXP/ES/2015,,22.99,28.39,25.39
2026-08-17,,,,,PL/2383/EXP/ES/2015,,23.99,29.48,27.00
2026-08-17,,,,,PL/23825/EXP/ES/2021,,23.70,28.19,27.00
2026-08-17,,,,,PL/2382/EXP/ES/2015,,22.99,28.10,27.00
2026-08-17,,,,,PL/23818/EXP/ES/2021,,23.95,28.29,27.00
2026-08-17,,,,,PL/23817/EXP/ES/2021,,23.79,28.29,27.09
2026-08-17,,,,,PL/23816/EXP/ES/2021,,22.99,28.69,27.00
2026-08-17,,,,,PL/23815/EXP/ES/2021,,23.99,28.09,26.79
2026-08-17,,,,,PL/23811/EXP/ES/2021,,24.00,28.49,27.24
2026-08-17,,,,,PL/23810/EXP/ES/2021,,22.95,27.85,26.85
2026-08-17,,,,,PL/2381/EXP/ES/2015,,23.99,29.00,28.10
2026-08-17,,,,,PL/23809/EXP/ES/2021,,23.99,29.09,27.00
2026-08-17,,,,,PL/23808/EXP/ES/2021,,23.48,27.95,26.80
2026-08-17,,,,,PL/23807/EXP/ES/2021,,23.99,28.59,27.00
2026-08-17,,,,,PL/23805/EXP/ES/2021,,24.00,28.49,27.00
2026-08-17,,,,,PL/23800/EXP/ES/2021,,23.99,29.24,27.35
2026-08-17,,,,,PL/2380/EXP/ES/2015,,23.99,27.90,27.00
2026-08-17,,,,,PL/23799/EXP/ES/2021,,23.85,28.59,
2026-08-17,,,,,PL/23798/EXP/ES/2021,,23.79,28.59,27.00
2026-08-17,,,,,PL/23797/EXP/ES/2021,,24.00,28.65,27.00
2026-08-17,,,,,PL/23796/EXP/ES/2021,,22.99,28.89,27.00
2026-08-17,,,,,PL/23795/EXP/ES/2021,,23.94,28.89,27.00
2026-08-17,,,,,PL/23794/EXP/ES/2021,,23.94,28.48,27.00
2026-08-17,,,,,PL/23793/EXP/ES/2021,,23.77,27.99,26.77
2026-08-17,,,,,PL/23792/EXP/ES/2021,,23.39,27.85,26.99
2026-08-17,,,,,PL/23791/EXP/ES/2021,,23.94,27.70,27.00
2026-08-17,,,,,PL/23790/EXP/ES/2021,,23.99,28.99,27.99
2026-08-17,,,,,PL/2379/EXP/ES/2015,,23.98,29.18,27.00
2026-08-17,,,,,PL/23789/EXP/ES/2021,,23.55,27.85,26.90
2026-08-17,,,,,PL/23788/EXP/ES/2021,,23.75,27.99,26.99
2026-08-17,,,,,PL/23787/EXP/ES/2021,,23.66,27.61,26.95
2026-08-17,,,,,PL/23786/EXP/ES/2021,,23.99,28.97,
2026-08-17,,,,,PL/23785/EXP/ES/2021,,23.99,29.69,27.50
2026-08-17,,,,,PL/23784/EXP/ES/2021,,23.98,29.98,
2026-08-17,,,,,PL/23783/EXP/ES/2021,,23.99,27.99,27.00
2026-08-17,,,,,PL/23782/EXP/ES/2021,,23.95,28.85,27.00
2026-08-17,,,,,PL/23781/EXP/ES/2021,,22.99,27.59,27.00
2026-08-17,,,,,PL/23780/EXP/ES/2021,,23.99,28.19,27.24
2026-08-17,,,,,PL/2378/EXP/ES/2015,,24.49,29.79,27.00
2026-08-17,,,,,PL/23779/EXP/ES/2021,,23.99,27.95,27.24
2026-08-17,,,,,PL/23778/EXP/ES/2021,,23.99,27.89,27.24
2026-08-17,,,,,PL/23777/EXP/ES/2021,,23.99,28.84,27.00
2026-08-17,,,,,PL/23776/EXP/ES/2021,,23.84,27.99,
2026-08-17,,,,,PL/23775/EXP/ES/2021,,23.84,27.99,
2026-08-17,,,,,PL/23774/EXP/ES/2021,,23.99,27.99,
2026-08-17,,,,,PL/23773/EXP/ES/2021,,23.84,27.99,
2026-08-17,,,,,PL/23772/EXP/ES/2021,,23.99,29.28,27.00
2026-08-17,,,,,PL/23771/EXP/ES/2021,,23.75,28.89,
2026-08-17,,,,,PL/2377/EXP/ES/2015,,22.97,27.67,25.37
2026-08-17,,,,,PL/23769/EXP/ES/2021,,24.00,29.50,27.00
2026-08-17,,,,,PL/23765/EXP/ES/2021,,23.99,28.09,26.99
2026-08-17,,,,,PL/23764/EXP/ES/2021,,23.99,29.49,26.99
2026-08-17,,,,,PL/23763/EXP/ES/2021,,22.69,27.99,26.99
2026-08-17,,,,ORGANIZACION LA LUNA SA DE CV,PL/23762/EXP/ES/2021,AVENIDA PEDRO PARRA CENTENO 2699,23.99,29.99,27.00
2026-08-17,,,,,PL/23761/EXP/ES/2021,,23.49,27.49,26.79
2026-08-17,,,,,PL/23760/EXP/ES/2021,,23.89,28.79,27.00
2026-08-17,,,,,PL/2376/EXP/ES/2015,,23.99,28.60,
2026-08-17,,,,,PL/23759/EXP/ES/2021,,22.89,27.59,26.99
2026-08-17,,,,,PL/23758/EXP/ES/2021,,23.99,29.09,27.00
2026-08-17,,,,,PL/23757/EXP/ES/2021,,23.99,29.99,27.00
2026-08-17,,,,,PL/23755/EXP/ES/2021,,23.70,28.20,27.00
2026-08-17,,,,,PL/23754/EXP/ES/2021,,24.37,27.99,27.00
2026-08-17,,,,,PL/23753/EXP/ES/2021,,23.50,27.49,26.70
2026-08-17,,,,,PL/23752/EXP/ES/2021,,23.55,28.12,26.91
2026-08-17,,,,,PL/23751/EXP/ES/2021,,23.55,28.12,26.91
2026-08-17,,,,,PL/23750/EXP/ES/2021,,22.75,26.70,26.75
2026-08-17,,,,,PL/23749/EXP/ES/2021,,26.00,,29.00
2026-08-17,,,,,PL/23747/EXP/ES/2021,,23.78,28.99,26.75
2026-08-17,,,,,PL/23746/EXP/ES/2021,,23.99,28.30,28.00
2026-08-17,,,,,PL/23745/EXP/ES/2021,,23.49,,26.77
2026-08-17,,,,,PL/23744/EXP/ES/2021,,23.99,29.50,26.99
2026-08-17,,,,,PL/23743/EXP/ES/2021,,23.99,28.89,26.99
2026-08-17,,,,,PL/23742/EXP/ES/2021,,23.99,28.89,26.99
2026-08-17,,,,,PL/23741/EXP/ES/2021,,23.99,28.89,26.99
2026-08-17,,,,,PL/23740/EXP/ES/2021,,24.00,29.99,27.50
2026-08-17,,,,,PL/2374/EXP/ES/2015,,23.09,27.99,
2026-08-17,,,,,PL/23739/EXP/ES/2021,,24.69,29.99,28.69
2026-08-17,,,,,PL/23738/EXP/ES/2021,,23.99,28.30,27.00
2026-08-17,,,,,PL/23737/EXP/ES/2021,,23.99,27.89,26.99
2026-08-17,,,,,PL/23736/EXP/ES/2021,,24.39,27.99,27.00
2026-08-17,,,,,PL/23735/EXP/ES/2021,,24.00,,27.60
2026-08-17,,,,,PL/23734/EXP/ES/2021,,23.99,28.99,
2026-08-17,,,,,PL/23732/EXP/ES/2021,,23.71,25.91,26.91
2026-08-17,,,,,PL/23730/EXP/ES/2021,,23.39,27.19,
2026-08-17,,,,,PL/2373/EXP/ES/2015,,24.49,29.79,27.00
2026-08-17,,,,,PL/23729/EXP/ES/2021,,23.29,27.49,
2026-08-17,,,,,PL/2372/EXP/ES/2015,,23.99,29.99,26.99
2026-08-17,,,,,PL/2371/EXP/ES/2015,,24.49,29.49,26.99
2026-08-17,,,,,PL/23703/EXP/ES/2020,,20.99,26.90,27.00
2026-08-17,,,,,PL/23701/EXP/ES/2020,,23.99,29.99,27.00
2026-08-17,,,,,PL/23699/EXP/ES/2020,,23.99,29.79,26.99
2026-08-17,,,,,PL/23698/EXP/ES/2020,,23.49,28.09,
2026-08-17,,,,,PL/23697/EXP/ES/2020,,23.95,28.90,27.00
2026-08-17,,,,,PL/23696/EXP/ES/2020,,24.49,29.99,26.99
2026-08-17,,,,,PL/23695/EXP/ES/2020,,24.59,29.99,26.99
2026-08-17,,,,,PL/23694/EXP/ES/2020,,23.99,28.89,27.49
2026-08-17,,,,,PL/23693/EXP/ES/2020,,20.99,26.90,27.00
2026-08-17,,,,,PL/23692/EXP/ES/2020,,23.99,28.89,27.00
2026-08-17,,,,,PL/2369/EXP/ES/2015,,23.98,28.74,26.99
2026-08-17,,,,,PL/23687/EXP/ES/2020,,24.49,29.99,27.00
2026-08-17,,,,,PL/23686/EXP/ES/2020,,23.99,29.99,27.00
2026-08-17,,,,,PL/23685/EXP/ES/2020,,24.99,29.99,
2026-08-17,,,,,PL/23684/EXP/ES/2020,,23.99,28.09,27.00
2026-08-17,,,,,PL/23683/EXP/ES/2020,,23.99,28.55,
2026-08-17,,,,,PL/23682/EXP/ES/2020,,24.39,27.99,27.00
2026-08-17,,,,,PL/23681/EXP/ES/2020,,24.49,29.99,
2026-08-17,,,,,PL/23680/EXP/ES/2020,,23.29,27.99,26.99
2026-08-17,,,,,PL/2368/EXP/ES/2015,,23.99,28.39,
2026-08-17,,,,,PL/23679/EXP/ES/2020,,23.99,28.99,27.00
2026-08-17,,,,,PL/23678/EXP/ES/2020,,23.99,28.50,27.99
2026-08-17,,,,,PL/23677/EXP/ES/2020,,23.99,27.99,27.00
2026-08-17,,,,,PL/23676/EXP/ES/2020,,23.99,28.69,26.99
2026-08-17,,,,,PL/23675/EXP/ES/2020,,23.89,,27.00
2026-08-17,,,,,PL/23673/EXP/ES/2020,,23.99,29.04,27.00
2026-08-17,,,,,PL/23670/EXP/ES/2020,,24.00,27.50,27.50
2026-08-17,,,,,PL/2367/EXP/ES/2015,,23.99,29.49,
2026-08-17,,,,,PL/23669/EXP/ES/2020,,23.69,27.99,26.99
2026-08-17,,,,,PL/23667/EXP/ES/2020,,23.89,28.69,27.00
2026-08-17,,,,,PL/23666/EXP/ES/2020,,23.70,27.63,26.99
2026-08-17,,,,,PL/23665/EXP/ES/2020,,23.99,27.98,27.00
2026-08-17,,,,,PL/23664/EXP/ES/2020,,23.99,29.50,26.99
2026-08-17,,,,,PL/23663/EXP/ES/2020,,22.99,26.98,26.75
2026-08-17,,,,,PL/23662/EXP/ES/2020,,23.29,29.25,26.99
2026-08-17,,,,,PL/23661/EXP/ES/2020,,23.99,29.88,26.99
2026-08-17,,,,,PL/23660/EXP/ES/2020,,23.99,28.17,26.99
2026-08-17,,,,,PL/2366/EXP/ES/2015,,23.66,27.99,
2026-08-17,,,,,PL/23659/EXP/ES/2020,,23.59,27.89,
2026-08-17,,,,,PL/23658/EXP/ES/2020,,23.99,28.60,27.00
2026-08-17,,,,,PL/23657/EXP/ES/2020,,23.99,29.50,27.00
2026-08-17,,,,,PL/23656/EXP/ES/2020,,23.99,28.79,27.00
2026-08-17,,,,,PL/23655/EXP/ES/2020,,23.99,28.19,27.00
2026-08-17,,,,,PL/23654/EXP/ES/2020,,22.97,27.77,26.99
2026-08-17,,,,,PL/23653/EXP/ES/2020,,23.90,28.40,26.99
2026-08-17,,,,,PL/23652/EXP/ES/2020,,23.99,28.49,27.00
2026-08-17,,,,,PL/23651/EXP/ES/2020,,23.69,27.49,26.99
2026-08-17,,,,,PL/23650/EXP/ES/2020,,23.65,29.32,26.99
2026-08-17,,,,,PL/2365/EXP/ES/2015,,23.99,29.49,26.99
2026-08-17,,,,,PL/23649/EXP/ES/2020,,24.29,27.99,27.00
2026-08-17,,,,,PL/23648/EXP/ES/2020,,23.99,29.48,27.00
2026-08-17,,,,,PL/2364/EXP/ES/2015,,26.25,29.76,29.55
2026-08-17,,,,,PL/2363/EXP/ES/2015,,23.99,29.49,26.99
2026-08-17,,,,,PL/23626/EXP/ES/2020,,23.99,27.80,27.00
2026-08-17,,,,,PL/23625/EXP/ES/2020,,23.99,28.71,27.00
2026-08-17,,,,,PL/23624/EXP/ES/2020,,21.29,26.39,
2026-08-17,,,,,PL/23623/EXP/ES/2020,,23.29,28.39,
2026-08-17,,,,,PL/23622/EXP/ES/2020,,23.99,27.95,27.00
2026-08-17,,,,,PL/23621/EXP/ES/2020,,23.99,29.49,27.00
2026-08-17,,,,,PL/2362/EXP/ES/2015,,23.99,29.59,27.00
2026-08-17,,,,,PL/2361/EXP/ES/2015,,23.79,26.94,
2026-08-17,,,,,PL/2360/EXP/ES/2015,,24.49,29.49,
2026-08-17,,,,,PL/23596/EXP/ES/2020,,24.49,29.99,27.00
2026-08-17,,,,,PL/23595/EXP/ES/2020,,23.99,27.20,26.99
2026-08-17,,,,,PL/23594/EXP/ES/2020,,21.29,24.90,
2026-08-17,,,,,PL/23593/EXP/ES/2020,,24.00,29.00,27.00
2026-08-17,,,,,PL/23592/EXP/ES/2020,,23.69,28.37,26.99
2026-08-17,,,,,PL/23591/EXP/ES/2020,,22.99,29.49,27.00
2026-08-17,,,,,PL/2359/EXP/ES/2015,,24.61,29.50,28.49
2026-08-17,,,,,PL/2358/EXP/ES/2015,,23.79,28.49,
2026-08-17,,,,,PL/2357/EXP/ES/2015,,24.99,29.49,26.99
2026-08-17,,,,,PL/2356/EXP/ES/2015,,24.49,29.79,27.00
2026-08-17,,,,,PL/2355/EXP/ES/2015,,23.79,29.39,26.59
2026-08-17,,,,,PL/2354/EXP/ES/2015,,23.69,27.99,26.99
2026-08-17,,,,,PL/2353/EXP/ES/2015,,23.80,27.69,
2026-08-17,,,,,PL/23524/EXP/ES/2020,,23.85,27.99,26.98
2026-08-17,,,,,PL/23522/EXP/ES/2020,,23.99,28.60,27.00
2026-08-17,,,,,PL/23521/EXP/ES/2020,,24.00,28.89,
2026-08-17,,,,,PL/23520/EXP/ES/2020,,23.99,28.71,27.00
2026-08-17,,,,,PL/2352/EXP/ES/2015,,23.65,28.66,
2026-08-17,,,,,PL/23519/EXP/ES/2020,,23.99,30.10,27.00
2026-08-17,,,,,PL/23518/EXP/ES/2020,,23.90,27.50,27.30
2026-08-17,,,,,PL/23517/EXP/ES/2020,,24.00,30.50,27.00
2026-08-17,,,,,PL/23516/EXP/ES/2020,,23.99,28.60,
2026-08-17,,,,,PL/23515/EXP/ES/2020,,23.99,29.99,27.00
2026-08-17,,,,,PL/23514/EXP/ES/2020,,23.99,29.99,27.00
2026-08-17,,,,,PL/23513/EXP/ES/2020,,23.99,29.99,27.00
2026-08-17,,,,,PL/23512/EXP/ES/2020,,23.99,29.99,27.00
2026-08-17,,,,,PL/23511/EXP/ES/2020,,23.85,28.10,27.00
2026-08-17,,,,,PL/23510/EXP/ES/2020,,23.65,28.66,26.99
2026-08-17,,,,,PL/2351/EXP/ES/2015,,23.99,28.65,26.99
2026-08-17,,,,,PL/23509/EXP/ES/2020,,23.99,29.24,27.00
2026-08-17,,,,,PL/23508/EXP/ES/2020,,23.99,29.90,26.99
2026-08-17,,,,,PL/23507/EXP/ES/2020,,23.90,28.89,27.30
2026-08-17,,,,,PL/23505/EXP/ES/2020,,23.99,29.49,27.00
2026-08-17,,,,,PL/23504/EXP/ES/2020,,23.90,28.35,27.00
2026-08-17,,,,,PL/23503/EXP/ES/2020,,24.00,29.55,26.99
2026-08-17,,,,,PL/23502/EXP/ES/2020,,23.49,27.99,27.00
2026-08-17,,,,,PL/23501/EXP/ES/2020,,23.99,28.49,26.99
2026-08-17,,,,,PL/23500/EXP/ES/2020,,23.59,27.99,26.99
2026-08-17,,,,,PL/2350/EXP/ES/2015,,23.99,29.95,27.00
2026-08-17,,,,,PL/23499/EXP/ES/2020,,23.99,29.59,26.99
2026-08-17,,,,,PL/23498/EXP/ES/2020,,23.99,28.33,26.99
2026-08-17,,,,,PL/23497/EXP/ES/2020,,23.99,29.24,27.00
2026-08-17,,,,,PL/23496/EXP/ES/2020,,23.99,28.99,26.99
2026-08-17,,,,,PL/23495/EXP/ES/2020,,23.98,28.39,27.00
2026-08-17,,,,,PL/23494/EXP/ES/2020,,23.60,24.10,27.38
2026-08-17,,,,,PL/23493/EXP/ES/2020,,23.80,27.80,26.90
2026-08-17,,,,,PL/2349/EXP/ES/2015,,23.99,29.79,27.00
2026-08-17,,,,,PL/2348/EXP/ES/2015,,24.49,29.79,
2026-08-17,,,,,PL/2347/EXP/ES/2015,,23.65,27.95,26.99
2026-08-17,,,,,PL/2346/EXP/ES/2015,,24.49,29.49,26.99
2026-08-17,,,,,PL/2345/EXP/ES/2015,,24.00,29.63,27.00
2026-08-17,,,,,PL/2344/EXP/ES/2015,,23.99,29.59,27.00
2026-08-17,,,,,PL/2343/EXP/ES/2015,,24.19,28.99,
2026-08-17,,,,,PL/2342/EXP/ES/2015,,23.99,29.49,
2026-08-17,,,,,PL/2341/EXP/ES/2015,,23.99,29.99,
2026-08-17,,,,,PL/2340/EXP/ES/2015,,23.99,29.49,
2026-08-17,,,,,PL/23390/EXP/ES/2020,,23.99,28.99,26.99
2026-08-17,,,,,PL/2339/EXP/ES/2015,,23.99,29.49,26.99
2026-08-17,,,,,PL/23389/EXP/ES/2020,,22.99,28.37,26.99
2026-08-17,,,,,PL/23388/EXP/ES/2020,,23.99,29.72,27.00
2026-08-17,,,,,PL/23387/EXP/ES/2020,,23.99,28.99,26.99
2026-08-17,,,,,PL/23386/EXP/ES/2020,,23.99,,26.99
2026-08-17,,,,,PL/23385/EXP/ES/2020,,23.99,28.39,27.00
2026-08-17,,,,,PL/23384/EXP/ES/2020,,23.99,29.69,27.29
2026-08-17,,,,,PL/23383/EXP/ES/2020,,23.59,27.79,26.95
2026-08-17,,,,,PL/23382/EXP/ES/2020,,23.99,29.79,27.00
2026-08-17,,,,,PL/23381/EXP/ES/2020,,23.99,28.39,26.99
2026-08-17,,,,,PL/2338/EXP/ES/2015,,23.99,29.99,27.00
2026-08-17,,,,,PL/23379/EXP/ES/2020,,23.99,29.50,27.00
2026-08-17,,,,,PL/2337/EXP/ES/2015,,23.65,28.66,
2026-08-17,,,,,PL/2336/EXP/ES/2015,,24.49,29.49,26.99
2026-08-17,,,,,PL/2335/EXP/ES/2015,,26.25,29.76,29.55
2026-08-17,,,,,PL/2334/EXP/ES/2015,,24.99,29.49,26.99
2026-08-17,,,,,PL/23331/EXP/ES/2020,,23.99,29.29,27.00
2026-08-17,,,,,PL/23330/EXP/ES/2020,,22.99,28.19,27.00
2026-08-17,,,,,PL/2333/EXP/ES/2015,,23.99,29.49,26.99
2026-08-17,,,,,PL/23329/EXP/ES/2020,,23.99,28.19,26.99
2026-08-17,,,,,PL/23328/EXP/ES/2020,,23.99,28.99,27.00
2026-08-17,,,,,PL/23326/EXP/ES/2020,,24.00,29.99,27.50
2026-08-17,,,,,PL/23325/EXP/ES/2020,,23.99,30.39,27.99
2026-08-17,,,,,PL/23324/EXP/ES/2020,,23.89,27.71,26.99
2026-08-17,,,,,PL/2332/EXP/ES/2015,,23.99,29.99,27.00
2026-08-17,,,,,PL/2331/EXP/ES/2015,,24.99,29.49,26.99
2026-08-17,,,,,PL/2330/EXP/ES/2015,,24.49,29.49,26.99
2026-08-17,,,,,PL/2329/EXP/ES/2015,,23.99,29.49,26.99
2026-08-17,,,,,PL/2328/EXP/ES/2015,,23.99,29.49,26.99
2026-08-17,,,,,PL/2327/EXP/ES/2015,,24.99,29.49,
2026-08-17,,,,,PL/23268/EXP/ES/2020,,25.38,28.96,28.28
2026-08-17,,,,,PL/23267/EXP/ES/2020,,23.99,29.68,28.59
2026-08-17,,,,,PL/23266/EXP/ES/2020,,23.99,29.29,26.99
2026-08-17,,,,,PL/23265/EXP/ES/2020,,23.99,28.49,26.99
2026-08-17,,,,,PL/23264/EXP/ES/2020,,23.99,29.99,27.49
2026-08-17,,,,,PL/23263/EXP/ES/2020,,23.97,29.17,26.97
2026-08-17,,,,,PL/23262/EXP/ES/2020,,23.04,26.74,26.89
2026-08-17,,,,,PL/23261/EXP/ES/2020,,23.99,29.29,
2026-08-17,,,,,PL/23260/EXP/ES/2020,,24.49,29.39,26.99
2026-08-17,,,,,PL/2326/EXP/ES/2015,,23.95,29.40,27.00
2026-08-17,,,,,PL/23259/EXP/ES/2020,,23.29,27.99,
2026-08-17,,,,,PL/23258/EXP/ES/2020,,23.95,28.99,26.99
2026-08-17,,,,,PL/23257/EXP/ES/2020,,24.49,29.59,26.99
2026-08-17,,,,,PL/23256/EXP/ES/2020,,24.49,29.59,26.99
2026-08-17,,,,,PL/23255/EXP/ES/2020,,25.39,28.99,28.29
2026-08-17,,,,,PL/23254/EXP/ES/2020,,23.99,28.82,27.00
2026-08-17,,,,,PL/23253/EXP/ES/2020,,23.09,28.69,27.00
2026-08-17,,,,,PL/23252/EXP/ES/2020,,23.80,26.80,26.98
2026-08-17,,,,,PL/23251/EXP/ES/2020,,24.49,29.99,26.99
2026-08-17,,,,,PL/23250/EXP/ES/2020,,23.99,29.29,26.99
2026-08-17,,,,,PL/2325/EXP/ES/2015,,24.49,29.49,
2026-08-17,,,,,PL/23249/EXP/ES/2020,,23.99,29.00,27.00
2026-08-17,,,,,PL/23248/EXP/ES/2020,,23.99,29.90,27.00
2026-08-17,,,,,PL/23247/EXP/ES/2020,,23.99,29.99,27.00
2026-08-17,,,,,PL/23246/EXP/ES/2020,,23.99,29.99,27.00
2026-08-17,,,,,PL/23244/EXP/ES/2020,,23.99,29.99,27.00
2026-08-17,,,,,PL/23243/EXP/ES/2020,,23.99,29.99,27.00
2026-08-17,,,,,PL/23242/EXP/ES/2020,,23.99,29.99,
2026-08-17,,,,,PL/23241/EXP/ES/2020,,23.49,27.69,26.99
2026-08-17,,,,,PL/23240/EXP/ES/2020,,23.65,27.65,25.75
2026-08-17,,,,,PL/2324/EXP/ES/2015,,24.99,29.49,26.99
2026-08-17,,,,,PL/23239/EXP/ES/2020,,25.39,28.99,28.29
2026-08-17,,,,,PL/23238/EXP/ES/2020,,24.00,29.50,27.00
2026-08-17,,,,,PL/23237/EXP/ES/2020,,23.99,29.99,27.00
2026-08-17,,,,,PL/23236/EXP/ES/2020,,23.99,29.99,27.00
2026-08-17,,,,,PL/23235/EXP/ES/2020,,23.99,27.99,27.00
2026-08-17,,,,,PL/23234/EXP/ES/2020,,23.99,27.99,27.00
2026-08-17,,,,,PL/23233/EXP/ES/2020,,23.99,28.79,27.00
2026-08-17,,,,,PL/23232/EXP/ES/2020,,23.99,27.19,27.00
2026-08-17,,,,,PL/23231/EXP/ES/2020,,23.69,28.39,
2026-08-17,,,,,PL/23230/EXP/ES/2020,,23.99,28.15,26.98
2026-08-17,,,,,PL/2323/EXP/ES/2015,,23.80,27.69,
2026-08-17,,,,,PL/23229/EXP/ES/2020,,23.99,26.99,26.79
2026-08-17,,,,,PL/23228/EXP/ES/2020,,24.00,28.49,27.00
2026-08-17,,,,,PL/23227/EXP/ES/2020,,23.99,24.99,27.00
2026-08-17,,,,,PL/23226/EXP/ES/2020,,24.49,29.79,27.00
2026-08-17,,,,,PL/23225/EXP/ES/2020,,23.79,28.49,26.89
2026-08-17,,,,,PL/23224/EXP/ES/2020,,24.39,27.94,27.00
2026-08-17,,,,,PL/23223/EXP/ES/2020,,23.54,27.45,
2026-08-17,,,,,PL/23222/EXP/ES/2020,,23.99,,27.49
2026-08-17,,,,,PL/23221/EXP/ES/2020,,23.79,27.99,26.99
2026-08-17,,,,,PL/23220/EXP/ES/2020,,20.59,26.79,25.39
2026-08-17,,,,,PL/2322/EXP/ES/2015,,23.99,28.95,28.00
2026-08-17,,,,,PL/23219/EXP/ES/2020,,25.39,28.99,28.29
2026-08-17,,,,,PL/23218/EXP/ES/2020,,23.99,29.24,27.00
2026-08-17,,,,,PL/23217/EXP/ES/2020,,24.29,29.29,26.99
2026-08-17,,,,,PL/23216/EXP/ES/2020,,23.78,27.99,26.99
2026-08-17,,,,,PL/23215/EXP/ES/2020,,23.99,28.59,27.00
2026-08-17,,,,,PL/23214/EXP/ES/2020,,19.25,23.55,
2026-08-17,,,,,PL/23213/EXP/ES/2020,,22.99,27.19,
2026-08-17,,,,,PL/23212/EXP/ES/2020,,23.99,28.99,25.99
2026-08-17,,,,,PL/23211/EXP/ES/2020,,23.37,28.39,27.00
2026-08-17,,,,,PL/23210/EXP/ES/2020,,24.00,28.79,27.00
2026-08-17,,,,,PL/2321/EXP/ES/2015,,24.49,29.79,27.00
2026-08-17,,,,,PL/23209/EXP/ES/2020,,24.09,28.99,27.49
2026-08-17,,,,,PL/2320/EXP/ES/2015,,23.78,27.30,
2026-08-17,,,,,PL/2319/EXP/ES/2015,,23.59,28.49,25.39
2026-08-17,,,,,PL/2318/EXP/ES/2015,,23.99,29.49,26.99
2026-08-17,,,,,PL/2317/EXP/ES/2015,,23.99,28.99,26.99
2026-08-17,,,,,PL/2316/EXP/ES/2015,,23.99,27.89,27.00
2026-08-17,,,,,PL/2315/EXP/ES/2015,,23.18,25.68,24.67
2026-08-17,,,,,PL/2314/EXP/ES/2015,,23.18,24.99,24.67
2026-08-17,,,,,PL/2313/EXP/ES/2015,,23.99,28.74,
2026-08-17,,,,,PL/2312/EXP/ES/2015,,23.99,29.49,26.99
2026-08-17,,,,,PL/2311/EXP/ES/2015,,24.00,28.50,27.00
2026-08-17,,,,,PL/2310/EXP/ES/2015,,23.99,28.49,27.00
2026-08-17,,,,,PL/2309/EXP/ES/2015,,23.55,27.99,27.00
2026-08-17,,,,,PL/2308/EXP/ES/2015,,24.99,29.69,26.99
2026-08-17,,,,,PL/2307/EXP/ES/2015,,23.98,27.79,27.00
2026-08-17,,,,,PL/2306/EXP/ES/2015,,23.99,29.99,26.99
2026-08-17,,,,,PL/23055/EXP/ES/2019,,23.39,28.19,26.90
2026-08-17,,,,,PL/23053/EXP/ES/2019,,22.76,27.45,26.99
2026-08-17,,,,,PL/23052/EXP/ES/2019,,23.99,27.50,26.90
2026-08-17,,,,,PL/23051/EXP/ES/2019,,23.79,28.49,27.00
2026-08-17,,,,,PL/23050/EXP/ES/2019,,24.00,28.65,27.00
2026-08-17,,,,,PL/2305/EXP/ES/2015,,24.00,28.99,27.24
2026-08-17,,,,,PL/23049/EXP/ES/2019,,23.99,29.49,26.85
2026-08-17,,,,,PL/23048/EXP/ES/2019,,23.99,29.86,27.98
2026-08-17,,,,,PL/23047/EXP/ES/2019,,23.99,28.99,27.00
2026-08-17,,,,,PL/23046/EXP/ES/2019,,23.99,29.49,27.00
2026-08-17,,,,,PL/23045/EXP/ES/2019,,24.69,29.99,26.99
2026-08-17,,,,,PL/23044/EXP/ES/2019,,24.69,29.99,26.99
2026-08-17,,,,,PL/23043/EXP/ES/2019,,24.49,29.29,27.99
2026-08-17,,,,,PL/23042/EXP/ES/2019,,24.49,29.69,26.99
2026-08-17,,,,,PL/23041/EXP/ES/2019,,23.95,28.94,26.99
2026-08-17,,,,,PL/23040/EXP/ES/2019,,23.99,28.39,26.99
2026-08-17,,,,,PL/23039/EXP/ES/2019,,23.99,28.79,26.99
2026-08-17,,,,,PL/23038/EXP/ES/2019,,23.49,28.79,
2026-08-17,,,,,PL/23037/EXP/ES/2019,,23.99,27.99,25.39
2026-08-17,,,,,PL/23036/EXP/ES/2019,,23.99,29.44,27.00
2026-08-17,,,,,PL/23035/EXP/ES/2019,,23.54,27.95,26.98
2026-08-17,,,,,PL/23034/EXP/ES/2019,,23.95,29.02,27.00
2026-08-17,,,,,PL/23033/EXP/ES/2019,,23.99,28.69,27.00
2026-08-17,,,,,PL/23032/EXP/ES/2019,,23.99,,27.00
2026-08-17,,,,,PL/23031/EXP/ES/2019,,23.98,29.25,27.00
2026-08-17,,,,,PL/23030/EXP/ES/2019,,23.98,29.25,27.00
2026-08-17,,,,,PL/2303/EXP/ES/2015,,23.99,28.38,27.00
2026-08-17,,,,,PL/23029/EXP/ES/2019,,23.99,28.99,
2026-08-17,,,,,PL/23028/EXP/ES/2019,,23.99,27.99,26.99
2026-08-17,,,,,PL/23027/EXP/ES/2019,,21.94,27.29,25.39
2026-08-17,,,,,PL/23026/EXP/ES/2019,,23.89,28.99,27.00
2026-08-17,,,,,PL/23025/EXP/ES/2019,,24.00,29.55,27.00
2026-08-17,,,,,PL/23024/EXP/ES/2019,,23.99,28.94,26.99
2026-08-17,,,,,PL/23023/EXP/ES/2019,,23.99,28.38,27.00
2026-08-17,,,,,PL/23022/EXP/ES/2019,,22.99,,27.00
2026-08-17,,,,,PL/23021/EXP/ES/2019,,23.50,27.45,26.99
2026-08-17,,,,,PL/23020/EXP/ES/2019,,22.98,26.48,27.85
2026-08-17,,,,,PL/2302/EXP/ES/2015,,22.99,28.99,
2026-08-17,,,,,PL/23019/EXP/ES/2019,,23.99,28.79,27.00
2026-08-17,,,,,PL/23018/EXP/ES/2019,,24.09,28.80,27.46
2026-08-17,,,,,PL/23017/EXP/ES/2019,,24.19,28.99,27.00
2026-08-17,,,,,PL/23016/EXP/ES/2019,,23.99,28.99,
2026-08-17,,,,,PL/23015/EXP/ES/2019,,23.99,29.75,26.98
2026-08-17,,,,,PL/23014/EXP/ES/2019,,23.99,29.59,26.99
2026-08-17,,,,,PL/23013/EXP/ES/2019,,24.00,29.35,27.00
2026-08-17,,,,,PL/23012/EXP/ES/2019,,23.99,28.81,
2026-08-17,,,,,PL/23011/EXP/ES/2019,,23.99,28.59,27.00
2026-08-17,,,,,PL/2301/EXP/ES/2015,,23.99,28.99,27.00
2026-08-17,,,,,PL/2300/EXP/ES/2015,,23.55,27.45,27.00
2026-08-17,,,,,PL/2299/EXP/ES/2015,,23.98,28.06,26.91
2026-08-17,,,,,PL/2298/EXP/ES/2015,,23.99,29.39,27.00
2026-08-17,,,,,PL/2297/EXP/ES/2015,,23.99,29.99,
2026-08-17,,,,,PL/2296/EXP/ES/2015,,23.99,29.43,27.00
2026-08-17,,,,,PL/2295/EXP/ES/2015,,23.94,28.49,26.99
2026-08-17,,,,,PL/2294/EXP/ES/2015,,23.99,28.19,27.00
2026-08-17,,,,,PL/2293/EXP/ES/2015,,23.29,27.80,
2026-08-17,,,,,PL/2292/EXP/ES/2015,,23.99,28.16,
2026-08-17,,,,,PL/22911/EXP/ES/2019,,23.99,27.79,27.00
2026-08-17,,,,,PL/22910/EXP/ES/2019,,23.49,27.99,
2026-08-17,,,,,PL/2291/EXP/ES/2015,,23.99,28.67,26.99
2026-08-17,,,,,PL/22909/EXP/ES/2019,,23.99,27.59,26.95
2026-08-17,,,,,PL/22908/EXP/ES/2019,,23.99,28.90,
2026-08-17,,,,,PL/22907/EXP/ES/2019,,23.49,27.99,
2026-08-17,,,,,PL/22906/EXP/ES/2019,,23.99,29.45,27.10
2026-08-17,,,,,PL/22905/EXP/ES/2019,,23.99,28.69,27.00
2026-08-17,,,,,PL/22904/EXP/ES/2019,,23.99,28.74,27.00
2026-08-17,,,,,PL/22903/EXP/ES/2019,,23.10,27.30,26.80
2026-08-17,,,,,PL/22902/EXP/ES/2019,,23.49,27.80,26.99
2026-08-17,,,,,PL/22901/EXP/ES/2019,,23.95,27.40,27.00
2026-08-17,,,,,PL/22900/EXP/ES/2019,,23.99,28.89,27.00
2026-08-17,,,,,PL/2290/EXP/ES/2015,,24.99,29.49,26.99
2026-08-17,,,,,PL/22899/EXP/ES/2019,,23.99,28.65,27.00
2026-08-17,,,,,PL/22898/EXP/ES/2019,,23.44,29.28,
2026-08-17,,,,,PL/22897/EXP/ES/2019,,20.59,25.39,26.99
2026-08-17,,,,,PL/22893/EXP/ES/2019,,23.89,28.89,
2026-08-17,,,,,PL/22892/EXP/ES/2019,,23.39,29.39,26.99
2026-08-17,,,,,PL/22891/EXP/ES/2019,,23.99,29.99,
2026-08-17,,,,,PL/22890/EXP/ES/2019,,23.99,29.99,27.00
2026-08-17,,,,,PL/2289/EXP/ES/2015,,23.99,28.79,27.00
2026-08-17,,,,,PL/22889/EXP/ES/2019,,23.99,29.99,27.00
2026-08-17,,,,,PL/22888/EXP/ES/2019,,23.99,29.99,27.00
2026-08-17,,,,,PL/22887/EXP/ES/2019,,23.85,27.99,
2026-08-17,,,,,PL/22886/EXP/ES/2019,,25.39,28.99,28.29
2026-08-17,,,,,PL/22885/EXP/ES/2019,,25.39,28.99,28.29
2026-08-17,,,,,PL/22884/EXP/ES/2019,,25.39,28.99,28.29
2026-08-17,,,,,PL/22883/EXP/ES/2019,,25.39,28.99,
2026-08-17,,,,,PL/22882/EXP/ES/2019,,23.99,28.29,27.00
2026-08-17,,,,,PL/22881/EXP/ES/2019,,23.99,28.45,27.17
2026-08-17,,,,,PL/22880/EXP/ES/2019,,23.49,27.99,26.99
2026-08-17,,,,,PL/2288/EXP/ES/2015,,23.99,28.40,26.99
2026-08-17,,,,,PL/22879/EXP/ES/2019,,22.99,27.69,26.99
2026-08-17,,,,,PL/22878/EXP/ES/2019,,24.35,28.35,27.00
2026-08-17,,,,,PL/22876/EXP/ES/2019,,24.20,28.89,27.65
2026-08-17,,,,,PL/22875/EXP/ES/2019,,22.99,27.75,26.95
2026-08-17,,,,,PL/22874/EXP/ES/2019,,23.89,27.89,
2026-08-17,,,,,PL/22873/EXP/ES/2019,,23.99,28.20,26.99
2026-08-17,,,,,PL/22872/EXP/ES/2019,,23.99,28.69,27.39
2026-08-17,,,,,PL/22871/EXP/ES/2019,,23.99,29.07,27.00
2026-08-17,,,,,PL/22870/EXP/ES/2019,,23.79,28.09,26.99
2026-08-17,,,,,PL/2287/EXP/ES/2015,,23.99,28.40,27.00
2026-08-17,,,,,PL/22869/EXP/ES/2019,,24.49,29.99,26.99
2026-08-17,,,,,PL/22868/EXP/ES/2019,,23.99,28.85,26.99
2026-08-17,,,,,PL/22867/EXP/ES/2019,,23.99,28.99,27.00
2026-08-17,,,,,PL/22866/EXP/ES/2019,,23.99,29.99,27.00
2026-08-17,,,,,PL/22865/EXP/ES/2019,,24.99,28.99,28.50
2026-08-17,,,,,PL/22864/EXP/ES/2019,,22.90,27.45,26.90
2026-08-17,,,,,PL/22863/EXP/ES/2019,,24.40,,27.79
2026-08-17,,,,,PL/22862/EXP/ES/2019,,23.70,27.95,26.97
2026-08-17,,,,,PL/22861/EXP/ES/2019,,24.19,29.29,27.00
2026-08-17,,,,,PL/22860/EXP/ES/2019,,22.66,27.99,
2026-08-17,,,,,PL/2286/EXP/ES/2015,,23.99,28.59,27.00
2026-08-17,,,,,PL/22859/EXP/ES/2019,,25.37,28.99,
2026-08-17,,,,,PL/22858/EXP/ES/2019,,23.45,28.29,26.99
2026-08-17,,,,,PL/22857/EXP/ES/2019,,23.99,27.99,27.00
2026-08-17,,,,,PL/22856/EXP/ES/2019,,22.29,27.19,26.29
2026-08-17,,,,,PL/22855/EXP/ES/2019,,23.49,27.59,26.99
2026-08-17,,,,,PL/22854/EXP/ES/2019,,23.69,28.69,26.99
2026-08-17,,,,,PL/22853/EXP/ES/2019,,23.99,28.55,27.00
2026-08-17,,,,,PL/22852/EXP/ES/2019,,23.99,29.29,27.00
2026-08-17,,,,,PL/22851/EXP/ES/2019,,24.79,29.89,27.99
2026-08-17,,,,,PL/22850/EXP/ES/2019,,24.79,29.89,27.99
2026-08-17,,,,,PL/2285/EXP/ES/2015,,23.99,28.59,27.00
2026-08-17,,,,,PL/22848/EXP/ES/2019,,23.99,29.39,26.85
2026-08-17,,,,,PL/22847/EXP/ES/2019,,23.99,28.30,27.00
2026-08-17,,,,,PL/22846/EXP/ES/2019,,25.39,28.98,28.29
2026-08-17,,,,,PL/22845/EXP/ES/2019,,23.99,29.25,27.00
2026-08-17,,,,,PL/22844/EXP/ES/2019,,24.19,28.59,27.00
2026-08-17,,,,,PL/22843/EXP/ES/2019,,23.34,28.98,
2026-08-17,,,,,PL/22842/EXP/ES/2019,,23.99,28.59,27.00
2026-08-17,,,,,PL/22841/EXP/ES/2019,,24.29,28.59,27.00
2026-08-17,,,,,PL/22840/EXP/ES/2019,,23.99,29.69,26.99
2026-08-17,,,,,PL/2284/EXP/ES/2015,,23.96,28.41,27.00
2026-08-17,,,,,PL/22839/EXP/ES/2019,,23.99,27.99,26.99
2026-08-17,,,,,PL/22838/EXP/ES/2019,,23.99,28.75,27.00
2026-08-17,,,,,PL/22837/EXP/ES/2019,,24.48,29.98,27.49
2026-08-17,,,,,PL/22836/EXP/ES/2019,,19.49,,26.99
2026-08-17,,,,,PL/22835/EXP/ES/2019,,22.39,26.99,26.39
2026-08-17,,,,,PL/22834/EXP/ES/2019,,22.79,27.35,26.20
2026-08-17,,,,,PL/22833/EXP/ES/2019,,24.39,27.99,27.00
2026-08-17,,,,,PL/22832/EXP/ES/2019,,23.85,28.35,27.00
2026-08-17,,,,,PL/22831/EXP/ES/2019,,23.34,28.98,
2026-08-17,,,,,PL/22830/EXP/ES/2019,,24.49,29.69,27.69
2026-08-17,,,,,PL/2283/EXP/ES/2015,,23.99,28.19,26.99
2026-08-17,,,,,PL/22829/EXP/ES/2019,,23.99,29.69,26.99
2026-08-17,,,,,PL/22828/EXP/ES/2019,,23.99,28.29,27.00
2026-08-17,,,,,PL/22827/EXP/ES/2019,,23.79,27.89,26.99
2026-08-17,,,,,PL/22826/EXP/ES/2019,,25.39,28.97,28.29
2026-08-17,,,,,PL/22825/EXP/ES/2019,,23.99,28.49,26.99
2026-08-17,,,,,PL/22824/EXP/ES/2019,,23.99,28.46,26.99
2026-08-17,,,,,PL/22823/EXP/ES/2019,,19.54,25.99,25.39
2026-08-17,,,,,PL/22822/EXP/ES/2019,,22.86,26.75,
2026-08-17,,,,,PL/22821/EXP/ES/2019,,24.19,29.29,27.00
2026-08-17,,,,,PL/22820/EXP/ES/2019,,23.99,29.59,27.00
2026-08-17,,,,,PL/2282/EXP/ES/2015,,23.99,28.40,
2026-08-17,,,,,PL/22819/EXP/ES/2019,,23.99,29.29,27.00
2026-08-17,,,,,PL/22818/EXP/ES/2019,,24.39,27.99,27.00
2026-08-17,,,,,PL/2281/EXP/ES/2015,,23.99,28.65,
2026-08-17,,,,,PL/2280/EXP/ES/2015,,23.39,28.99,25.38
2026-08-17,,,,,PL/2279/EXP/ES/2015,,,29.49,
2026-08-17,,,,,PL/2278/EXP/ES/2015,,,29.49,
2026-08-17,,,,,PL/2277/EXP/ES/2015,,23.75,27.69,26.99
2026-08-17,,,,,PL/2276/EXP/ES/2015,,19.15,23.45,25.38
2026-08-17,,,,,PL/2275/EXP/ES/2015,,19.15,23.45,
2026-08-17,,,,,PL/2274/EXP/ES/2015,,19.15,23.45,
2026-08-17,,,,,PL/2273/EXP/ES/2015,,19.15,23.45,
2026-08-17,,,,,PL/2272/EXP/ES/2015,,19.15,23.45,25.38
2026-08-17,,,,,PL/2271/EXP/ES/2015,,19.15,23.45,
2026-08-17,,,,,PL/2270/EXP/ES/2015,,19.15,23.45,
2026-08-17,,,,,PL/2269/EXP/ES/2015,,19.15,23.45,
2026-08-17,,,,,PL/2268/EXP/ES/2015,,19.15,23.45,
2026-08-17,,,,,PL/2267/EXP/ES/2015,,19.15,23.45,
2026-08-17,,,,,PL/2266/EXP/ES/2015,,23.99,29.99,27.00
2026-08-17,,,,,PL/22653/EXP/ES/2019,,,28.15,27.00
2026-08-17,,,,,PL/22651/EXP/ES/2019,,22.99,27.89,26.99
2026-08-17,,,,,PL/22650/EXP/ES/2019,,23.59,27.79,26.89
2026-08-17,,,,,PL/2265/EXP/ES/2015,,23.99,27.99,26.99
2026-08-17,,,,,PL/22649/EXP/ES/2019,,23.99,28.99,26.99
2026-08-17,,,,,PL/22647/EXP/ES/2019,,24.29,29.81,27.48
2026-08-17,,,,,PL/22646/EXP/ES/2019,,23.82,28.45,26.99
2026-08-17,,,,,PL/22645/EXP/ES/2019,,23.99,29.99,27.00
2026-08-17,,,,,PL/22644/EXP/ES/2019,,23.99,29.99,27.00
2026-08-17,,,,,PL/22643/EXP/ES/2019,,25.38,29.39,
2026-08-17,,,,,PL/22642/EXP/ES/2019,,25.38,29.39,28.28
2026-08-17,,,,,PL/22641/EXP/ES/2019,,23.99,28.59,27.00
2026-08-17,,,,,PL/22640/EXP/ES/2019,,25.42,28.80,29.90
2026-08-17,,,,,PL/2264/EXP/ES/2015,,24.49,29.79,
2026-08-17,,,,,PL/22638/EXP/ES/2019,,23.10,26.70,26.90
2026-08-17,,,,,PL/22637/EXP/ES/2019,,23.99,,27.00
2026-08-17,,,,,PL/22636/EXP/ES/2019,,23.49,26.49,
2026-08-17,,,,,PL/22635/EXP/ES/2019,,23.99,29.19,27.30
2026-08-17,,,,,PL/22634/EXP/ES/2019,,22.95,26.80,26.59
2026-08-17,,,,,PL/22633/EXP/ES/2019,,22.99,27.70,26.99
2026-08-17,,,,,PL/22632/EXP/ES/2019,,23.28,27.45,26.79
2026-08-17,,,,,PL/22631/EXP/ES/2019,,20.99,26.90,27.00
2026-08-17,,,,,PL/22630/EXP/ES/2019,,23.98,29.79,26.99
2026-08-17,,,,,PL/2263/EXP/ES/2015,,24.49,29.99,27.00
2026-08-17,,,,,PL/22629/EXP/ES/2019,,23.99,29.39,26.99
2026-08-17,,,,,PL/22628/EXP/ES/2019,,22.99,27.19,
2026-08-17,,,,,PL/22627/EXP/ES/2019,,23.99,29.99,27.00
2026-08-17,,,,,PL/22626/EXP/ES/2019,,23.99,29.99,27.00
2026-08-17,,,,,PL/22625/EXP/ES/2019,,23.99,29.99,27.00
2026-08-17,,,,,PL/22623/EXP/ES/2019,,23.99,29.99,27.00
2026-08-17,,,,,PL/22622/EXP/ES/2019,,23.99,29.99,27.00
2026-08-17,,,,,PL/22621/EXP/ES/2019,,23.99,29.99,27.00
2026-08-17,,,,,PL/22620/EXP/ES/2019,,23.99,29.99,27.00
2026-08-17,,,,,PL/2262/EXP/ES/2015,,23.99,29.59,
2026-08-17,,,,,PL/22618/EXP/ES/2019,,23.99,29.99,27.00
2026-08-17,,,,,PL/22617/EXP/ES/2019,,23.99,29.99,27.00
2026-08-17,,,,,PL/22616/EXP/ES/2019,,23.99,29.99,27.00
2026-08-17,,,,,PL/22615/EXP/ES/2019,,23.99,29.99,27.00
2026-08-17,,,,,PL/22614/EXP/ES/2019,,23.99,29.99,27.00
2026-08-17,,,,,PL/22613/EXP/ES/2019,,23.99,29.99,27.00
2026-08-17,,,,,PL/22612/EXP/ES/2019,,23.99,29.99,27.00
2026-08-17,,,,,PL/22611/EXP/ES/2019,,23.99,29.99,27.00
2026-08-17,,,,,PL/22610/EXP/ES/2019,,23.99,29.99,27.00
2026-08-17,,,,,PL/2261/EXP/ES/2015,,24.49,29.79,27.00
2026-08-17,,,,,PL/22609/EXP/ES/2019,,23.60,28.40,26.98
2026-08-17,,,,,PL/22608/EXP/ES/2019,,23.50,27.99,26.59
2026-08-17,,,,,PL/22607/EXP/ES/2019,,23.24,,26.90
2026-08-17,,,,LAS COMADRES DE NEXTIPAC SA DE CV,PL/22606/EXP/ES/2019,RAMON CORONA 440,23.97,29.47,26.99
2026-08-17,,,,"JORIMAR GASOLINEROS, S.A. DE C.V.",PL/22605/EXP/ES/2019,Carretera Tlajomulco - San Sebastián el Grande Km 3.5 #1100,22.99,28.39,26.99
2026-08-17,,,,,PL/22604/EXP/ES/2019,,24.00,29.00,27.00
2026-08-17,,,,,PL/22603/EXP/ES/2019,,23.95,27.49,26.97
2026-08-17,,,,,PL/22602/EXP/ES/2019,,22.89,27.99,
2026-08-17,,,,,PL/22601/EXP/ES/2019,,23.99,28.50,27.50
2026-08-17,,,,,PL/22600/EXP/ES/2019,,23.99,28.99,
2026-08-17,,,,,PL/2260/EXP/ES/2015,,24.49,29.49,27.49
2026-08-17,,,,,PL/22599/EXP/ES/2019,,23.99,28.97,27.00
2026-08-17,,,,,PL/22598/EXP/ES/2019,,24.00,29.99,27.00
2026-08-17,,,,,PL/22597/EXP/ES/2019,,24.69,29.99,27.00
2026-08-17,,,,,PL/22596/EXP/ES/2019,,23.89,28.99,26.99
2026-08-17,,,,,PL/22595/EXP/ES/2019,,23.99,29.14,26.99
2026-08-17,,,,,PL/22594/EXP/ES/2019,,23.20,27.98,26.98
2026-08-17,,,,,PL/22593/EXP/ES/2019,,20.75,24.99,27.00
2026-08-17,,,,,PL/22592/EXP/ES/2019,,23.99,28.35,27.54
2026-08-17,,,,,PL/22591/EXP/ES/2019,,23.99,28.50,27.00
2026-08-17,,,,,PL/22590/EXP/ES/2019,,24.19,29.59,27.00
2026-08-17,,,,,PL/2259/EXP/ES/2015,,24.49,29.79,
2026-08-17,,,,,PL/22589/EXP/ES/2019,,23.99,29.88,27.99
2026-08-17,,,,,PL/22588/EXP/ES/2019,,23.99,28.35,26.99
2026-08-17,,,,,PL/22587/EXP/ES/2019,,23.49,27.59,26.99
2026-08-17,,,,,PL/22586/EXP/ES/2019,,23.99,29.59,27.00
2026-08-17,,,,,PL/22585/EXP/ES/2019,,24.19,29.09,26.99
2026-08-17,,,,,PL/22583/EXP/ES/2019,,23.99,28.69,27.00
2026-08-17,,,,,PL/22582/EXP/ES/2019,,23.89,28.29,26.99
2026-08-17,,,,,PL/22581/EXP/ES/2019,,24.91,,28.55
2026-08-17,,,,,PL/22580/EXP/ES/2019,,23.98,29.60,27.00
2026-08-17,,,,,PL/2258/EXP/ES/2015,,24.49,29.99,27.49
2026-08-17,,,,,PL/22579/EXP/ES/2019,,23.99,28.99,26.99
2026-08-17,,,,,PL/22578/EXP/ES/2019,,23.99,28.59,27.00
2026-08-17,,,,,PL/22577/EXP/ES/2019,,23.99,27.99,26.99
2026-08-17,,,,,PL/22576/EXP/ES/2019,,25.39,28.98,28.28
2026-08-17,,,,,PL/22575/EXP/ES/2019,,23.99,29.45,27.00
2026-08-17,,,,,PL/22574/EXP/ES/2019,,22.99,27.99,
2026-08-17,,,,,PL/22573/EXP/ES/2019,,22.59,27.49,
2026-08-17,,,,,PL/22572/EXP/ES/2019,,23.99,29.69,
2026-08-17,,,,,PL/22571/EXP/ES/2019,,23.69,28.29,
2026-08-17,,,,,PL/22570/EXP/ES/2019,,23.99,27.89,26.99
2026-08-17,,,,,PL/2257/EXP/ES/2015,,24.49,29.99,
2026-08-17,,,,,PL/22569/EXP/ES/2019,,23.99,29.69,
2026-08-17,,,,,PL/22568/EXP/ES/2019,,22.89,27.99,
2026-08-17,,,,,PL/22567/EXP/ES/2019,,22.89,26.39,
2026-08-17,,,,,PL/22566/EXP/ES/2019,,26.25,,29.55
2026-08-17,,,,,PL/22565/EXP/ES/2019,,23.99,28.69,27.00
2026-08-17,,,,,PL/22564/EXP/ES/2019,,25.39,28.89,28.28
2026-08-17,,,,,PL/22563/EXP/ES/2019,,22.99,27.89,26.94
2026-08-17,,,,,PL/22562/EXP/ES/2019,,23.99,27.99,
2026-08-17,,,,,PL/22561/EXP/ES/2019,,23.95,,27.00
2026-08-17,,,,,PL/22560/EXP/ES/2019,,23.99,28.39,26.99
2026-08-17,,,,,PL/2256/EXP/ES/2015,,19.15,23.45,
2026-08-17,,,,,PL/22559/EXP/ES/2019,,23.99,29.09,27.00
2026-08-17,,,,,PL/22558/EXP/ES/2019,,23.67,29.17,26.97
2026-08-17,,,,,PL/22557/EXP/ES/2019,,23.50,27.99,26.99
2026-08-17,,,,,PL/22556/EXP/ES/2019,,23.99,28.40,27.00
2026-08-17,,,,,PL/22555/EXP/ES/2019,,23.65,26.95,26.80
2026-08-17,,,,,PL/22554/EXP/ES/MM/2019,,22.88,,26.98
2026-08-17,,,,,PL/22553/EXP/ES/MM/2019,,23.94,,26.98
2026-08-17,,,,,PL/2255/EXP/ES/2015,,24.49,29.99,27.00
2026-08-17,,,,,PL/2254/EXP/ES/2015,,23.95,28.95,26.99
2026-08-17,,,,,PL/2253/EXP/ES/2015,,24.49,29.99,27.00
2026-08-17,,,,,PL/2252/EXP/ES/2015,,23.99,29.29,26.99
2026-08-17,,,,,PL/2251/EXP/ES/2015,,23.57,27.97,
2026-08-17,,,,,PL/2250/EXP/ES/2015,,24.49,29.99,27.00
2026-08-17,,,,,PL/2249/EXP/ES/2015,,24.49,29.99,27.00
2026-08-17,,,,,PL/2248/EXP/ES/2015,,24.49,29.99,27.00
2026-08-17,,,,,PL/2247/EXP/ES/2015,,24.49,29.99,27.00
2026-08-17,,,,,PL/2246/EXP/ES/2015,,22.99,25.49,27.49
2026-08-17,,,,,PL/2245/EXP/ES/2015,,24.49,29.99,27.00
2026-08-17,,,,,PL/2244/EXP/ES/2015,,23.79,28.99,26.99
2026-08-17,,,,,PL/22436/EXP/ES/2019,,23.99,27.99,27.49
2026-08-17,,,,,PL/22435/EXP/ES/2019,,22.77,27.99,26.84
2026-08-17,,,,,PL/22434/EXP/ES/2019,,23.89,28.69,27.24
2026-08-17,,,,,PL/22433/EXP/ES/2019,,23.99,28.30,27.00
2026-08-17,,,,,PL/22432/EXP/ES/2019,,24.89,27.89,27.70
2026-08-17,,,,,PL/22431/EXP/ES/2019,,23.99,27.99,27.00
2026-08-17,,,,,PL/22430/EXP/ES/2019,,23.99,28.88,27.00
2026-08-17,,,,,PL/2243/EXP/ES/2015,,23.97,28.58,26.99
2026-08-17,,,,,PL/22429/EXP/ES/2019,,23.99,28.59,27.00
2026-08-17,,,,,PL/22428/EXP/ES/2019,,23.99,28.59,27.00
2026-08-17,,,,,PL/22427/EXP/ES/2019,,23.69,27.75,27.00
2026-08-17,,,,,PL/22426/EXP/ES/2019,,23.49,28.69,
2026-08-17,,,,,PL/22425/EXP/ES/2019,,24.00,28.49,27.00
2026-08-17,,,,,PL/22424/EXP/ES/2019,,24.00,28.29,27.00
2026-08-17,,,,,PL/22423/EXP/ES/2019,,23.77,28.37,26.99
2026-08-17,,,,,PL/22422/EXP/ES/2019,,23.99,29.59,27.00
2026-08-17,,,,,PL/22421/EXP/ES/2019,,23.94,27.69,27.00
2026-08-17,,,,,PL/22420/EXP/ES/2019,,23.99,28.90,26.99
2026-08-17,,,,,PL/2242/EXP/ES/2015,,23.99,28.99,
2026-08-17,,,,,PL/22419/EXP/ES/2019,,23.90,29.09,27.00
2026-08-17,,,,,PL/22418/EXP/ES/2019,,22.85,27.59,
2026-08-17,,,,,PL/22417/EXP/ES/2019,,23.99,29.50,27.00
2026-08-17,,,,,PL/22416/EXP/ES/2019,,24.00,28.89,27.00
2026-08-17,,,,,PL/22415/EXP/ES/2019,,23.99,27.70,26.99
2026-08-17,,,,,PL/22414/EXP/ES/2019,,24.00,28.38,26.99
2026-08-17,,,,,PL/22413/EXP/ES/2019,,24.44,29.99,27.59
2026-08-17,,,,,PL/22412/EXP/ES/2019,,22.95,27.99,26.99
2026-08-17,,,,,PL/22411/EXP/ES/2019,,24.79,29.89,27.99
2026-08-17,,,,,PL/22410/EXP/ES/2019,,22.99,27.99,26.99
2026-08-17,,,,,PL/2241/EXP/ES/2015,,23.99,29.58,27.00
2026-08-17,,,,,PL/22409/EXP/ES/2019,,19.11,23.26,
2026-08-17,,,,,PL/22408/EXP/ES/2019,,23.93,27.93,26.93
2026-08-17,,,,,PL/22407/EXP/ES/2019,,23.99,28.79,26.99
2026-08-17,,,,,PL/22404/EXP/ES/2019,,23.89,27.89,27.34
2026-08-17,,,,,PL/22403/EXP/ES/2019,,23.99,28.77,26.99
2026-08-17,,,,,PL/22402/EXP/ES/2019,,23.19,27.86,26.89
2026-08-17,,,,,PL/22401/EXP/ES/2019,,23.78,27.60,26.84
2026-08-17,,,,,PL/22400/EXP/ES/2019,,23.99,28.89,27.00
2026-08-17,,,,,PL/2240/EXP/ES/2015,,23.99,29.14,27.00
2026-08-17,,,,,PL/22399/EXP/ES/2019,,23.34,27.89,26.89
2026-08-17,,,,,PL/22398/EXP/ES/2019,,23.49,27.99,
2026-08-17,,,,,PL/22397/EXP/ES/2019,,23.29,27.57,26.99
2026-08-17,,,,,PL/22396/EXP/ES/2019,,24.00,29.68,27.00
2026-08-17,,,,,PL/22395/EXP/ES/2019,,21.29,,25.39
2026-08-17,,,,,PL/22394/EXP/ES/2019,,23.98,28.48,26.99
2026-08-17,,,,,PL/22393/EXP/ES/2019,,23.99,27.99,27.00
2026-08-17,,,,,PL/22392/EXP/ES/2019,,23.99,29.34,
2026-08-17,,,,,PL/22391/EXP/ES/2019,,23.99,,27.00
2026-08-17,,,,,PL/22390/EXP/ES/2019,,23.95,28.19,26.99
2026-08-17,,,,,PL/22389/EXP/ES/2019,,23.99,28.96,26.25
2026-08-17,,,,,PL/22388/EXP/ES/2019,,20.00,,26.99
2026-08-17,,,,,PL/22387/EXP/ES/2019,,20.39,26.02,25.39
2026-08-17,,,,,PL/22386/EXP/ES/2019,,24.00,27.99,27.00
2026-08-17,,,,,PL/22385/EXP/ES/2019,,24.69,29.99,27.00
2026-08-17,,,,,PL/22384/EXP/ES/2019,,24.39,27.99,27.00
2026-08-17,,,,,PL/22383/EXP/ES/2019,,25.38,28.97,28.28
2026-08-17,,,,,PL/22382/EXP/ES/2019,,24.39,27.94,27.00
2026-08-17,,,,,PL/22381/EXP/ES/2019,,23.80,27.90,27.00
2026-08-17,,,,,PL/22380/EXP/ES/2019,,24.99,,
2026-08-17,,,,,PL/22379/EXP/ES/2019,,23.59,27.99,26.99
2026-08-17,,,,,PL/22378/EXP/ES/2019,,23.19,27.99,26.99
2026-08-17,,,,,PL/22377/EXP/ES/2019,,23.08,28.95,27.00
2026-08-17,,,,,PL/22376/EXP/ES/2019,,23.19,27.29,26.75
2026-08-17,,,,,PL/22375/EXP/ES/2019,,25.39,28.99,28.29
2026-08-17,,,,,PL/22374/EXP/ES/2019,,23.99,29.99,27.00
2026-08-17,,,,,PL/22373/EXP/ES/2019,,23.99,28.19,27.00
2026-08-17,,,,,PL/22372/EXP/ES/2019,,23.79,28.29,26.99
2026-08-17,,,,,PL/22371/EXP/ES/2019,,24.98,28.99,27.99
2026-08-17,,,,,PL/22370/EXP/ES/2019,,23.99,28.19,27.39
2026-08-17,,,,,PL/22369/EXP/ES/2019,,23.99,27.99,27.00
2026-08-17,,,,,PL/22368/EXP/ES/2019,,24.40,28.72,27.35
2026-08-17,,,,,PL/22367/EXP/ES/2019,,23.99,28.99,28.00
2026-08-17,,,,,PL/22366/EXP/ES/2019,,23.40,27.50,26.85
2026-08-17,,,,,PL/22365/EXP/ES/2019,,23.99,29.29,26.99
2026-08-17,,,,,PL/22364/EXP/ES/2019,,23.29,27.49,
2026-08-17,,,,,PL/22363/EXP/ES/2019,,22.89,26.79,
2026-08-17,,,,,PL/22362/EXP/ES/2019,,23.29,27.19,
2026-08-17,,,,,PL/22361/EXP/ES/2019,,23.99,29.29,26.99
2026-08-17,,,,,PL/22360/EXP/ES/2019,,23.99,27.59,27.00
2026-08-17,,,,,PL/2236/EXP/ES/2015,,23.99,28.99,26.99
2026-08-17,,,,,PL/22359/EXP/ES/2019,,23.99,29.39,27.00
2026-08-17,,,,,PL/22358/EXP/ES/2019,,23.25,25.50,26.99
2026-08-17,,,,,PL/22355/EXP/ES/2019,,24.79,29.29,27.59
2026-08-17,,,,,PL/22354/EXP/ES/2019,,23.99,28.99,26.99
2026-08-17,,,,,PL/22353/EXP/ES/2019,,24.39,27.99,27.00
2026-08-17,,,,,PL/22351/EXP/ES/2019,,24.39,27.98,27.00
2026-08-17,,,,,PL/22350/EXP/ES/2019,,24.00,28.80,27.00
2026-08-17,,,,,PL/2235/EXP/ES/2015,,23.99,,26.99
2026-08-17,,,,,PL/22349/EXP/ES/2019,,,31.36,
2026-08-17,,,,,PL/22348/EXP/ES/2019,,23.85,28.99,27.00
2026-08-17,,,,,PL/22346/EXP/ES/2019,,24.37,27.97,27.00
2026-08-17,,,,,PL/22345/EXP/ES/2019,,24.39,27.99,27.00
2026-08-17,,,,,PL/22344/EXP/ES/2019,,23.99,29.00,27.99
2026-08-17,,,,,PL/22343/EXP/ES/2019,,24.00,29.39,27.24
2026-08-17,,,,,PL/22342/EXP/ES/2019,,23.90,28.30,26.99
2026-08-17,,,,,PL/22341/EXP/ES/2019,,19.15,23.45,25.38
2026-08-17,,,,,PL/22340/EXP/ES/2019,,19.15,23.45,25.38
2026-08-17,,,,,PL/2234/EXP/ES/2015,,19.29,24.99,
2026-08-17,,,,,PL/22339/EXP/ES/2019,,19.15,23.45,25.38
2026-08-17,,,,,PL/22335/EXP/ES/2019,,22.19,27.79,25.39
2026-08-17,,,,,PL/22334/EXP/ES/2019,,24.69,28.99,25.39
2026-08-17,,,,,PL/22333/EXP/ES/2019,,24.69,28.99,25.39
2026-08-17,,,,,PL/2233/EXP/ES/2015,,24.85,,28.90
2026-08-17,,,,,PL/2232/EXP/ES/2015,,24.15,28.75,28.00
2026-08-17,,,,,PL/2231/EXP/ES/2015,,24.10,,28.65
2026-08-17,,,,,PL/2230/EXP/ES/2015,,23.95,28.90,
2026-08-17,,,,,PL/2229/EXP/ES/2015,,23.99,28.99,26.99
2026-08-17,,,,,PL/2228/EXP/ES/2015,,24.10,28.75,28.15
2026-08-17,,,,,PL/2227/EXP/ES/2015,,23.75,27.50,26.99
2026-08-17,,,,,PL/2226/EXP/ES/2015,,23.90,27.60,26.99
2026-08-17,,,,,PL/2224/EXP/ES/2015,,23.99,28.99,26.99
2026-08-17,,,,,PL/22234/EXP/ES/2019,,23.99,27.99,27.49
2026-08-17,,,,,PL/22233/EXP/ES/2019,,23.99,27.79,27.00
2026-08-17,,,,,PL/22232/EXP/ES/2019,,22.39,28.99,26.99
2026-08-17,,,,,PL/22231/EXP/ES/2019,,23.99,29.59,27.00
2026-08-17,,,,,PL/22230/EXP/ES/2019,,23.95,28.59,27.59
2026-08-17,,,,,PL/2223/EXP/ES/2015,,22.97,27.97,25.37
2026-08-17,,,,,PL/22229/EXP/ES/2019,,19.29,23.59,25.39
2026-08-17,,,,,PL/22228/EXP/ES/2019,,23.79,28.49,
2026-08-17,,,,,PL/22227/EXP/ES/2019,,23.49,27.49,26.89
2026-08-17,,,,,PL/22226/EXP/ES/2019,,23.97,27.46,27.00
2026-08-17,,,,,PL/22225/EXP/ES/2019,,23.79,27.80,21.70
2026-08-17,,,,,PL/22224/EXP/ES/2019,,23.94,27.84,26.99
2026-08-17,,,,,PL/22223/EXP/ES/2019,,23.99,29.09,27.00
2026-08-17,,,,,PL/22222/EXP/ES/2019,,23.98,28.29,27.00
2026-08-17,,,,COMBUSTRON 1272 S.A. DE C.V.,PL/22221/EXP/ES/2019,"AVENIDA LÁZARO CÁRDENAS NO. 4094, ESQUINA CON CALLE DON BOSCO",22.99,29.89,
2026-08-17,,,,,PL/22220/EXP/ES/2019,,23.89,27.71,26.99
2026-08-17,,,,,PL/2222/EXP/ES/2015,,23.80,27.29,
2026-08-17,,,,,PL/22219/EXP/ES/2019,,23.99,28.99,27.99
2026-08-17,,,,,PL/22218/EXP/ES/2019,,24.00,29.19,
2026-08-17,,,,,PL/22217/EXP/ES/2019,,23.99,28.49,27.00
2026-08-17,,,,,PL/22216/EXP/ES/2019,,23.49,26.99,26.99
2026-08-17,,,,,PL/2221/EXP/ES/2015,,23.99,29.29,27.00
2026-08-17,,,,,PL/2220/EXP/ES/2015,,23.79,29.99,27.00
2026-08-17,,,,,PL/2219/EXP/ES/2015,,23.99,29.29,
2026-08-17,,,,,PL/2218/EXP/ES/2015,,23.99,29.99,
2026-08-17,,,,,PL/2217/EXP/ES/2015,,23.99,29.99,
2026-08-17,,,,,PL/22162/EXP/ES/2019,,23.99,28.59,27.00
2026-08-17,,,,,PL/22161/EXP/ES/2019,,21.50,25.99,27.94
2026-08-17,,,,,PL/22160/EXP/ES/2019,,23.99,28.99,26.99
2026-08-17,,,,,PL/2216/EXP/ES/2015,,23.99,28.99,26.99
2026-08-17,,,,,PL/22159/EXP/ES/2019,,23.99,28.55,27.00
2026-08-17,,,,,PL/22158/EXP/ES/2019,,23.70,28.55,26.99
2026-08-17,,,,,PL/22157/EXP/ES/2019,,23.99,29.99,27.99
2026-08-17,,,,,PL/22156/EXP/ES/2019,,21.99,28.99,26.99
2026-08-17,,,,,PL/22155/EXP/ES/2019,,23.52,28.92,26.40
2026-08-17,,,,,PL/22154/EXP/ES/2019,,22.99,27.82,
2026-08-17,,,,,PL/22153/EXP/ES/2019,,23.99,29.99,27.00
2026-08-17,,,,,PL/22152/EXP/ES/2019,,23.99,29.99,27.00
2026-08-17,,,,,PL/22151/EXP/ES/2019,,23.99,29.99,27.00
2026-08-17,,,,,PL/22150/EXP/ES/2019,,23.99,29.99,27.00
2026-08-17,,,,,PL/2215/EXP/ES/2015,,23.99,28.69,27.00
2026-08-17,,,,,PL/22149/EXP/ES/2019,,24.49,29.99,27.00
2026-08-17,,,,,PL/22147/EXP/ES/2019,,23.45,28.10,27.00
2026-08-17,,,,,PL/22146/EXP/ES/2019,,26.99,28.98,28.99
2026-08-17,,,,,PL/22145/EXP/ES/2019,,23.99,28.72,27.00
2026-08-17,,,,,PL/22144/EXP/ES/2019,,23.99,28.69,26.99
2026-08-17,,,,,PL/22143/EXP/ES/2019,,23.99,29.25,26.99
2026-08-17,,,,,PL/22142/EXP/ES/2019,,24.00,29.90,27.95
2026-08-17,,,,,PL/2214/EXP/ES/2015,,23.99,28.69,27.00
2026-08-17,,,,,PL/2213/EXP/ES/2015,,23.99,28.69,
2026-08-17,,,,,PL/2212/EXP/ES/2015,,23.99,28.99,26.99
2026-08-17,,,,,PL/2211/EXP/ES/2015,,24.49,28.49,27.49
2026-08-17,,,,,PL/2210/EXP/ES/2015,,23.98,,26.99
2026-08-17,,,,,PL/2209/EXP/ES/2015,,23.99,28.59,26.99
2026-08-17,,,,,PL/2208/EXP/ES/2015,,22.79,27.79,26.95
2026-08-17,,,,,PL/22070/EXP/ES/2019,,24.00,28.59,27.00
2026-08-17,,,,,PL/2207/EXP/ES/2015,,23.39,27.79,
2026-08-17,,,,,PL/22069/EXP/ES/2019,,23.79,27.49,27.00
2026-08-17,,,,,PL/22068/EXP/ES/2019,,24.69,29.99,26.99
2026-08-17,,,,,PL/22067/EXP/ES/2019,,22.99,28.69,26.99
2026-08-17,,,,,PL/22066/EXP/ES/2019,,22.99,27.99,
2026-08-17,,,,,PL/22065/EXP/ES/2019,,23.99,28.49,26.99
2026-08-17,,,,,PL/22064/EXP/ES/2019,,23.89,29.79,26.99
2026-08-17,,,,,PL/22063/EXP/ES/2019,,23.69,27.89,27.00
2026-08-17,,,,,PL/22062/EXP/ES/2019,,23.99,29.99,27.00
2026-08-17,,,,,PL/22061/EXP/ES/2019,,24.00,29.29,27.99
2026-08-17,,,,,PL/22060/EXP/ES/2019,,22.69,27.29,26.59
2026-08-17,,,,,PL/2206/EXP/ES/2015,,23.99,29.79,27.00
2026-08-17,,,,,PL/22059/EXP/ES/2019,,23.99,28.50,28.28
2026-08-17,,,,,PL/22058/EXP/ES/2019,,23.99,29.40,27.30
2026-08-17,,,,,PL/22057/EXP/ES/2019,,,23.99,27.99
2026-08-17,,,,,PL/22056/EXP/ES/2019,,23.99,27.99,27.00
2026-08-17,,,,,PL/22055/EXP/ES/2019,,23.99,29.89,27.00
2026-08-17,,,,,PL/22054/EXP/ES/2019,,22.39,27.99,25.39
2026-08-17,,,,,PL/22053/EXP/ES/2019,,23.79,27.34,
2026-08-17,,,,,PL/22052/EXP/ES/2019,,23.99,29.29,
2026-08-17,,,,,PL/22051/EXP/ES/2019,,19.15,23.45,
2026-08-17,,,,,PL/22050/EXP/ES/2019,,23.99,28.97,27.00
2026-08-17,,,,,PL/2205/EXP/ES/2015,,19.65,25.15,25.37
2026-08-17,,,,,PL/22049/EXP/ES/2019,,23.99,28.69,27.00
2026-08-17,,,,,PL/2204/EXP/ES/2015,,23.99,29.99,
2026-08-17,,,,,PL/2203/EXP/ES/2015,,23.99,28.29,27.00
2026-08-17,,,,,PL/2202/EXP/ES/2015,,23.79,27.89,
2026-08-17,,,,,PL/2201/EXP/ES/2015,,22.69,27.69,26.95
2026-08-17,,,,,PL/2200/EXP/ES/2015,,22.82,28.38,
2026-08-17,,,,SERVICIOS SCDJ SI SA DE CV,PL/21994/EXP/ES/2018,PROLONGACION ADOLF B HORN 7900,23.99,26.99,27.00
2026-08-17,,,,,PL/21993/EXP/ES/2018,,23.81,,27.00
2026-08-17,,,,,PL/21992/EXP/ES/2018,,24.69,29.99,26.98
2026-08-17,,,,,PL/21991/EXP/ES/2018,,24.49,29.99,27.99
2026-08-17,,,,,PL/2199/EXP/ES/2015,,23.89,28.59,27.00
2026-08-17,,,,,PL/21989/EXP/ES/2018,,23.99,,27.00
2026-08-17,,,,,PL/21988/EXP/ES/2018,,23.39,27.39,27.00
2026-08-17,,,,,PL/21987/EXP/ES/2018,,23.89,28.39,26.99
2026-08-17,,,,,PL/21986/EXP/ES/2018,,24.49,28.59,27.00
2026-08-17,,,,,PL/21985/EXP/ES/2018,,23.99,28.39,27.00
2026-08-17,,,,,PL/21984/EXP/ES/2018,,23.99,27.99,
2026-08-17,,,,,PL/21983/EXP/ES/2018,,23.99,27.99,26.99
2026-08-17,,,,,PL/21982/EXP/ES/2018,,23.89,28.99,27.00
2026-08-17,,,,,PL/2198/EXP/ES/2015,,23.99,27.99,26.95
2026-08-17,,,,,PL/2197/EXP/ES/2015,,23.98,29.98,26.98
2026-08-17,,,,,PL/2196/EXP/ES/2015,,24.00,29.50,27.00
2026-08-17,,,,,PL/2195/EXP/ES/2015,,23.99,28.29,27.00
2026-08-17,,,,,PL/2194/EXP/ES/2015,,23.67,27.99,26.99
2026-08-17,,,,,PL/2193/EXP/ES/2015,,23.99,28.39,27.00
2026-08-17,,,,,PL/2192/EXP/ES/2015,,23.68,27.78,
2026-08-17,,,,,PL/2191/EXP/ES/2015,,23.80,28.50,26.99
2026-08-17,,,,,PL/21900/EXP/ES/2018,,23.99,28.89,27.00
2026-08-17,,,,,PL/2190/EXP/ES/2015,,24.50,30.50,27.00
2026-08-17,,,,,PL/21899/EXP/ES/2018,,22.99,28.49,26.99
2026-08-17,,,,,PL/21898/EXP/ES/2018,,23.37,28.31,26.97
2026-08-17,,,,,PL/21897/EXP/ES/2018,,23.90,29.40,27.00
2026-08-17,,,,,PL/21896/EXP/ES/2018,,23.99,29.59,27.00
2026-08-17,,,,,PL/21895/EXP/ES/2018,,23.99,28.49,26.99
2026-08-17,,,,,PL/21894/EXP/ES/2018,,23.99,29.39,26.89
2026-08-17,,,,,PL/21892/EXP/ES/2018,,23.99,29.99,27.00
2026-08-17,,,,,PL/21891/EXP/ES/2018,,23.99,29.99,27.00
2026-08-17,,,,,PL/21890/EXP/ES/2018,,23.99,29.99,27.00
2026-08-17,,,,,PL/2189/EXP/ES/2015,,23.79,28.69,26.99
2026-08-17,,,,,PL/21889/EXP/ES/2018,,23.53,29.99,27.00
2026-08-17,,,,,PL/21888/EXP/ES/2018,,23.53,29.99,27.00
2026-08-17,,,,,PL/21887/EXP/ES/2018,,24.99,29.69,27.99
2026-08-17,,,,,PL/21886/EXP/ES/2018,,23.94,28.29,27.00
2026-08-17,,,,,PL/21885/EXP/ES/2018,,23.98,29.58,27.00
2026-08-17,,,,,PL/21884/EXP/ES/2018,,24.39,27.99,27.00
2026-08-17,,,,,PL/21883/EXP/ES/2018,,23.99,28.99,26.99
2026-08-17,,,,,PL/21882/EXP/ES/2018,,23.99,28.99,27.00
2026-08-17,,,,,PL/21881/EXP/ES/2018,,23.99,28.80,27.00
2026-08-17,,,,,PL/21880/EXP/ES/2018,,24.00,29.20,27.00
2026-08-17,,,,,PL/2188/EXP/ES/2015,,23.99,28.39,27.00
2026-08-17,,,,,PL/21879/EXP/ES/2018,,23.19,26.79,
2026-08-17,,,,,PL/21878/EXP/ES/2018,,19.99,,26.99
2026-08-17,,,,,PL/21877/EXP/ES/2018,,23.99,29.24,27.00
2026-08-17,,,,,PL/2187/EXP/ES/2015,,24.50,30.50,
2026-08-17,,,,,PL/2186/EXP/ES/2015,,24.50,30.50,
2026-08-17,,,,,PL/21855/EXP/ES/2018,,23.99,29.90,27.00
2026-08-17,,,,,PL/21854/EXP/ES/2018,,23.95,28.29,27.00
2026-08-17,,,,,PL/21853/EXP/ES/2018,,24.00,29.60,27.00
2026-08-17,,,,,PL/21852/EXP/ES/2018,,22.99,28.39,26.99
2026-08-17,,,,,PL/21851/EXP/ES/2018,,23.45,28.90,26.99
2026-08-17,,,,,PL/21850/EXP/ES/2018,,23.99,28.59,27.00
2026-08-17,,,,,PL/2185/EXP/ES/2015,,23.79,28.49,
2026-08-17,,,,,PL/21849/EXP/ES/2018,,23.99,29.30,27.00
2026-08-17,,,,,PL/21848/EXP/ES/2018,,23.29,27.99,26.50
2026-08-17,,,,,PL/21847/EXP/ES/2018,,21.19,26.90,27.00
2026-08-17,,,,,PL/21846/EXP/ES/2018,,22.97,27.47,26.77
2026-08-17,,,,,PL/21845/EXP/ES/2018,,22.99,27.99,
2026-08-17,,,,,PL/21844/EXP/ES/2018,,23.95,28.80,
2026-08-17,,,,,PL/21843/EXP/ES/2018,,23.99,29.90,28.00
2026-08-17,,,,,PL/21842/EXP/ES/2018,,23.78,28.99,26.88
2026-08-17,,,,,PL/21841/EXP/ES/2018,,19.15,23.45,
2026-08-17,,,,,PL/2184/EXP/ES/2015,,23.69,28.29,
2026-08-17,,,,,PL/2183/EXP/ES/2015,,23.98,,26.98
2026-08-17,,,,,PL/2182/EXP/ES/2015,,23.45,28.80,
2026-08-17,,,,,PL/2181/EXP/ES/2015,,23.99,28.99,26.99
2026-08-17,,,,,PL/2180/EXP/ES/2015,,23.99,28.99,26.99
2026-08-17,,,,,PL/21795/EXP/ES/2018,,23.99,28.99,26.99
2026-08-17,,,,,PL/21794/EXP/ES/2018,,23.37,27.22,27.00
2026-08-17,,,,,PL/21793/EXP/ES/2018,,23.99,29.89,27.00
2026-08-17,,,,,PL/21792/EXP/ES/2018,,22.89,27.49,27.00
2026-08-17,,,,,PL/21791/EXP/ES/2018,,24.59,29.99,27.99
2026-08-17,,,,,PL/21790/EXP/ES/2018,,23.25,27.86,26.89
2026-08-17,,,,,PL/2179/EXP/ES/2015,,23.99,27.99,27.00
2026-08-17,,,,,PL/21789/EXP/ES/2018,,23.99,28.60,27.00
2026-08-17,,,,,PL/21788/EXP/ES/2018,,23.98,26.70,26.99
2026-08-17,,,,,PL/21787/EXP/ES/2018,,23.99,28.89,
2026-08-17,,,,,PL/21786/EXP/ES/2018,,23.09,26.99,27.00
2026-08-17,,,,,PL/21785/EXP/ES/2018,,23.35,26.95,26.99
2026-08-17,,,,,PL/21784/EXP/ES/2018,,23.99,28.61,
2026-08-17,,,,,PL/21783/EXP/ES/2018,,23.99,29.69,
2026-08-17,,,,,PL/21782/EXP/ES/2018,,23.99,29.69,
2026-08-17,,,,,PL/21781/EXP/ES/2018,,23.99,29.49,26.99
2026-08-17,,,,,PL/21780/EXP/ES/2018,,23.99,28.15,27.00
2026-08-17,,,,,PL/2178/EXP/ES/2015,,23.34,27.89,26.99
2026-08-17,,,,,PL/2177/EXP/ES/2015,,24.99,29.49,26.99
2026-08-17,,,,,PL/2176/EXP/ES/2015,,23.99,28.19,27.00
2026-08-17,,,,,PL/2175/EXP/ES/2015,,23.99,28.29,27.00
2026-08-17,,,,,PL/2174/EXP/ES/2015,,23.99,28.16,
2026-08-17,,,,,PL/21733/EXP/ES/2018,,23.91,27.91,26.91
2026-08-17,,,,,PL/21732/EXP/ES/2018,,23.49,27.49,26.99
2026-08-17,,,,,PL/21731/EXP/ES/2018,,23.95,29.00,27.00
2026-08-17,,,,,PL/21730/EXP/ES/2018,,23.39,28.39,26.89
2026-08-17,,,,,PL/2173/EXP/ES/2015,,23.79,26.94,
2026-08-17,,,,,PL/21729/EXP/ES/2018,,23.99,28.59,27.00
2026-08-17,,,,,PL/21728/EXP/ES/2018,,23.99,28.79,27.00
2026-08-17,,,,,PL/21727/EXP/ES/2018,,23.98,28.19,27.00
2026-08-17,,,,,PL/21726/EXP/ES/2018,,23.99,28.33,26.99
2026-08-17,,,,,PL/21725/EXP/ES/2018,,23.99,28.38,27.00
2026-08-17,,,,,PL/21724/EXP/ES/2018,,24.49,29.69,27.69
2026-08-17,,,,,PL/21723/EXP/ES/2018,,23.89,27.71,26.05
2026-08-17,,,,,PL/21722/EXP/ES/2018,,19.99,17.44,26.99
2026-08-17,,,,,PL/21721/EXP/ES/2018,,23.99,29.97,
2026-08-17,,,,,PL/21720/EXP/ES/2018,,23.30,27.26,
2026-08-17,,,,,PL/2172/EXP/ES/2015,,23.98,28.69,27.00
2026-08-17,,,,,PL/21719/EXP/ES/2018,,24.39,27.99,27.00
2026-08-17,,,,,PL/21718/EXP/ES/2018,,23.98,29.49,26.98
2026-08-17,,,,,PL/21717/EXP/ES/2018,,23.99,28.49,26.99
2026-08-17,,,,,PL/2171/EXP/ES/2015,,23.99,29.69,
2026-08-17,,,,,PL/2170/EXP/ES/2015,,23.89,28.20,
2026-08-17,,,,,PL/2169/EXP/ES/2015,,23.98,29.98,26.98
2026-08-17,,,,,PL/21689/EXP/ES/2018,,23.99,29.39,27.00
2026-08-17,,,,,PL/21688/EXP/ES/2018,,23.71,28.29,27.00
2026-08-17,,,,,PL/21687/EXP/ES/2018,,23.05,27.65,26.70
2026-08-17,,,,,PL/21686/EXP/ES/2018,,24.00,27.85,27.00
2026-08-17,,,,,PL/21685/EXP/ES/2018,,23.95,29.35,27.00
2026-08-17,,,,,PL/21684/EXP/ES/2018,,23.99,28.59,27.00
2026-08-17,,,,,PL/21683/EXP/ES/2018,,23.99,,27.00
2026-08-17,,,,,PL/21682/EXP/ES/2018,,24.49,29.67,27.00
2026-08-17,,,,,PL/21681/EXP/ES/2018,,22.99,28.39,
2026-08-17,,,,,PL/21680/EXP/ES/2018,,23.49,28.37,26.99
2026-08-17,,,,,PL/2168/EXP/ES/2015,,24.00,28.99,26.99
2026-08-17,,,,,PL/21679/EXP/ES/2018,,23.29,27.89,26.99
2026-08-17,,,,,PL/21678/EXP/ES/2018,,23.99,,27.00
2026-08-17,,,,,PL/21677/EXP/ES/2018,,24.61,29.50,28.49
2026-08-17,,,,,PL/21676/EXP/ES/2018,,24.19,28.59,27.00
2026-08-17,,,,,PL/21675/EXP/ES/2018,,23.99,28.99,27.00
2026-08-17,,,,,PL/21674/EXP/ES/2018,,24.00,29.45,27.00
2026-08-17,,,,,PL/21673/EXP/ES/2018,,23.99,28.73,27.00
2026-08-17,,,,,PL/21672/EXP/ES/2018,,24.69,29.99,26.99
2026-08-17,,,,,PL/21671/EXP/ES/2018,,24.39,27.94,27.00
2026-08-17,,,,,PL/21670/EXP/ES/2018,,23.95,27.99,26.95
2026-08-17,,,,,PL/2167/EXP/ES/2015,,23.99,29.30,27.00
2026-08-17,,,,,PL/21669/EXP/ES/2018,,23.98,28.99,27.00
2026-08-17,,,,,PL/21668/EXP/ES/2018,,23.99,28.20,27.00
2026-08-17,,,,,PL/21667/EXP/ES/2018,,21.99,29.59,25.39
2026-08-17,,,,,PL/21666/EXP/ES/2018,,23.89,27.99,26.99
2026-08-17,,,,,PL/21665/EXP/ES/2018,,23.75,28.35,26.98
2026-08-17,,,,,PL/21664/EXP/ES/2018,,23.89,26.99,
2026-08-17,,,,,PL/21663/EXP/ES/2018,,24.39,27.99,27.00
2026-08-17,,,,,PL/21662/EXP/ES/2018,,23.99,28.19,26.99
2026-08-17,,,,,PL/2166/EXP/ES/2015,,23.98,29.98,26.98
2026-08-17,,,,,PL/2165/EXP/ES/2015,,22.89,27.39,26.95
2026-08-17,,,,,PL/2164/EXP/ES/2015,,23.99,27.87,
2026-08-17,,,,,PL/2163/EXP/ES/2015,,23.79,27.79,26.95
2026-08-17,,,,,PL/2162/EXP/ES/2015,,24.79,29.99,27.00
2026-08-17,,,,,PL/21618/EXP/ES/2018,,23.49,27.79,27.00
2026-08-17,,,,,PL/21617/EXP/ES/2018,,23.99,28.63,27.00
2026-08-17,,,,,PL/21616/EXP/ES/2018,,23.99,29.29,27.00
2026-08-17,,,,,PL/21615/EXP/ES/2018,,23.99,28.59,27.00
2026-08-17,,,,,PL/21614/EXP/ES/2018,,23.99,29.57,27.00
2026-08-17,,,,,PL/21613/EXP/ES/2018,,23.80,28.28,26.99
2026-08-17,,,,,PL/21612/EXP/ES/2018,,23.99,28.99,27.00
2026-08-17,,,,,PL/21611/EXP/ES/2018,,23.95,28.95,27.10
2026-08-17,,,,,PL/2161/EXP/ES/2015,,24.79,29.99,27.00
2026-08-17,,,,,PL/21609/EXP/ES/2018,,24.69,29.99,27.00
2026-08-17,,,,,PL/21608/EXP/ES/2018,,23.99,28.99,
2026-08-17,,,,,PL/21607/EXP/ES/2018,,23.99,27.99,26.99
2026-08-17,,,,,PL/21606/EXP/ES/2018,,23.59,28.58,26.99
2026-08-17,,,,,PL/21605/EXP/ES/2018,,23.99,28.59,27.00
2026-08-17,,,,,PL/21604/EXP/ES/2018,,23.97,27.97,26.97
2026-08-17,,,,,PL/21603/EXP/ES/2018,,23.99,29.19,26.99
2026-08-17,,,,,PL/21602/EXP/ES/2018,,24.00,29.59,27.00
2026-08-17,,,,,PL/21601/EXP/ES/2018,,23.39,27.79,26.99
2026-08-17,,,,,PL/21600/EXP/ES/2018,,23.99,29.04,27.00
2026-08-17,,,,,PL/2160/EXP/ES/2015,,23.99,28.69,28.28
2026-08-17,,,,,PL/21599/EXP/ES/2018,,23.98,29.04,27.00
2026-08-17,,,,,PL/21598/EXP/ES/2018,,22.98,26.85,
2026-08-17,,,,,PL/2159/EXP/ES/2015,,19.15,23.45,25.38
2026-08-17,,,,,PL/2158/EXP/ES/2015,,23.49,26.99,26.99
2026-08-17,,,,,PL/2157/EXP/ES/2015,,24.49,29.99,27.00
2026-08-17,,,,,PL/21561/EXP/ES/2018,,23.99,28.79,27.00
2026-08-17,,,,,PL/21560/EXP/ES/2018,,23.47,27.35,26.78
2026-08-17,,,,,PL/2156/EXP/ES/2015,,24.49,29.99,
2026-08-17,,,,,PL/21559/EXP/ES/2018,,22.89,27.99,26.99
2026-08-17,,,,,PL/21558/EXP/ES/2018,,24.99,29.99,27.99
2026-08-17,,,,,PL/21557/EXP/ES/2018,,23.57,28.49,27.00
2026-08-17,,,,,PL/21556/EXP/ES/2018,,24.00,28.49,27.00
2026-08-17,,,,,PL/21555/EXP/ES/2018,,23.99,28.09,26.99
2026-08-17,,,,,PL/21554/EXP/ES/2018,,24.39,27.94,27.00
2026-08-17,,,,,PL/21553/EXP/ES/2018,,22.99,29.59,
2026-08-17,,,,,PL/21552/EXP/ES/2018,,23.98,24.89,27.99
2026-08-17,,,,,PL/21551/EXP/ES/2018,,23.28,27.68,26.88
2026-08-17,,,,,PL/21550/EXP/ES/2018,,22.99,27.99,
2026-08-17,,,,,PL/2155/EXP/ES/2015,,20.49,24.79,
2026-08-17,,,,,PL/21549/EXP/ES/2018,,22.97,28.37,
2026-08-17,,,,,PL/21548/EXP/ES/2018,,23.98,28.49,26.99
2026-08-17,,,,,PL/21546/EXP/ES/2018,,23.99,28.99,27.00
2026-08-17,,,,,PL/21545/EXP/ES/2018,,23.99,28.80,27.00
2026-08-17,,,,,PL/2154/EXP/ES/2015,,21.99,24.99,
2026-08-17,,,,,PL/2153/EXP/ES/2015,,24.49,29.99,
2026-08-17,,,,,PL/2152/EXP/ES/2015,,24.49,29.99,
2026-08-17,,,,,PL/2151/EXP/ES/2015,,20.99,27.00,
2026-08-17,,,,,PL/2150/EXP/ES/2015,,24.49,29.99,
2026-08-17,,,,,PL/21490/EXP/ES/2018,,23.96,28.59,27.15
2026-08-17,,,,,PL/2149/EXP/ES/2015,,23.79,27.79,26.95
2026-08-17,,,,,PL/21489/EXP/ES/2018,,23.79,27.99,
2026-08-17,,,,,PL/21488/EXP/ES/2018,,22.99,26.99,
2026-08-17,,,,,PL/21487/EXP/ES/2018,,23.99,28.19,27.00
2026-08-17,,,,,PL/21486/EXP/ES/2018,,23.59,27.69,26.99
2026-08-17,,,,,PL/21485/EXP/ES/2018,,23.99,29.29,
2026-08-17,,,,,PL/21484/EXP/ES/2018,,23.99,27.99,27.00
2026-08-17,,,,,PL/2148/EXP/ES/2015,,23.79,27.89,26.95
2026-08-17,,,,,PL/2147/EXP/ES/2015,,19.75,24.95,
2026-08-17,,,,,PL/2146/EXP/ES/2015,,23.67,28.00,
2026-08-17,,,,,PL/21457/EXP/ES/2018,,23.29,28.59,26.99
2026-08-17,,,,,PL/21456/EXP/ES/2018,,23.99,29.99,27.00
2026-08-17,,,,,PL/21455/EXP/ES/2018,,23.30,27.49,26.99
2026-08-17,,,,,PL/21454/EXP/ES/2018,,22.99,28.99,27.00
2026-08-17,,,,,PL/21453/EXP/ES/2018,,23.39,27.79,27.00
2026-08-17,,,,,PL/21452/EXP/ES/2018,,23.99,28.40,27.00
2026-08-17,,,,,PL/21451/EXP/ES/2018,,23.69,28.00,27.00
2026-08-17,,,,,PL/21450/EXP/ES/2018,,23.99,27.99,26.99
2026-08-17,,,,,PL/2145/EXP/ES/2015,,23.49,27.39,
2026-08-17,,,,,PL/21449/EXP/ES/2018,,24.00,28.95,27.00
2026-08-17,,,,,PL/21448/EXP/ES/2018,,23.99,28.79,26.99
2026-08-17,,,,,PL/21446/EXP/ES/2018,,22.69,27.99,
2026-08-17,,,,,PL/21445/EXP/ES/2018,,22.29,26.99,25.30
2026-08-17,,,,,PL/21444/EXP/ES/2018,,22.19,27.29,25.39
2026-08-17,,,,,PL/21443/EXP/ES/2018,,23.99,29.99,26.99
2026-08-17,,,,,PL/21442/EXP/ES/2018,,22.98,26.98,26.48
2026-08-17,,,,,PL/21441/EXP/ES/2018,,20.99,24.99,
2026-08-17,,,,,PL/21440/EXP/ES/2018,,22.69,27.99,
2026-08-17,,,,,PL/2144/EXP/ES/2015,,23.90,28.48,26.99
2026-08-17,,,,,PL/21439/EXP/ES/2018,,23.99,28.79,27.00
2026-08-17,,,,,PL/21438/EXP/ES/2018,,23.98,29.45,27.00
2026-08-17,,,,,PL/2143/EXP/ES/2015,,23.59,27.99,
2026-08-17,,,,,PL/2142/EXP/ES/2015,,23.70,28.39,27.00
2026-08-17,,,,,PL/2141/EXP/ES/2015,,19.89,25.35,
2026-08-17,,,,,PL/2140/EXP/ES/2015,,23.59,26.79,
2026-08-17,,,,,PL/2139/EXP/ES/2015,,23.99,28.29,27.00
2026-08-17,,,,,PL/2138/EXP/ES/2015,,23.99,27.79,27.00
2026-08-17,,,,,PL/21374/EXP/ES/2018,,23.99,29.69,27.00
2026-08-17,,,,,PL/21373/EXP/ES/2018,,23.38,27.99,
2026-08-17,,,,,PL/21372/EXP/ES/2018,,23.95,28.61,27.00
2026-08-17,,,,,PL/21371/EXP/ES/2018,,23.99,28.99,27.00
2026-08-17,,,,,PL/21370/EXP/ES/2018,,23.99,27.99,27.00
2026-08-17,,,,,PL/2137/EXP/ES/2015,,23.99,28.29,27.00
2026-08-17,,,,,PL/21369/EXP/ES/2018,,24.00,28.68,27.00
2026-08-17,,,,,PL/21368/EXP/ES/2018,,23.99,28.84,27.00
2026-08-17,,,,,PL/21367/EXP/ES/2018,,23.99,28.99,27.00
2026-08-17,,,,,PL/21366/EXP/ES/2018,,22.92,27.97,26.94
2026-08-17,,,,,PL/21365/EXP/ES/2018,,24.00,29.30,28.00
2026-08-17,,,,,PL/21364/EXP/ES/2018,,23.89,27.99,
2026-08-17,,,,,PL/21363/EXP/ES/2018,,23.99,28.99,
2026-08-17,,,,,PL/21362/EXP/ES/2018,,22.69,26.69,
2026-08-17,,,,,PL/21361/EXP/ES/2018,,23.89,28.39,
2026-08-17,,,,,PL/21360/EXP/ES/2018,,23.39,26.99,
2026-08-17,,,,,PL/2136/EXP/ES/2015,,24.00,29.50,27.00
2026-08-17,,,,,PL/2135/EXP/ES/2015,,23.69,27.93,26.99
2026-08-17,,,,,PL/21342/EXP/ES/2018,,23.99,28.59,26.99
2026-08-17,,,,,PL/21341/EXP/ES/2018,,23.19,28.49,26.99
2026-08-17,,,,,PL/21340/EXP/ES/2018,,23.81,28.29,27.00
2026-08-17,,,,,PL/2134/EXP/ES/2015,,23.99,29.19,27.17
2026-08-17,,,,,PL/21339/EXP/ES/2018,,23.49,28.75,26.99
2026-08-17,,,,,PL/21338/EXP/ES/2018,,23.99,29.99,27.00
2026-08-17,,,,,PL/21337/EXP/ES/2018,,23.99,29.49,27.89
2026-08-17,,,,,PL/21336/EXP/ES/2018,,23.99,,27.00
2026-08-17,,,,,PL/21335/EXP/ES/2018,,23.99,27.99,27.00
2026-08-17,,,,,PL/21334/EXP/ES/2018,,24.00,29.20,27.30
2026-08-17,,,,,PL/21333/EXP/ES/2018,,23.99,28.99,27.00
2026-08-17,,,,,PL/21332/EXP/ES/2018,,23.49,28.49,25.39
2026-08-17,,,,,PL/21331/EXP/ES/2018,,24.37,29.59,27.99
2026-08-17,,,,,PL/21330/EXP/ES/2018,,25.39,28.98,28.29
2026-08-17,,,,,PL/2133/EXP/ES/2015,,23.99,28.29,
2026-08-17,,,,,PL/21329/EXP/ES/2018,,24.19,29.29,26.99
2026-08-17,,,,,PL/21328/EXP/ES/2018,,23.99,28.77,27.00
2026-08-17,,,,,PL/21327/EXP/ES/2018,,23.99,29.99,27.00
2026-08-17,,,,,PL/2132/EXP/ES/2015,,23.99,29.95,27.00
2026-08-17,,,,,PL/2131/EXP/ES/2015,,24.61,29.51,28.48
2026-08-17,,,,,PL/2130/EXP/ES/2015,,22.98,27.90,26.99
2026-08-17,,,,,PL/2129/EXP/ES/2015,,23.99,29.38,27.00
2026-08-17,,,,,PL/2128/EXP/ES/2015,,23.59,27.98,
2026-08-17,,,,,PL/21278/EXP/ES/2018,,23.99,28.99,27.30
2026-08-17,,,,,PL/21277/EXP/ES/2018,,23.99,27.69,26.99
2026-08-17,,,,,PL/21276/EXP/ES/2018,,23.99,29.99,27.00
2026-08-17,,,,,PL/21275/EXP/ES/2018,,23.89,28.05,26.99
2026-08-17,,,,,PL/21274/EXP/ES/2018,,24.00,29.89,26.85
2026-08-17,,,,,PL/21273/EXP/ES/2018,,24.19,28.49,27.00
2026-08-17,,,,,PL/21272/EXP/ES/2018,,23.99,28.99,26.99
2026-08-17,,,,,PL/21271/EXP/ES/2018,,23.69,,
2026-08-17,,,,,PL/21270/EXP/ES/2018,,23.99,27.99,
2026-08-17,,,,,PL/2127/EXP/ES/2015,,25.39,28.99,28.29
2026-08-17,,,,,PL/21269/EXP/ES/2018,,23.99,29.49,
2026-08-17,,,,,PL/2126/EXP/ES/2015,,20.90,22.90,
2026-08-17,,,,,PL/2125/EXP/ES/2015,,23.99,27.95,27.00
2026-08-17,,,,,PL/2124/EXP/ES/2015,,23.70,27.80,27.00
2026-08-17,,,,,PL/2123/EXP/ES/2015,,25.39,28.99,28.29
2026-08-17,,,,,PL/21228/EXP/ES/2018,,23.99,27.99,26.99
2026-08-17,,,,,PL/21227/EXP/ES/2018,,23.95,28.50,27.00
2026-08-17,,,,,PL/21226/EXP/ES/2018,,23.99,27.79,28.89
2026-08-17,,,,,PL/21225/EXP/ES/2018,,23.78,27.97,27.00
2026-08-17,,,,,PL/21224/EXP/ES/2018,,24.79,29.89,27.99
2026-08-17,,,,,PL/21223/EXP/ES/2018,,23.95,,27.00
2026-08-17,,,,,PL/21222/EXP/ES/2018,,23.98,30.14,27.00
2026-08-17,,,,,PL/21221/EXP/ES/2018,,23.28,27.68,26.88
2026-08-17,,,,,PL/21220/EXP/ES/2018,,22.94,27.29,26.99
2026-08-17,,,,,PL/2122/EXP/ES/2015,,25.39,28.99,28.28
2026-08-17,,,,,PL/21219/EXP/ES/2018,,23.99,29.04,
2026-08-17,,,,,PL/21218/EXP/ES/2018,,23.99,27.49,26.99
2026-08-17,,,,,PL/21217/EXP/ES/2018,,23.99,27.83,28.27
2026-08-17,,,,,PL/21216/EXP/ES/2018,,23.85,27.79,27.00
2026-08-17,,,,,PL/2121/EXP/ES/2015,,25.37,28.99,28.29
2026-08-17,,,,,PL/2120/EXP/ES/2015,,23.99,28.79,26.99
2026-08-17,,,,,PL/2119/EXP/ES/2015,,24.40,28.72,27.35
2026-08-17,,,,,PL/21184/EXP/ES/2018,,23.85,28.54,26.99
2026-08-17,,,,,PL/21183/EXP/ES/2018,,23.98,28.45,26.99
2026-08-17,,,,,PL/21182/EXP/ES/2018,,,26.99,26.99
2026-08-17,,,,,PL/21181/EXP/ES/2018,,23.99,28.59,26.99
2026-08-17,,,,,PL/21180/EXP/ES/2018,,22.99,27.89,26.75
2026-08-17,,,,,PL/2118/EXP/ES/2015,,24.00,28.99,27.00
2026-08-17,,,,,PL/21179/EXP/ES/2018,,23.99,29.65,27.00
2026-08-17,,,,,PL/21178/EXP/ES/2018,,22.99,27.84,26.99
2026-08-17,,,,,PL/21177/EXP/ES/2018,,23.89,28.49,26.99
2026-08-17,,,,,PL/21176/EXP/ES/2018,,25.39,28.99,28.29
2026-08-17,,,,,PL/21175/EXP/ES/2018,,23.99,28.49,26.99
2026-08-17,,,,,PL/21174/EXP/ES/2018,,23.99,28.15,27.00
2026-08-17,,,,,PL/21173/EXP/ES/2018,,23.99,29.99,27.00
2026-08-17,,,,,PL/21172/EXP/ES/2018,,24.44,29.99,27.49
2026-08-17,,,,,PL/21171/EXP/ES/2018,,22.99,27.99,26.49
2026-08-17,,,,,PL/21170/EXP/ES/2018,,24.59,29.00,27.00
2026-08-17,,,,,PL/2117/EXP/ES/2015,,23.99,28.99,
2026-08-17,,,,,PL/21169/EXP/ES/2018,,23.98,28.99,27.00
2026-08-17,,,,,PL/21168/EXP/ES/2018,,22.99,27.39,26.99
2026-08-17,,,,,PL/21167/EXP/ES/2018,,23.53,27.93,26.99
2026-08-17,,,,,PL/21166/EXP/ES/2018,,23.99,28.88,27.00
2026-08-17,,,,,PL/2116/EXP/ES/2015,,23.99,29.19,26.99
2026-08-17,,,,,PL/2115/EXP/ES/2015,,24.00,29.73,27.45
2026-08-17,,,,,PL/2114/EXP/ES/2015,,23.99,29.50,27.00
2026-08-17,,,,,PL/21133/EXP/ES/2018,,23.99,28.69,
2026-08-17,,,,,PL/21132/EXP/ES/2018,,23.77,28.61,26.91
2026-08-17,,,,,PL/21131/EXP/ES/2018,,23.99,29.99,27.00
2026-08-17,,,,,PL/21130/EXP/ES/2018,,24.00,28.99,27.00
2026-08-17,,,,,PL/2113/EXP/ES/2015,,23.99,29.99,27.00
2026-08-17,,,,,PL/21129/EXP/ES/2018,,23.79,27.79,28.89
2026-08-17,,,,,PL/21128/EXP/ES/2018,,23.99,28.80,27.00
2026-08-17,,,,,PL/21126/EXP/ES/2018,,23.99,27.98,27.00
2026-08-17,,,,,PL/21125/EXP/ES/2018,,23.99,28.59,27.00
2026-08-17,,,,,PL/21124/EXP/ES/2018,,23.99,29.99,27.00
2026-08-17,,,,,PL/21123/EXP/ES/2018,,23.99,29.99,27.00
2026-08-17,,,,LOSA GAS S.A. DE C.V.,PL/21122/EXP/ES/2018,AV PROLONGACIÓN MARIANO OTERO 1270,23.99,29.10,
2026-08-17,,,,,PL/21121/EXP/ES/2018,,23.99,29.97,27.00
2026-08-17,,,,,PL/21120/EXP/ES/2018,,23.21,27.55,26.89
2026-08-17,,,,,PL/2112/EXP/ES/2015,,23.98,28.43,27.00
2026-08-17,,,,,PL/21119/EXP/ES/2018,,22.99,27.99,26.99
2026-08-17,,,,,PL/21118/EXP/ES/2018,,24.44,29.99,27.49
2026-08-17,,,,,PL/21117/EXP/ES/2018,,23.99,28.60,27.00
2026-08-17,,,,,PL/21116/EXP/ES/2018,,23.59,28.59,27.00
2026-08-17,,,,,PL/21115/EXP/ES/2018,,24.00,29.59,27.00
2026-08-17,,,,,PL/21114/EXP/ES/2018,,23.29,26.99,
2026-08-17,,,,,PL/21113/EXP/ES/2018,,23.97,28.69,26.99
2026-08-17,,,,,PL/21112/EXP/ES/2018,,23.99,28.79,27.49
2026-08-17,,,,,PL/21111/EXP/ES/2018,,23.99,28.79,27.00
2026-08-17,,,,,PL/21110/EXP/ES/2018,,23.99,28.78,26.99
2026-08-17,,,,,PL/2111/EXP/ES/2015,,23.99,28.19,27.00
2026-08-17,,,,,PL/21109/EXP/ES/2018,,23.98,29.45,26.99
2026-08-17,,,,,PL/21108/EXP/ES/2018,,23.99,,27.00
2026-08-17,,,,,PL/2109/EXP/ES/2015,,23.59,28.49,
2026-08-17,,,,,PL/2108/EXP/ES/2015,,22.99,28.49,25.39
2026-08-17,,,,,PL/21076/EXP/ES/2018,,23.70,27.50,27.00
2026-08-17,,,,,PL/21075/EXP/ES/2018,,23.99,29.99,26.99
2026-08-17,,,,,PL/21074/EXP/ES/2018,,23.99,28.99,27.00
2026-08-17,,,,,PL/21073/EXP/ES/2018,,23.49,27.99,26.99
2026-08-17,,,,,PL/21072/EXP/ES/2018,,23.99,29.69,27.49
2026-08-17,,,,,PL/21071/EXP/ES/2018,,23.99,29.99,27.00
2026-08-17,,,,,PL/21070/EXP/ES/2018,,23.99,28.89,27.00
2026-08-17,,,,,PL/2107/EXP/ES/2015,,23.98,28.90,27.00
2026-08-17,,,,,PL/21069/EXP/ES/2018,,23.99,28.89,27.00
2026-08-17,,,,,PL/21068/EXP/ES/2018,,22.59,27.99,
2026-08-17,,,,,PL/21067/EXP/ES/2018,,23.95,27.69,26.99
2026-08-17,,,,,PL/21066/EXP/ES/2018,,23.70,28.50,26.80
2026-08-17,,,,,PL/21065/EXP/ES/2018,,23.40,28.60,26.99
2026-08-17,,,,,PL/21064/EXP/ES/2018,,24.00,29.35,27.00
2026-08-17,,,,,PL/21063/EXP/ES/2018,,23.99,28.39,26.99
2026-08-17,,,,,PL/21062/EXP/ES/2018,,23.49,28.95,26.99
2026-08-17,,,,,PL/21061/EXP/ES/2018,,23.99,28.09,26.99
2026-08-17,,,,,PL/21060/EXP/ES/2018,,23.99,27.99,
2026-08-17,,,,,PL/2106/EXP/ES/2015,,23.99,28.19,27.00
2026-08-17,,,,,PL/21059/EXP/ES/2018,,23.99,28.32,27.00
2026-08-17,,,,,PL/21058/EXP/ES/2018,,23.99,28.89,27.00
2026-08-17,,,,,PL/21057/EXP/ES/2018,,23.99,27.99,27.00
2026-08-17,,,,,PL/2105/EXP/ES/2015,,23.99,29.59,27.00
2026-08-17,,,,,PL/2104/EXP/ES/2015,,23.99,29.79,25.39
2026-08-17,,,,,PL/21038/EXP/ES/2018,,22.99,27.39,26.99
2026-08-17,,,,,PL/21037/EXP/ES/2018,,23.99,28.29,27.35
2026-08-17,,,,,PL/21036/EXP/ES/2018,,23.99,28.70,27.00
2026-08-17,,,,,PL/21035/EXP/ES/2018,,24.49,28.89,26.99
2026-08-17,,,,,PL/21034/EXP/ES/2018,,24.09,28.49,26.99
2026-08-17,,,,,PL/21033/EXP/ES/2018,,23.99,29.93,27.00
2026-08-17,,,,,PL/21032/EXP/ES/2018,,23.99,28.69,27.00
2026-08-17,,,,,PL/21031/EXP/ES/2018,,24.94,28.83,27.93
2026-08-17,,,,,PL/21030/EXP/ES/2018,,23.95,28.79,27.00
2026-08-17,,,,,PL/2103/EXP/ES/2015,,23.99,29.59,27.00
2026-08-17,,,,,PL/21029/EXP/ES/2018,,23.99,28.99,26.99
2026-08-17,,,,,PL/21028/EXP/ES/2018,,23.39,27.75,26.99
2026-08-17,,,,,PL/21027/EXP/ES/2018,,23.99,28.89,27.00
2026-08-17,,,,,PL/21026/EXP/ES/2018,,23.49,26.99,27.00
2026-08-17,,,,,PL/21025/EXP/ES/2018,,23.99,28.29,28.28
2026-08-17,,,,,PL/21024/EXP/ES/2018,,24.49,29.59,26.99
2026-08-17,,,,,PL/21023/EXP/ES/2018,,23.99,28.69,27.00
2026-08-17,,,,,PL/21022/EXP/ES/2018,,23.99,28.49,26.99
2026-08-17,,,,,PL/21021/EXP/ES/2018,,23.99,28.69,
2026-08-17,,,,,PL/21020/EXP/ES/2018,,24.49,29.29,26.99
2026-08-17,,,,,PL/2102/EXP/ES/2015,,23.99,29.59,27.00
2026-08-17,,,,,PL/21019/EXP/ES/2018,,21.00,25.00,25.39
2026-08-17,,,,,PL/21018/EXP/ES/2018,,23.99,28.99,27.00
2026-08-17,,,,,PL/21017/EXP/ES/2018,,23.99,29.99,27.00
2026-08-17,,,,,PL/21016/EXP/ES/2018,,23.99,29.99,27.00
2026-08-17,,,,,PL/21015/EXP/ES/2018,,23.99,29.99,27.00
2026-08-17,,,,,PL/21014/EXP/ES/2018,,23.99,28.99,27.50
2026-08-17,,,,,PL/21013/EXP/ES/2018,,23.59,27.99,26.99
2026-08-17,,,,,PL/21011/EXP/ES/2018,,23.99,29.09,27.00
2026-08-17,,,,,PL/21010/EXP/ES/2018,,23.99,28.69,
2026-08-17,,,,,PL/2101/EXP/ES/2015,,23.29,27.99,25.39
2026-08-17,,,,,PL/21009/EXP/ES/2018,,24.00,29.25,27.10
2026-08-17,,,,,PL/21008/EXP/ES/2018,,23.99,28.89,27.00
2026-08-17,,,,,PL/21007/EXP/ES/2018,,23.97,28.37,26.99
2026-08-17,,,,,PL/21006/EXP/ES/2018,,23.99,29.99,27.00
2026-08-17,,,,,PL/21005/EXP/ES/2018,,23.49,27.29,
2026-08-17,,,,,PL/21004/EXP/ES/2018,,24.29,29.88,27.39
2026-08-17,,,,,PL/21003/EXP/ES/2018,,23.90,27.95,27.00
2026-08-17,,,,,PL/2100/EXP/ES/2015,,23.99,28.99,27.00
2026-08-17,,,,,PL/2099/EXP/ES/2015,,23.99,28.24,
2026-08-17,,,,,PL/2098/EXP/ES/2015,,22.99,27.99,
2026-08-17,,,,,PL/20972/EXP/ES/2018,,23.99,29.99,26.99
2026-08-17,,,,,PL/20971/EXP/ES/2018,,23.99,29.35,27.00
2026-08-17,,,,,PL/20970/EXP/ES/2018,,23.99,27.97,26.99
2026-08-17,,,,,PL/2097/EXP/ES/2015,,23.59,27.69,
2026-08-17,,,,,PL/20969/EXP/ES/2018,,23.99,28.77,27.00
2026-08-17,,,,,PL/20968/EXP/ES/2018,,22.47,22.47,
2026-08-17,,,,,PL/20967/EXP/ES/2018,,23.99,29.20,27.00
2026-08-17,,,,,PL/20966/EXP/ES/2018,,23.99,29.99,26.99
2026-08-17,,,,,PL/20965/EXP/ES/2018,,23.99,29.99,27.00
2026-08-17,,,,,PL/20964/EXP/ES/2018,,23.99,29.99,27.00
2026-08-17,,,,,PL/20963/EXP/ES/2018,,23.99,29.99,27.00
2026-08-17,,,,,PL/20962/EXP/ES/2018,,23.99,29.99,27.00
2026-08-17,,,,,PL/20961/EXP/ES/2018,,23.99,29.99,27.00
2026-08-17,,,,,PL/20960/EXP/ES/2018,,23.99,29.89,27.49
2026-08-17,,,,GRUPO JGJ-LUAN SA DE CV,PL/20959/EXP/ES/2018,AV. JUAN GIL PRECIADO 1094,23.99,29.49,26.99
2026-08-17,,,,,PL/20958/EXP/ES/2018,,23.30,29.99,27.00
2026-08-17,,,,,PL/20957/EXP/ES/2018,,24.19,29.49,27.00
2026-08-17,,,,,PL/20956/EXP/ES/2018,,23.89,28.39,27.00
2026-08-17,,,,,PL/20955/EXP/ES/2018,,23.69,28.45,27.00
2026-08-17,,,,,PL/20954/EXP/ES/2018,,23.99,28.79,27.00
2026-08-17,,,,,PL/20953/EXP/ES/2018,,23.99,28.89,27.00
2026-08-17,,,,,PL/20952/EXP/ES/2018,,23.99,29.10,27.00
2026-08-17,,,,,PL/20951/EXP/ES/2018,,24.19,29.59,27.00
2026-08-17,,,,,PL/20950/EXP/ES/2018,,23.55,27.99,26.99
2026-08-17,,,,,PL/20949/EXP/ES/2018,,23.99,28.79,27.00
2026-08-17,,,,,PL/20948/EXP/ES/2018,,23.99,28.35,27.00
2026-08-17,,,,,PL/20947/EXP/ES/2018,,24.09,29.79,
2026-08-17,,,,,PL/2094/EXP/ES/2015,,23.99,28.89,
2026-08-17,,,,,PL/20931/EXP/ES/2018,,23.99,29.29,26.99
2026-08-17,,,,,PL/20930/EXP/ES/2018,,23.85,27.68,27.00
2026-08-17,,,,,PL/2093/EXP/ES/2015,,23.29,27.79,26.99
2026-08-17,,,,,PL/20929/EXP/ES/2018,,23.59,28.09,27.00
2026-08-17,,,,,PL/20928/EXP/ES/2018,,23.99,28.59,28.28
2026-08-17,,,,,PL/20926/EXP/ES/2018,,23.99,28.89,26.99
2026-08-17,,,,,PL/20925/EXP/ES/2018,,23.99,29.99,27.00
2026-08-17,,,,,PL/20924/EXP/ES/2018,,23.99,29.29,26.99
2026-08-17,,,,,PL/20923/EXP/ES/2018,,23.99,28.89,26.99
2026-08-17,,,,,PL/20922/EXP/ES/2018,,24.69,29.99,28.69
2026-08-17,,,,,PL/20921/EXP/ES/2018,,23.89,28.59,26.99
2026-08-17,,,,,PL/20920/EXP/ES/2018,,22.65,28.65,27.00
2026-08-17,,,,,PL/2092/EXP/ES/2015,,22.97,27.97,
2026-08-17,,,,,PL/20919/EXP/ES/2018,,24.91,28.99,28.55
2026-08-17,,,,,PL/20918/EXP/ES/2018,,23.99,29.29,26.99
2026-08-17,,,,,PL/20917/EXP/ES/2018,,22.59,27.99,
2026-08-17,,,,,PL/2091/EXP/ES/2015,,24.61,29.51,28.48
2026-08-17,,,,,PL/2090/EXP/ES/2015,,23.99,26.88,27.00
2026-08-17,,,,,PL/20891/EXP/ES/2018,,23.99,28.89,26.99
2026-08-17,,,,,PL/20890/EXP/ES/2018,,23.99,29.99,27.00
2026-08-17,,,,,PL/2089/EXP/ES/2015,,24.50,30.50,
2026-08-17,,,,,PL/20889/EXP/ES/2018,,24.39,27.69,27.00
2026-08-17,,,,,PL/20888/EXP/ES/2018,,22.99,27.99,26.99
2026-08-17,,,,,PL/20887/EXP/ES/2018,,23.53,29.99,27.00
2026-08-17,,,,,PL/20886/EXP/ES/2018,,23.99,29.49,26.99
2026-08-17,,,,,PL/20885/EXP/ES/2018,,24.79,29.99,27.99
2026-08-17,,,,,PL/20884/EXP/ES/2018,,22.99,28.49,25.39
2026-08-17,,,,,PL/20883/EXP/ES/2018,,23.99,29.69,
2026-08-17,,,,,PL/20881/EXP/ES/2018,,23.90,27.60,
2026-08-17,,,,,PL/20880/EXP/ES/2018,,21.89,27.99,25.37
2026-08-17,,,,,PL/2088/EXP/ES/2015,,24.00,29.65,27.00
2026-08-17,,,,,PL/20879/EXP/ES/2018,,24.00,28.79,27.00
2026-08-17,,,,,PL/20878/EXP/ES/2018,,23.99,28.79,27.45
2026-08-17,,,,,PL/20877/EXP/ES/2018,,21.89,27.95,25.37
2026-08-17,,,,,PL/20876/EXP/ES/2018,,22.95,28.29,25.37
2026-08-17,,,,,PL/2087/EXP/ES/2015,,23.89,28.95,26.99
2026-08-17,,,,,PL/2086/EXP/ES/2015,,23.94,29.40,
2026-08-17,,,,,PL/20851/EXP/ES/2018,,23.89,27.71,26.99
2026-08-17,,,,,PL/20850/EXP/ES/2018,,24.49,29.99,27.00
2026-08-17,,,,,PL/2085/EXP/ES/2015,,23.89,28.14,
2026-08-17,,,,,PL/20849/EXP/ES/2018,,23.99,29.99,27.00
2026-08-17,,,,,PL/20848/EXP/ES/2018,,23.99,27.99,26.99
2026-08-17,,,,,PL/20847/EXP/ES/2018,,23.99,27.99,27.00
2026-08-17,,,,,PL/20846/EXP/ES/2018,,23.86,27.99,26.96
2026-08-17,,,,,PL/20845/EXP/ES/2018,,23.99,29.89,27.49
2026-08-17,,,,,PL/20844/EXP/ES/2018,,23.49,28.40,
2026-08-17,,,,,PL/20843/EXP/ES/2018,,24.39,27.99,27.00
2026-08-17,,,,,PL/2084/EXP/ES/2015,,23.89,28.95,
2026-08-17,,,,,PL/2083/EXP/ES/2015,,23.89,28.21,27.00
2026-08-17,,,,,PL/2082/EXP/ES/2015,,23.99,29.59,26.99
2026-08-17,,,,,PL/20814/EXP/ES/2018,,23.99,27.99,
2026-08-17,,,,,PL/20813/EXP/ES/2018,,24.00,29.34,28.98
2026-08-17,,,,,PL/20812/EXP/ES/2018,,23.99,28.29,27.00
2026-08-17,,,,,PL/20811/EXP/ES/2018,,23.29,27.99,27.00
2026-08-17,,,,,PL/20810/EXP/ES/2018,,23.99,28.38,27.00
2026-08-17,,,,,PL/20809/EXP/ES/2018,,23.39,27.59,26.99
2026-08-17,,,,,PL/20808/EXP/ES/2018,,23.90,29.31,27.00
2026-08-17,,,,,PL/20807/EXP/ES/2018,,23.99,28.69,27.00
2026-08-17,,,,,PL/20806/EXP/ES/2018,,23.29,27.39,26.97
2026-08-17,,,,,PL/20805/EXP/ES/2018,,23.99,29.69,27.00
2026-08-17,,,,,PL/20804/EXP/ES/2018,,23.99,28.59,27.00
2026-08-17,,,,,PL/20803/EXP/ES/2018,,23.99,28.59,27.00
2026-08-17,,,,,PL/20802/EXP/ES/2018,,22.69,27.99,26.99
2026-08-17,,,,,PL/20801/EXP/ES/2018,,23.99,28.49,26.99
2026-08-17,,,,,PL/20800/EXP/ES/2018,,23.37,26.45,27.00
2026-08-17,,,,,PL/2080/EXP/ES/2015,,23.89,28.61,27.00
2026-08-17,,,,,PL/20799/EXP/ES/2018,,22.99,27.99,26.99
2026-08-17,,,,,PL/2079/EXP/ES/2015,,23.99,29.99,27.00
2026-08-17,,,,,PL/20781/EXP/ES/2017,,23.53,27.67,26.99
2026-08-17,,,,,PL/20780/EXP/ES/2017,,23.99,29.99,27.00
2026-08-17,,,,,PL/2078/EXP/ES/2015,,23.99,29.99,27.00
2026-08-17,,,,,PL/20779/EXP/ES/2017,,24.49,29.69,26.99
2026-08-17,,,,,PL/20778/EXP/ES/2017,,23.99,,27.00
2026-08-17,,,,,PL/20777/EXP/ES/2017,,23.19,26.99,25.99
2026-08-17,,,,,PL/20776/EXP/ES/2017,,24.49,29.99,
2026-08-17,,,,,PL/20775/EXP/ES/2017,,23.99,28.50,27.00
2026-08-17,,,,,PL/20774/EXP/ES/2017,,23.99,29.99,27.00
2026-08-17,,,,,PL/20773/EXP/ES/2017,,23.99,29.99,27.00
2026-08-17,,,,,PL/20772/EXP/ES/2017,,23.59,27.49,26.89
2026-08-17,,,,,PL/20771/EXP/ES/2017,,22.99,28.41,27.00
2026-08-17,,,,,PL/20770/EXP/ES/2017,,23.48,27.50,26.69
2026-08-17,,,,,PL/2077/EXP/ES/2015,,23.99,28.21,
2026-08-17,,,,,PL/20769/EXP/ES/2017,,22.39,26.99,26.39
2026-08-17,,,,,PL/20768/EXP/ES/2017,,23.99,28.79,27.00
2026-08-17,,,,,PL/20767/EXP/ES/2017,,24.49,29.19,
2026-08-17,,,,,PL/20766/EXP/ES/2017,,24.99,29.49,26.99
2026-08-17,,,,,PL/20765/EXP/ES/2017,,23.49,27.74,27.00
2026-08-17,,,,,PL/20764/EXP/ES/2017,,23.08,28.95,27.00
2026-08-17,,,,,PL/20763/EXP/ES/2017,,23.66,28.36,26.99
2026-08-17,,,,,PL/20762/EXP/ES/2017,,23.99,29.29,
2026-08-17,,,,,PL/20761/EXP/ES/2017,,21.55,24.00,26.90
2026-08-17,,,,,PL/20760/EXP/ES/2017,,24.00,29.49,27.00
2026-08-17,,,,,PL/2076/EXP/ES/2015,,24.00,29.73,27.00
2026-08-17,,,,,PL/2075/EXP/ES/2015,,23.99,28.21,27.00
2026-08-17,,,,,PL/2074/EXP/ES/2015,,23.99,28.43,27.00
2026-08-17,,,,,PL/2073/EXP/ES/2015,,22.99,27.99,27.00
2026-08-17,,,,,PL/2072/EXP/ES/2015,,23.59,27.99,26.89
2026-08-17,,,,,PL/2071/EXP/ES/2015,,22.99,27.84,26.99
2026-08-17,,,,,PL/2070/EXP/ES/2015,,24.49,29.79,27.00
2026-08-17,,,,,PL/2069/EXP/ES/2015,,24.49,29.79,27.00
2026-08-17,,,,,PL/2068/EXP/ES/2015,,22.99,28.39,26.99
2026-08-17,,,,,PL/20677/EXP/ES/2017,,24.39,27.94,
2026-08-17,,,,,PL/20676/EXP/ES/2017,,24.75,29.99,27.99
2026-08-17,,,,,PL/20675/EXP/ES/2017,,23.99,27.27,27.00
2026-08-17,,,,,PL/20674/EXP/ES/2017,,23.29,27.45,26.99
2026-08-17,,,,,PL/20673/EXP/ES/2017,,24.79,29.89,27.99
2026-08-17,,,,,PL/20672/EXP/ES/2017,,24.49,28.89,28.49
2026-08-17,,,,,PL/20671/EXP/ES/2017,,23.77,28.88,26.88
2026-08-17,,,,,PL/20670/EXP/ES/2017,,22.69,27.49,26.49
2026-08-17,,,,,PL/2067/EXP/ES/2015,,23.99,28.49,
2026-08-17,,,,,PL/20669/EXP/ES/2017,,23.59,27.95,27.00
2026-08-17,,,,,PL/20667/EXP/ES/2017,,23.07,27.66,26.71
2026-08-17,,,,,PL/20666/EXP/ES/2017,,23.99,29.76,27.00
2026-08-17,,,,,PL/20665/EXP/ES/2017,,23.99,28.99,26.99
2026-08-17,,,,,PL/20664/EXP/ES/2017,,23.99,29.39,27.39
2026-08-17,,,,,PL/2066/EXP/ES/2015,,23.69,28.29,26.99
2026-08-17,,,,,PL/2065/EXP/ES/2015,,23.54,27.60,26.90
2026-08-17,,,,,PL/2064/EXP/ES/2015,,23.99,28.59,27.40
2026-08-17,,,,,PL/2063/EXP/ES/2015,,23.99,28.49,26.99
2026-08-17,,,,,PL/2062/EXP/ES/2015,,23.94,28.99,26.99
2026-08-17,,,,,PL/20617/EXP/ES/2017,,22.69,27.99,26.99
2026-08-17,,,,,PL/20616/EXP/ES/2017,,23.99,29.49,26.99
2026-08-17,,,,,PL/20615/EXP/ES/2017,,23.49,28.49,27.00
2026-08-17,,,,,PL/20614/EXP/ES/2017,,23.99,28.92,27.00
2026-08-17,,,,,PL/20613/EXP/ES/2017,,23.98,28.98,
2026-08-17,,,,,PL/20612/EXP/ES/2017,,23.99,29.99,27.00
2026-08-17,,,,,PL/20611/EXP/ES/2017,,22.39,26.99,26.39
2026-08-17,,,,,PL/20610/EXP/ES/2017,,24.49,29.29,26.99
2026-08-17,,,,,PL/2061/EXP/ES/2015,,23.99,28.09,27.00
2026-08-17,,,,,PL/2060/EXP/ES/2015,,19.39,23.69,
2026-08-17,,,,,PL/2059/EXP/ES/2015,,23.79,27.79,
2026-08-17,,,,,PL/20588/EXP/ES/2017,,23.99,29.29,26.99
2026-08-17,,,,,PL/20587/EXP/ES/2017,,24.00,29.99,
2026-08-17,,,,,PL/20586/EXP/ES/2017,,23.99,28.99,26.99
2026-08-17,,,,,PL/20585/EXP/ES/2017,,23.99,29.99,27.00
2026-08-17,,,,,PL/20584/EXP/ES/2017,,23.99,29.49,
2026-08-17,,,,,PL/20583/EXP/ES/2017,,23.43,28.23,26.99
2026-08-17,,,,,PL/20582/EXP/ES/2017,,23.99,28.89,26.99
2026-08-17,,,,,PL/20581/EXP/ES/2017,,23.99,27.99,27.00
2026-08-17,,,,,PL/20580/EXP/ES/2017,,20.99,26.90,
2026-08-17,,,,,PL/2058/EXP/ES/2015,,23.99,29.99,27.00
2026-08-17,,,,,PL/20579/EXP/ES/2017,,22.69,27.59,27.00
2026-08-17,,,,,PL/20578/EXP/ES/2017,,23.95,27.99,26.99
2026-08-17,,,,,PL/20577/EXP/ES/2017,,23.29,29.49,26.99
2026-08-17,,,,,PL/20576/EXP/ES/2017,,24.39,27.99,
2026-08-17,,,,,PL/20575/EXP/ES/2017,,23.99,28.58,
2026-08-17,,,,,PL/2057/EXP/ES/2015,,24.00,,27.35
2026-08-17,,,,,PL/2056/EXP/ES/2015,,23.99,29.19,26.99
2026-08-17,,,,,PL/2055/EXP/ES/2015,,23.99,28.61,27.45
2026-08-17,,,,,PL/20549/EXP/ES/2017,,23.69,28.39,
2026-08-17,,,,,PL/20548/EXP/ES/2017,,23.59,27.69,27.00
2026-08-17,,,,,PL/20547/EXP/ES/2017,,23.95,28.90,27.00
2026-08-17,,,,,PL/20546/EXP/ES/2017,,23.39,28.09,
2026-08-17,,,,,PL/20545/EXP/ES/2017,,24.00,28.59,27.00
2026-08-17,,,,,PL/20544/EXP/ES/2017,,24.00,28.89,27.00
2026-08-17,,,,,PL/20543/EXP/ES/2017,,23.49,,27.00
2026-08-17,,,,,PL/20542/EXP/ES/2017,,20.99,25.99,26.99
2026-08-17,,,,,PL/20541/EXP/ES/2017,,23.49,28.99,26.89
2026-08-17,,,,,PL/20540/EXP/ES/2017,,23.50,26.99,26.99
2026-08-17,,,,,PL/2054/EXP/ES/2015,,23.49,28.19,27.00
2026-08-17,,,,,PL/20539/EXP/ES/2017,,24.10,29.45,27.00
2026-08-17,,,,,PL/20538/EXP/ES/2017,,23.73,27.58,26.99
2026-08-17,,,,,PL/20537/EXP/ES/2017,,23.73,27.58,26.99
2026-08-17,,,,,PL/20536/EXP/ES/2017,,23.55,26.99,26.79
2026-08-17,,,,,PL/20535/EXP/ES/2017,,23.99,27.99,27.00
2026-08-17,,,,,PL/20534/EXP/ES/2017,,23.95,27.99,26.95
2026-08-17,,,,,PL/20533/EXP/ES/2017,,23.39,26.99,27.00
2026-08-17,,,,,PL/20532/EXP/ES/2017,,23.99,28.20,26.99
2026-08-17,,,,,PL/20531/EXP/ES/2017,,24.39,27.89,27.00
2026-08-17,,,,,PL/2053/EXP/ES/2015,,23.99,29.19,26.99
2026-08-17,,,,,PL/2052/EXP/ES/2015,,24.49,29.39,
2026-08-17,,,,,PL/2051/EXP/ES/2015,,23.99,28.49,26.98
2026-08-17,,,,,PL/20500/EXP/ES/2017,,22.80,,25.98
2026-08-17,,,,,PL/2050/EXP/ES/2015,,23.69,28.59,27.00
2026-08-17,,,,,PL/20499/EXP/ES/2017,,23.99,29.99,27.00
2026-08-17,,,,,PL/20498/EXP/ES/2017,,24.49,29.99,27.00
2026-08-17,,,,,PL/20497/EXP/ES/2017,,24.49,29.99,
2026-08-17,,,,,PL/20496/EXP/ES/2017,,24.49,29.99,27.00
2026-08-17,,,,,PL/20495/EXP/ES/2017,,23.99,29.99,27.00
2026-08-17,,,,,PL/20494/EXP/ES/2017,,23.99,29.99,27.00
2026-08-17,,,,,PL/20493/EXP/ES/2017,,23.99,29.79,26.99
2026-08-17,,,,,PL/20492/EXP/ES/2017,,23.99,29.99,27.00
2026-08-17,,,,,PL/20491/EXP/ES/2017,,23.43,27.45,
2026-08-17,,,,,PL/20490/EXP/ES/2017,,22.79,27.99,
2026-08-17,,,,,PL/2049/EXP/ES/2015,,23.99,29.10,27.00
2026-08-17,,,,,PL/20489/EXP/ES/2017,,24.00,28.99,28.60
2026-08-17,,,,,PL/2048/EXP/ES/2015,,20.99,24.49,26.99
2026-08-17,,,,,PL/2047/EXP/ES/2015,,23.45,28.25,26.99
2026-08-17,,,,,PL/2046/EXP/ES/2015,,23.99,28.49,27.00
2026-08-17,,,,TLAJOGAS S.A. DE C.V.,PL/20456/EXP/ES/2017,Prolongación 8 de julio No. 163,23.95,29.70,26.95
2026-08-17,,,,,PL/20455/EXP/ES/2017,,23.17,27.76,26.99
2026-08-17,,,,,PL/20454/EXP/ES/2017,,23.95,29.57,
2026-08-17,,,,,PL/20453/EXP/ES/2017,,23.98,28.24,27.00
2026-08-17,,,,,PL/20452/EXP/ES/2017,,23.99,29.99,27.00
2026-08-17,,,,,PL/20451/EXP/ES/2017,,23.98,28.99,27.29
2026-08-17,,,,,PL/20450/EXP/ES/2017,,22.59,27.99,
2026-08-17,,,,,PL/2045/EXP/ES/2015,,23.99,28.52,27.00
2026-08-17,,,,,PL/20449/EXP/ES/2017,,23.19,27.99,
2026-08-17,,,,,PL/20447/EXP/ES/2017,,23.99,28.99,27.00
2026-08-17,,,,,PL/20446/EXP/ES/2017,,23.99,28.30,27.00
2026-08-17,,,,,PL/20445/EXP/ES/2017,,23.99,28.79,27.09
2026-08-17,,,,,PL/20444/EXP/ES/2017,,23.99,27.89,27.30
2026-08-17,,,,,PL/20443/EXP/ES/2017,,23.99,29.87,27.00
2026-08-17,,,,,PL/20442/EXP/ES/2017,,24.99,29.49,26.99
2026-08-17,,,,,PL/20441/EXP/ES/2017,,23.95,28.20,27.00
2026-08-17,,,,,PL/20440/EXP/ES/2017,,22.99,27.99,26.99
2026-08-17,,,,,PL/2044/EXP/ES/2015,,23.99,28.47,26.99
2026-08-17,,,,,PL/20439/EXP/ES/2017,,23.99,28.75,26.99
2026-08-17,,,,,PL/2043/EXP/ES/2015,,23.49,27.49,
2026-08-17,,,,,PL/2042/EXP/ES/2015,,25.39,28.98,28.28
2026-08-17,,,,,PL/20410/EXP/ES/2017,,23.99,29.99,27.00
2026-08-17,,,,,PL/2041/EXP/ES/2015,,25.39,28.99,28.28
2026-08-17,,,,,PL/20409/EXP/ES/2017,,23.90,28.19,27.00
2026-08-17,,,,,PL/20408/EXP/ES/2017,,25.39,28.98,28.29
2026-08-17,,,,,PL/20407/EXP/ES/2017,,23.32,28.54,26.99
2026-08-17,,,,,PL/20406/EXP/ES/2017,,22.99,27.49,26.79
2026-08-17,,,,,PL/20405/EXP/ES/2017,,23.99,29.60,27.00
2026-08-17,,,,,PL/20404/EXP/ES/2017,,23.57,28.38,26.99
2026-08-17,,,,,PL/20403/EXP/ES/2017,,22.39,27.65,25.39
2026-08-17,,,,,PL/20402/EXP/ES/2017,,23.99,28.60,27.27
2026-08-17,,,,,PL/20401/EXP/ES/2017,,19.99,25.99,
2026-08-17,,,,,PL/20400/EXP/ES/2017,,24.39,27.99,27.00
2026-08-17,,,,,PL/2040/EXP/ES/2015,,26.25,29.76,29.55
2026-08-17,,,,,PL/20399/EXP/ES/2017,,23.49,27.99,
2026-08-17,,,,,PL/20398/EXP/ES/2017,,23.99,29.36,28.00
2026-08-17,,,,,PL/20397/EXP/ES/2017,,23.69,28.99,27.00
2026-08-17,,,,,PL/20396/EXP/ES/2017,,23.09,27.09,
2026-08-17,,,,,PL/20395/EXP/ES/2017,,23.99,28.99,27.00
2026-08-17,,,,,PL/2039/EXP/ES/2015,,22.79,27.49,26.79
2026-08-17,,,,,PL/2038/EXP/ES/2015,,23.99,28.59,27.00
2026-08-17,,,,,PL/2037/EXP/ES/2015,,23.99,28.69,27.00
2026-08-17,,,,,PL/2036/EXP/ES/2015,,23.55,28.52,27.00
2026-08-17,,,,,PL/2035/EXP/ES/2015,,23.95,29.06,27.00
2026-08-17,,,,,PL/20347/EXP/ES/2017,,23.99,29.10,27.10
2026-08-17,,,,,PL/20346/EXP/ES/2017,,23.99,28.69,27.00
2026-08-17,,,,,PL/20345/EXP/ES/2017,,24.00,28.99,27.00
2026-08-17,,,,,PL/20343/EXP/ES/2017,,23.99,28.49,27.00
2026-08-17,,,,,PL/20342/EXP/ES/2017,,23.99,28.99,29.99
2026-08-17,,,,,PL/20341/EXP/ES/2017,,23.99,28.95,29.99
2026-08-17,,,,,PL/20340/EXP/ES/2017,,24.00,28.49,27.00
2026-08-17,,,,,PL/2034/EXP/ES/2015,,23.99,28.79,27.24
2026-08-17,,,,,PL/20339/EXP/ES/2017,,22.99,28.39,
2026-08-17,,,,,PL/20338/EXP/ES/2017,,23.49,26.99,26.99
2026-08-17,,,,,PL/20337/EXP/ES/2017,,22.99,27.89,
2026-08-17,,,,,PL/20336/EXP/ES/2017,,23.99,27.99,27.00
2026-08-17,,,,,PL/20335/EXP/ES/2017,,23.38,27.99,26.99
2026-08-17,,,,,PL/20334/EXP/ES/2017,,23.99,29.29,26.99
2026-08-17,,,,,PL/20333/EXP/ES/2017,,23.99,29.99,27.00
2026-08-17,,,,,PL/20332/EXP/ES/2017,,23.99,28.49,26.99
2026-08-17,,,,,PL/20331/EXP/ES/2017,,23.97,28.06,27.00
2026-08-17,,,,,PL/20330/EXP/ES/2017,,24.99,29.69,26.99
2026-08-17,,,,,PL/2033/EXP/ES/2015,,23.99,,27.00
2026-08-17,,,,,PL/20329/EXP/ES/2017,,23.69,27.99,
2026-08-17,,,,,PL/20328/EXP/ES/2017,,23.99,28.69,27.00
2026-08-17,,,,,PL/20327/EXP/ES/2017,,24.29,29.60,28.12
2026-08-17,,,,,PL/20326/EXP/ES/2017,,24.29,28.28,26.99
2026-08-17,,,,,PL/20325/EXP/ES/2017,,23.99,28.59,27.00
2026-08-17,,,,,PL/2032/EXP/ES/2015,,23.77,28.99,26.99
2026-08-17,,,,,PL/2031/EXP/ES/2015,,23.99,28.99,27.00
2026-08-17,,,,,PL/2030/EXP/ES/2015,,23.95,29.10,27.00
2026-08-17,,,,,PL/20294/EXP/ES/2017,,23.99,29.54,27.00
2026-08-17,,,,,PL/20291/EXP/ES/2017,,23.94,,26.99
2026-08-17,,,,,PL/20290/EXP/ES/2017,,24.49,29.59,27.49
2026-08-17,,,,,PL/2029/EXP/ES/2015,,23.99,29.09,27.49
2026-08-17,,,,,PL/20289/EXP/ES/2017,,23.99,29.99,26.99
2026-08-17,,,,,PL/20288/EXP/ES/2017,,23.89,28.99,27.00
2026-08-17,,,,,PL/20287/EXP/ES/2017,,23.99,27.94,27.00
2026-08-17,,,,,PL/20286/EXP/ES/2017,,23.85,28.80,27.00
2026-08-17,,,,,PL/20285/EXP/ES/2017,,23.99,28.49,26.99
2026-08-17,,,,,PL/20284/EXP/ES/2017,,24.94,28.94,27.99
2026-08-17,,,,,PL/20283/EXP/ES/2017,,23.90,27.30,27.00
2026-08-17,,,,,PL/20282/EXP/ES/2017,,23.99,28.09,27.00
2026-08-17,,,,,PL/20281/EXP/ES/2017,,23.49,26.99,27.00
2026-08-17,,,,,PL/20280/EXP/ES/2017,,23.99,28.39,27.99
2026-08-17,,,,,PL/2028/EXP/ES/2015,,23.99,28.29,27.00
2026-08-17,,,,,PL/20279/EXP/ES/2017,,23.99,28.76,27.99
2026-08-17,,,,,PL/20278/EXP/ES/2017,,23.99,28.50,27.00
2026-08-17,,,,,PL/2027/EXP/ES/2015,,23.79,27.99,26.99
2026-08-17,,,,,PL/2026/EXP/ES/2015,,23.99,29.34,27.00
2026-08-17,,,,,PL/2025/EXP/ES/2015,,23.95,28.95,27.00
2026-08-17,,,,,PL/20244/EXP/ES/2017,,23.99,27.99,26.99
2026-08-17,,,,,PL/20243/EXP/ES/2017,,24.99,29.99,27.00
2026-08-17,,,,,PL/20242/EXP/ES/2017,,23.99,29.99,27.00
2026-08-17,,,,,PL/20241/EXP/ES/2017,,23.99,30.50,27.00
2026-08-17,,,,,PL/20240/EXP/ES/2017,,23.99,28.59,27.00
2026-08-17,,,,,PL/2024/EXP/ES/2015,,23.99,28.49,26.99
2026-08-17,,,,,PL/20239/EXP/ES/2017,,24.00,27.99,27.00
2026-08-17,,,,,PL/20238/EXP/ES/2017,,22.99,27.89,
2026-08-17,,,,,PL/20237/EXP/ES/2017,,24.39,27.99,27.00
2026-08-17,,,,,PL/20236/EXP/ES/2017,,24.39,27.99,27.00
2026-08-17,,,,,PL/20235/EXP/ES/2017,,23.77,28.97,26.97
2026-08-17,,,,,PL/20234/EXP/ES/2017,,23.99,29.99,27.00
2026-08-17,,,,,PL/20233/EXP/ES/2017,,23.95,28.92,27.00
2026-08-17,,,,,PL/20232/EXP/ES/2017,,22.99,27.50,26.99
2026-08-17,,,,,PL/2023/EXP/ES/2015,,23.99,28.99,27.00
2026-08-17,,,,,PL/2022/EXP/ES/2015,,23.99,28.24,27.00
2026-08-17,,,,,PL/2021/EXP/ES/2015,,23.99,28.89,
2026-08-17,,,,,PL/20208/EXP/ES/2017,,23.99,29.69,26.99
2026-08-17,,,,,PL/20207/EXP/ES/2017,,23.99,28.99,
2026-08-17,,,,,PL/20206/EXP/ES/2017,,23.49,27.99,26.69
2026-08-17,,,,,PL/20205/EXP/ES/2017,,23.99,28.89,27.00
2026-08-17,,,,,PL/20204/EXP/ES/2017,,23.99,29.99,27.00
2026-08-17,,,,,PL/20203/EXP/ES/2017,,22.99,26.99,26.79
2026-08-17,,,,,PL/20202/EXP/ES/2017,,23.99,29.59,27.69
2026-08-17,,,,,PL/20201/EXP/ES/2017,,24.00,29.99,27.00
2026-08-17,,,,,PL/20200/EXP/ES/2017,,23.98,27.93,
2026-08-17,,,,,PL/2020/EXP/ES/2015,,23.39,27.95,26.99
2026-08-17,,,,,PL/20199/EXP/ES/2017,,23.99,28.89,27.00
2026-08-17,,,,,PL/20198/EXP/ES/2017,,22.69,27.99,26.99
2026-08-17,,,,,PL/20197/EXP/ES/2017,,23.95,28.40,27.00
2026-08-17,,,,,PL/20196/EXP/ES/2017,,25.39,28.98,28.29
2026-08-17,,,,,PL/20195/EXP/ES/2017,,23.99,29.99,27.00
2026-08-17,,,,,PL/20194/EXP/ES/2017,,23.99,27.89,
2026-08-17,,,,,PL/20193/EXP/ES/2017,,22.99,28.99,25.99
2026-08-17,,,,,PL/20192/EXP/ES/2017,,22.99,28.99,25.99
2026-08-17,,,,,PL/20191/EXP/ES/2017,,22.99,27.99,26.99
2026-08-17,,,,,PL/20190/EXP/ES/2017,,22.95,27.07,26.79
2026-08-17,,,,,PL/2019/EXP/ES/2015,,23.65,27.79,26.99
2026-08-17,,,,,PL/20189/EXP/ES/2017,,24.00,28.60,27.00
2026-08-17,,,,,PL/20188/EXP/ES/2017,,22.99,27.95,26.95
2026-08-17,,,,,PL/20187/EXP/ES/2017,,24.39,27.99,27.00
2026-08-17,,,,,PL/20186/EXP/ES/2017,,23.80,28.19,26.79
2026-08-17,,,,,PL/2018/EXP/ES/2015,,25.39,28.99,28.29
2026-08-17,,,,,PL/2017/EXP/ES/2015,,23.99,28.79,
2026-08-17,,,,,PL/20169/EXP/ES/2017,,23.50,28.00,27.00
2026-08-17,,,,,PL/20168/EXP/ES/2017,,24.39,27.99,27.00
2026-08-17,,,,,PL/20167/EXP/ES/2017,,24.00,28.99,27.00
2026-08-17,,,,,PL/20166/EXP/ES/2017,,23.99,,26.99
2026-08-17,,,,,PL/20165/EXP/ES/2017,,23.99,28.09,27.00
2026-08-17,,,,,PL/20164/EXP/ES/2017,,22.99,28.99,26.99
2026-08-17,,,,,PL/20163/EXP/ES/2017,,24.39,27.99,27.00
2026-08-17,,,,,PL/20162/EXP/ES/2017,,23.99,,27.00
2026-08-17,,,,,PL/20161/EXP/ES/2017,,23.99,28.35,27.00
2026-08-17,,,,,PL/20160/EXP/ES/2017,,23.85,28.55,27.19
2026-08-17,,,,,PL/2016/EXP/ES/2015,,23.99,29.99,26.99
2026-08-17,,,,,PL/2014/EXP/ES/2015,,23.96,28.90,27.00
2026-08-17,,,,,PL/20136/EXP/ES/2017,,23.99,28.75,27.00
2026-08-17,,,,,PL/20135/EXP/ES/2017,,24.39,27.94,
2026-08-17,,,,,PL/20134/EXP/ES/2017,,24.39,27.99,27.00
2026-08-17,,,,,PL/20133/EXP/ES/2017,,22.99,26.99,27.00
2026-08-17,,,,,PL/20132/EXP/ES/2017,,23.94,27.99,27.49
2026-08-17,,,,,PL/20131/EXP/ES/2017,,23.35,27.49,27.00
2026-08-17,,,,,PL/20130/EXP/ES/2017,,23.99,28.69,27.00
2026-08-17,,,,,PL/2013/EXP/ES/2015,,23.65,27.80,26.90
2026-08-17,,,,,PL/20129/EXP/ES/2017,,23.55,28.55,27.00
2026-08-17,,,,,PL/20128/EXP/ES/2017,,24.39,27.99,27.00
2026-08-17,,,,,PL/20127/EXP/ES/2017,,23.99,29.59,27.69
2026-08-17,,,,,PL/20126/EXP/ES/2017,,23.19,27.59,26.99
2026-08-17,,,,,PL/20125/EXP/ES/2017,,23.99,27.99,26.99
2026-08-17,,,,,PL/20124/EXP/ES/2017,,23.99,29.99,27.00
2026-08-17,,,,,PL/20123/EXP/ES/2017,,25.39,28.99,28.39
2026-08-17,,,,,PL/20122/EXP/ES/2017,,23.54,27.80,26.90
2026-08-17,,,,,PL/20121/EXP/ES/2017,,23.98,29.48,
2026-08-17,,,,,PL/20120/EXP/ES/2017,,23.99,27.99,27.00
2026-08-17,,,,,PL/2012/EXP/ES/2015,,23.90,27.65,26.90
2026-08-17,,,,,PL/20119/EXP/ES/2017,,23.99,28.90,27.00
2026-08-17,,,,,PL/20118/EXP/ES/2017,,23.98,28.79,27.00
2026-08-17,,,,,PL/20117/EXP/ES/2017,,23.99,29.99,27.00
2026-08-17,,,,,PL/20116/EXP/ES/2017,,23.99,28.99,27.00
2026-08-17,,,,,PL/20115/EXP/ES/2017,,23.95,28.49,27.00
2026-08-17,,,,,PL/20114/EXP/ES/2017,,24.39,27.00,27.00
2026-08-17,,,,,PL/20113/EXP/ES/2017,,23.99,28.45,27.50
2026-08-17,,,,,PL/20112/EXP/ES/2017,,23.99,28.50,27.00
2026-08-17,,,,,PL/2011/EXP/ES/2015,,24.09,29.89,27.09
2026-08-17,,,,,PL/2010/EXP/ES/2015,,23.99,28.69,27.00
2026-08-17,,,,,PL/2009/EXP/ES/2015,,23.49,27.99,26.99
2026-08-17,,,,,PL/2008/EXP/ES/2015,,23.99,27.99,
2026-08-17,,,,,PL/20071/EXP/ES/2017,,23.69,27.89,26.99
2026-08-17,,,,,PL/20070/EXP/ES/2017,,23.99,29.99,27.00
2026-08-17,,,,SERVICIO FAPILO S.A. DE C.V.,PL/2007/EXP/ES/2015,Carretera a Santa Cruz Tala Km 6.5 No. 1200,23.99,29.79,26.99
2026-08-17,,,,,PL/20069/EXP/ES/2017,,23.80,28.40,27.00
2026-08-17,,,,,PL/20068/EXP/ES/2017,,24.00,28.40,27.00
2026-08-17,,,,,PL/20067/EXP/ES/2017,,22.37,27.87,25.30
2026-08-17,,,,,PL/20066/EXP/ES/2017,,23.80,27.69,27.00
2026-08-17,,,,,PL/20065/EXP/ES/2017,,23.99,28.99,27.00
2026-08-17,,,,,PL/20064/EXP/ES/2017,,24.00,28.94,27.00
2026-08-17,,,,,PL/20063/EXP/ES/2017,,25.38,28.97,28.28
2026-08-17,,,,,PL/20062/EXP/ES/2017,,23.17,28.37,26.99
2026-08-17,,,,,PL/20061/EXP/ES/2017,,23.79,28.34,27.00
2026-08-17,,,,,PL/20060/EXP/ES/2017,,24.00,29.99,27.24
2026-08-17,,,,,PL/2006/EXP/ES/2015,,23.99,27.90,27.00
2026-08-17,,,,,PL/20059/EXP/ES/2017,,23.99,29.49,27.00
2026-08-17,,,,,PL/20058/EXP/ES/2017,,22.85,28.25,25.35
2026-08-17,,,,,PL/20057/EXP/ES/2017,,23.99,28.50,27.99
2026-08-17,,,,,PL/20056/EXP/ES/2017,,23.84,29.30,26.99
2026-08-17,,,,,PL/2005/EXP/ES/2015,,23.99,29.49,
2026-08-17,,,,,PL/20043/EXP/ES/2017,,23.99,28.69,
2026-08-17,,,,,PL/20042/EXP/ES/2017,,23.99,29.99,27.00
2026-08-17,,,,,PL/20041/EXP/ES/2017,,23.99,27.99,27.00
2026-08-17,,,,,PL/20040/EXP/ES/2017,,23.99,28.19,27.00
2026-08-17,,,,,PL/2004/EXP/ES/2015,,23.99,29.79,
2026-08-17,,,,,PL/20039/EXP/ES/2017,,19.39,23.69,25.39
2026-08-17,,,,,PL/20037/EXP/ES/2017,,23.99,27.99,27.99
2026-08-17,,,,,PL/20036/EXP/ES/2017,,24.49,29.69,27.69
2026-08-17,,,,,PL/20032/EXP/ES/2017,,23.49,27.99,26.99
2026-08-17,,,,,PL/20031/EXP/ES/2017,,23.99,29.98,27.00
2026-08-17,,,,,PL/20030/EXP/ES/2017,,23.96,28.64,27.69
2026-08-17,,,,COMBUSTIBLES TAFIRUL S.A. DE C.V.,PL/2003/EXP/ES/2015,Avenida Anillo Periférico No. 2497,23.99,29.99,
2026-08-17,,,,,PL/20022/EXP/ES/2017,,24.00,29.74,27.00
2026-08-17,,,,,PL/20021/EXP/ES/2017,,23.99,27.39,26.99
2026-08-17,,,,,PL/20020/EXP/ES/2017,,22.89,27.99,26.49
2026-08-17,,,,ESTACIÓN DE SERVICIO PATRIA UNIVERSIDAD S.A. DE C.V.,PL/2002/EXP/ES/2015,Avenida Patria No. 424,23.99,29.83,27.00
2026-08-17,,,,,PL/20019/EXP/ES/2017,,23.99,28.09,27.00
2026-08-17,,,,,PL/20018/EXP/ES/2017,,23.99,28.40,27.00
2026-08-17,,,,,PL/20017/EXP/ES/2017,,24.30,28.59,27.00
2026-08-17,,,,,PL/20016/EXP/ES/2017,,23.99,28.86,27.00
2026-08-17,,,,,PL/20015/EXP/ES/2017,,23.99,29.99,27.00
2026-08-17,,,,,PL/20014/EXP/ES/2017,,23.99,29.99,27.00
2026-08-17,,,,,PL/20013/EXP/ES/2017,,23.99,29.99,27.00
2026-08-17,,,,,PL/20012/EXP/ES/2017,,23.99,29.99,27.00
2026-08-17,,,,,PL/20011/EXP/ES/2017,,23.99,29.99,27.00
2026-08-17,,,,,PL/20010/EXP/ES/2017,,23.99,28.29,27.00
2026-08-17,,,,COMBUSTIBLES POPOYOTE S.A. DE C.V.,PL/2001/EXP/ES/2015,Carretera Guadalajara Morelia 7750,23.99,29.49,27.29
2026-08-17,,,,,PL/20009/EXP/ES/2017,,23.49,29.49,26.99
2026-08-17,,,,,PL/20007/EXP/ES/2017,,25.51,27.90,29.00
2026-08-17,,,,,PL/20006/EXP/ES/2017,,23.89,28.30,26.99
2026-08-17,,,,,PL/20004/EXP/ES/2017,,23.89,28.82,26.99
2026-08-17,,,,,PL/20003/EXP/ES/2017,,23.99,28.80,27.00
2026-08-17,,,,,PL/20002/EXP/ES/2017,,23.99,30.97,27.99
2026-08-17,,,,,PL/20000/EXP/ES/2017,,24.00,29.40,27.55
2026-08-17,,,,,PL/2000/EXP/ES/2015,,23.88,27.89,26.99
2026-08-17,,,,,PL/19999/EXP/ES/2017,,22.99,27.99,
2026-08-17,,,,,PL/19998/EXP/ES/2017,,23.99,28.70,27.00
2026-08-17,,,,,PL/19997/EXP/ES/2017,,23.99,28.69,27.00
2026-08-17,,,,,PL/19996/EXP/ES/2017,,24.39,27.94,27.00
2026-08-17,,,,COMBUSTIBLES TRITON S.A. DE C.V.,PL/1999/EXP/ES/2015,Carretera Guadalajara Tepic No. 9835,23.99,29.49,27.29
2026-08-17,,,,,PL/1998/EXP/ES/2015,,23.99,29.99,27.00
2026-08-17,,,,,PL/19979/EXP/ES/2017,,24.69,29.99,27.00
2026-08-17,,,,,PL/19978/EXP/ES/2017,,23.99,29.99,
2026-08-17,,,,,PL/19977/EXP/ES/2017,,23.99,28.89,27.00
2026-08-17,,,,,PL/19976/EXP/ES/2017,,24.00,29.00,27.00
2026-08-17,,,,,PL/19975/EXP/ES/2017,,23.99,28.49,27.00
2026-08-17,,,,,PL/19974/EXP/ES/2017,,22.97,27.79,26.99
2026-08-17,,,,,PL/19973/EXP/ES/2017,,23.79,28.34,27.00
2026-08-17,,,,,PL/19972/EXP/ES/2017,,24.39,27.94,
2026-08-17,,,,,PL/19971/EXP/ES/2017,,23.99,28.99,26.99
2026-08-17,,,,,PL/19970/EXP/ES/2017,,23.98,28.70,27.00
2026-08-17,,,,,PL/1997/EXP/ES/2015,,23.99,29.88,27.99
2026-08-17,,,,,PL/19969/EXP/ES/2017,,23.86,28.97,26.99
2026-08-17,,,,,PL/19968/EXP/ES/2017,,23.99,28.33,27.00
2026-08-17,,,,,PL/19967/EXP/ES/2017,,23.95,29.25,
2026-08-17,,,,,PL/19966/EXP/ES/2017,,23.89,28.39,26.99
2026-08-17,,,,,PL/19965/EXP/ES/2017,,23.99,28.21,27.00
2026-08-17,,,,,PL/19964/EXP/ES/2017,,23.99,28.89,25.39
2026-08-17,,,,,PL/19963/EXP/ES/2017,,24.00,29.99,27.00
2026-08-17,,,,,PL/19962/EXP/ES/2017,,24.49,28.59,27.00
2026-08-17,,,,,PL/19961/EXP/ES/2017,,23.99,28.59,27.49
2026-08-17,,,,,PL/19960/EXP/ES/2017,,23.20,28.50,26.50
2026-08-17,,,,COMBUSTIBLES MELAMENGAMBREAS S.A. DE C.V.,PL/1996/EXP/ES/2015,Avenida Rafael Sanzio No. 771,23.99,29.49,
2026-08-17,,,,,PL/1995/EXP/ES/2015,,23.99,29.99,
2026-08-17,,,,,PL/19949/EXP/ES/2017,,22.89,26.69,
2026-08-17,,,,,PL/19948/EXP/ES/2017,,23.99,27.99,26.99
2026-08-17,,,,,PL/19947/EXP/ES/2017,,23.99,27.93,27.00
2026-08-17,,,,,PL/19946/EXP/ES/2017,,23.08,28.53,
2026-08-17,,,,,PL/19945/EXP/ES/2017,,23.99,27.99,26.99
2026-08-17,,,,,PL/19944/EXP/ES/2017,,24.00,29.30,26.99
2026-08-17,,,,,PL/19943/EXP/ES/2017,,23.98,29.65,27.00
2026-08-17,,,,,PL/19942/EXP/ES/2017,,23.99,29.99,27.00
2026-08-17,,,,,PL/19941/EXP/ES/2017,,23.69,28.99,26.99
2026-08-17,,,,,PL/19940/EXP/ES/2017,,22.56,27.36,26.97
2026-08-17,,,,,PL/1994/EXP/ES/2015,,23.99,29.88,27.99
2026-08-17,,,,"SERVICIOS GASOLINEROS DE MEXICO, S.A. DE C.V.",PL/1993/EXP/ES/2015,Avenida Mariano Otero No. 5782,23.99,29.99,
2026-08-17,,,,,PL/1992/EXP/ES/2015,,19.25,20.49,20.35
2026-08-17,,,,,PL/1991/EXP/ES/2015,,23.99,29.99,27.29
2026-08-17,,,,,PL/19905/EXP/ES/2017,,23.99,28.99,27.00
2026-08-17,,,,,PL/19904/EXP/ES/2017,,23.50,28.60,27.00
2026-08-17,,,,,PL/19903/EXP/ES/2017,,24.49,29.49,
2026-08-17,,,,,PL/19902/EXP/ES/2017,,23.98,28.98,26.98
2026-08-17,,,,COMBUSTIBLES CENTAURO S.A. DE C.V.,PL/1990/EXP/ES/2015,Avenida Patria No. 1861,23.99,29.99,
2026-08-17,,,,COMBUSTIBLES POSEIDON S.A. DE C.V.,PL/1989/EXP/ES/2015,Carretera Guadalajara Morelia 1770 Fraccionamiento San José del Tajo,23.99,29.99,
2026-08-17,,,,,PL/19885/EXP/ES/2017,,24.39,28.99,27.89
2026-08-17,,,,,PL/19884/EXP/ES/2017,,23.39,27.49,26.99
2026-08-17,,,,,PL/19883/EXP/ES/2017,,23.89,28.79,27.00
2026-08-17,,,,,PL/19882/EXP/ES/2017,,23.99,28.59,27.00
2026-08-17,,,,,PL/19881/EXP/ES/2017,,23.59,27.79,26.99
2026-08-17,,,,,PL/1988/EXP/ES/2015,,23.99,29.99,27.00
2026-08-17,,,,,PL/1987/EXP/ES/2015,,23.49,28.69,26.99
2026-08-17,,,,,PL/19869/EXP/ES/2017,,23.79,28.59,26.99
2026-08-17,,,,,PL/19868/EXP/ES/2017,,23.99,29.19,26.99
2026-08-17,,,,,PL/19867/EXP/ES/2017,,27.50,,31.99
2026-08-17,,,,,PL/19866/EXP/ES/2017,,23.49,28.99,26.99
2026-08-17,,,,,PL/19865/EXP/ES/2017,,24.00,,27.00
2026-08-17,,,,,PL/19864/EXP/ES/2017,,23.69,27.99,26.99
2026-08-17,,,,,PL/19863/EXP/ES/2017,,23.98,29.09,26.99
2026-08-17,,,,,PL/19862/EXP/ES/2017,,23.99,27.99,27.49
2026-08-17,,,,,PL/19861/EXP/ES/2017,,24.49,29.99,
2026-08-17,,,,,PL/19860/EXP/ES/2017,,23.99,29.99,
2026-08-17,,,,,PL/1986/EXP/ES/2015,,23.99,29.99,27.00
2026-08-17,,,,,PL/19859/EXP/ES/2017,,24.49,29.99,
2026-08-17,,,,,PL/19858/EXP/ES/2017,,23.99,29.99,27.00
2026-08-17,,,,SERVICIOS GASOLINEROS DE MEXICO SA DE CV,PL/1985/EXP/ES/2015,Avenida Ramon Corona No. 715,24.99,29.99,
2026-08-17,,,,,PL/19849/EXP/ES/2017,,23.49,27.39,26.99
2026-08-17,,,,,PL/19848/EXP/ES/2017,,,24.00,28.00
2026-08-17,,,,,PL/19847/EXP/ES/2017,,24.69,29.99,27.00
2026-08-17,,,,,PL/19846/EXP/ES/2017,,23.69,28.19,26.99
2026-08-17,,,,,PL/19845/EXP/ES/2017,,23.99,29.99,27.00
2026-08-17,,,,,PL/19844/EXP/ES/2017,,23.99,29.99,27.00
2026-08-17,,,,,PL/19843/EXP/ES/2017,,23.99,29.99,27.00
2026-08-17,,,,,PL/19842/EXP/ES/2017,,23.99,29.99,27.00
2026-08-17,,,,,PL/19841/EXP/ES/2017,,23.94,27.89,27.00
2026-08-17,,,,,PL/1984/EXP/ES/2015,,23.80,28.35,27.00
2026-08-17,,,,,PL/19839/EXP/ES/2017,,23.45,27.85,26.85
2026-08-17,,,,,PL/1983/EXP/ES/2015,,23.99,28.89,26.89
2026-08-17,,,,EUCALIPTOS DEL VALLE S. A. DE C. V,PL/19828/EXP/ES/2016,Boulevard Brasil 220 A,23.99,28.79,26.99
2026-08-17,,,,,PL/19827/EXP/ES/2016,,23.85,28.49,27.00
2026-08-17,,,,,PL/19826/EXP/ES/2016,,23.49,28.19,26.79
2026-08-17,,,,,PL/19825/EXP/ES/2016,,23.99,28.39,26.99
2026-08-17,,,,,PL/19824/EXP/ES/2016,,22.49,26.97,26.89
2026-08-17,,,,,PL/19823/EXP/ES/2016,,24.39,27.99,27.00
2026-08-17,,,,,PL/19822/EXP/ES/2016,,24.29,28.59,27.00
2026-08-17,,,,,PL/19821/EXP/ES/2016,,24.49,28.59,27.00
2026-08-17,,,,,PL/19820/EXP/ES/2016,,23.75,29.65,26.97
2026-08-17,,,,COMBUSTIBLES MINOTAURO S.A. DE C.V.,PL/1982/EXP/ES/2015,Avenida Valdepeñas No. 1920,23.99,29.49,
2026-08-17,,,,,PL/19819/EXP/ES/2016,,23.99,28.99,
2026-08-17,,,,,PL/19818/EXP/ES/2016,,23.78,,26.75
2026-08-17,,,,,PL/1981/EXP/ES/2015,,24.79,29.99,27.99
2026-08-17,,,,,PL/1980/EXP/ES/2015,,24.00,28.75,26.96
2026-08-17,,,,,PL/19795/EXP/ES/2016,,22.91,,26.99
2026-08-17,,,,,PL/19794/EXP/ES/2016,,23.89,28.49,27.00
2026-08-17,,,,,PL/19793/EXP/ES/2016,,23.39,27.29,26.99
2026-08-17,,,,ABC FUEL SERVICES S. DE R. L. DE C. V.,PL/19792/EXP/ES/2016,Avenida Acueducto S/N Esquina Avenida del Valle,23.99,28.99,
2026-08-17,,,,,PL/19791/EXP/ES/2016,,23.67,27.99,27.00
2026-08-17,,,,,PL/19790/EXP/ES/2016,,23.89,28.50,27.00
2026-08-17,,,,,PL/1979/EXP/ES/2015,,23.99,28.75,27.00
2026-08-17,,,,,PL/19789/EXP/ES/2016,,23.79,28.78,27.05
2026-08-17,,,,,PL/19788/EXP/ES/2016,,23.99,28.89,27.00
2026-08-17,,,,,PL/19787/EXP/ES/2016,,23.39,28.39,26.55
2026-08-17,,,,,PL/19786/EXP/ES/2016,,23.99,29.69,27.00
2026-08-17,,,,,PL/19785/EXP/ES/2016,,23.99,27.99,26.99
2026-08-17,,,,,PL/19784/EXP/ES/2016,,23.99,28.99,27.00
2026-08-17,,,,,PL/19783/EXP/ES/2016,,24.00,28.99,27.00
2026-08-17,,,,,PL/19782/EXP/ES/2016,,24.20,28.99,27.00
2026-08-17,,,,,PL/1978/EXP/ES/2015,,23.99,27.90,27.00
2026-08-17,,,,,PL/19761/EXP/ES/2016,,24.00,28.19,27.35
2026-08-17,,,,,PL/19760/EXP/ES/2016,,23.99,29.99,
2026-08-17,,,,,PL/1976/EXP/ES/2015,,24.00,28.86,27.25
2026-08-17,,,,,PL/19759/EXP/ES/2016,,24.00,29.89,26.99
2026-08-17,,,,,PL/19758/EXP/ES/2016,,23.10,26.99,26.75
2026-08-17,,,,,PL/19757/EXP/ES/2016,,23.99,29.05,27.00
2026-08-17,,,,,PL/19756/EXP/ES/2016,,23.38,27.99,26.99
2026-08-17,,,,,PL/19755/EXP/ES/2016,,22.99,27.99,26.99
2026-08-17,,,,OPERADORA DE SERVICIOS EN MOVILIDAD S.A. DE C.V.,PL/19754/EXP/ES/2016,Nuevo Periférico No. 250 Km 0.800,22.99,28.39,26.99
2026-08-17,,,,,PL/19753/EXP/ES/2016,,23.78,28.99,26.75
2026-08-17,,,,,PL/19752/EXP/ES/2016,,23.99,28.85,27.45
2026-08-17,,,,,PL/19751/EXP/ES/2016,,23.99,28.59,27.00
2026-08-17,,,,,PL/19750/EXP/ES/2016,,23.97,29.39,27.00
2026-08-17,,,,,PL/1975/EXP/ES/2015,,24.64,29.69,26.99
2026-08-17,,,,,PL/19748/EXP/ES/2016,,23.49,27.99,26.99
2026-08-17,,,,,PL/19747/EXP/ES/2016,,19.90,24.50,26.85
2026-08-17,,,,,PL/19746/EXP/ES/2016,,23.39,27.29,26.69
2026-08-17,,,,,PL/19745/EXP/ES/2016,,23.90,28.79,26.99
2026-08-17,,,,,PL/19744/EXP/ES/2016,,23.99,28.99,27.00
2026-08-17,,,,,PL/19743/EXP/ES/2016,,23.09,27.19,26.79
2026-08-17,,,,,PL/19742/EXP/ES/2016,,24.00,28.84,27.00
2026-08-17,,,,,PL/19741/EXP/ES/2016,,22.99,27.49,26.85
2026-08-17,,,,,PL/19740/EXP/ES/2016,,24.50,30.50,
2026-08-17,,,,,PL/1974/EXP/ES/2015,,24.49,29.99,27.00
2026-08-17,,,,,PL/19739/EXP/ES/2016,,24.00,29.49,26.99
2026-08-17,,,,,PL/19738/EXP/ES/2016,,23.79,27.99,27.00
2026-08-17,,,,,PL/19737/EXP/ES/2016,,23.99,29.59,27.00
2026-08-17,,,,,PL/19736/EXP/ES/2016,,23.99,28.30,27.00
2026-08-17,,,,,PL/19735/EXP/ES/2016,,23.99,28.55,27.00
2026-08-17,,,,,PL/19734/EXP/ES/2016,,23.49,28.49,26.99
2026-08-17,,,,,PL/19733/EXP/ES/2016,,22.95,28.19,25.37
2026-08-17,,,,,PL/19732/EXP/ES/2016,,21.95,26.85,25.39
2026-08-17,,,,,PL/19731/EXP/ES/2016,,22.99,28.39,26.99
2026-08-17,,,,JORIMAR GASOLINEROS S.A. DE C.V.,PL/19730/EXP/ES/2016,Carretera Tlajomulco - San Miguel Cuyutlán Km 2.5 No. 670,22.99,28.39,26.99
2026-08-17,,,,,PL/1973/EXP/ES/2015,,23.59,27.99,
2026-08-17,,,,,PL/19729/EXP/ES/2016,,23.85,28.15,27.00
2026-08-17,,,,,PL/1972/EXP/ES/2015,,23.98,27.79,26.99
2026-08-17,,,,,PL/19713/EXP/ES/2016,,20.89,25.00,25.38
2026-08-17,,,,,PL/19711/EXP/ES/2016,,23.99,29.89,27.89
2026-08-17,,,,,PL/1971/EXP/ES/2015,,23.99,29.99,27.00
2026-08-17,,,,,PL/19709/EXP/ES/2016,,23.99,29.59,27.00
2026-08-17,,,,,PL/19708/EXP/ES/2016,,24.19,29.49,27.49
2026-08-17,,,,,PL/19707/EXP/ES/2016,,23.99,29.49,27.29
2026-08-17,,,,,PL/19706/EXP/ES/2016,,23.99,29.49,27.29
2026-08-17,,,,,PL/1970/EXP/ES/2015,,23.99,,26.99
2026-08-17,,,,,PL/1969/EXP/ES/2015,,23.99,29.99,27.00
2026-08-17,,,,,PL/19687/EXP/ES/2016,,24.89,28.44,27.70
2026-08-17,,,,,PL/19686/EXP/ES/2016,,25.39,28.99,
2026-08-17,,,,,PL/19685/EXP/ES/2016,,23.27,28.37,26.99
2026-08-17,,,,,PL/19684/EXP/ES/2016,,23.57,28.37,26.99
2026-08-17,,,,,PL/19683/EXP/ES/2016,,23.59,28.19,27.00
2026-08-17,,,,,PL/19682/EXP/ES/2016,,24.49,29.99,
2026-08-17,,,,,PL/19681/EXP/ES/2016,,23.69,28.55,27.00
2026-08-17,,,,,PL/19680/EXP/ES/2016,,23.54,27.83,25.39
2026-08-17,,,,,PL/1968/EXP/ES/2015,,23.39,27.92,27.00
2026-08-17,,,,,PL/19679/EXP/ES/2016,,23.99,28.29,27.00
2026-08-17,,,,,PL/19678/EXP/ES/2016,,23.99,28.99,27.00
2026-08-17,,,,,PL/19677/EXP/ES/2016,,23.97,28.79,27.00
2026-08-17,,,,,PL/19676/EXP/ES/2016,,23.99,29.99,27.99
2026-08-17,,,,,PL/19675/EXP/ES/2016,,25.39,28.98,28.28
2026-08-17,,,,,PL/1967/EXP/ES/2015,,23.99,28.57,27.00
2026-08-17,,,,,PL/1966/EXP/ES/2015,,23.99,29.79,26.99
2026-08-17,,,,,PL/1965/EXP/ES/2015,,24.29,29.39,
2026-08-17,,,,,PL/1964/EXP/ES/2015,,23.99,29.99,27.00
2026-08-17,,,,,PL/1963/EXP/ES/2015,,24.79,29.99,
2026-08-17,,,,,PL/19621/EXP/ES/2016,,23.99,28.09,27.00
2026-08-17,,,,,PL/19620/EXP/ES/2016,,23.99,29.59,27.00
2026-08-17,,,,,PL/1962/EXP/ES/2015,,23.79,27.99,26.99
2026-08-17,,,,,PL/19619/EXP/ES/2016,,23.99,29.59,26.99
2026-08-17,,,,,PL/19618/EXP/ES/2016,,23.98,29.48,27.00
2026-08-17,,,,,PL/19617/EXP/ES/2016,,23.99,28.93,26.99
2026-08-17,,,,,PL/19616/EXP/ES/2016,,,28.99,27.00
2026-08-17,,,,,PL/19615/EXP/ES/2016,,23.99,28.39,27.00
2026-08-17,,,,,PL/19614/EXP/ES/2016,,23.99,29.34,27.00
2026-08-17,,,,SERVICIO REAL ACUEDUCTO S.A. DE C.V.,PL/19613/EXP/ES/2016,Avenida Real Acueducto 405a,23.95,29.45,
2026-08-17,,,,,PL/19612/EXP/ES/2016,,23.99,28.69,27.00
2026-08-17,,,,,PL/1961/EXP/ES/2015,,23.99,29.99,27.00
2026-08-17,,,,,PL/1960/EXP/ES/2015,,23.59,27.79,
2026-08-17,,,,,PL/1959/EXP/ES/2015,,23.99,27.79,26.99
2026-08-17,,,,,PL/1958/EXP/ES/2015,,24.49,29.99,
2026-08-17,,,,,PL/19574/EXP/ES/2016,,23.97,28.27,27.00
2026-08-17,,,,,PL/19573/EXP/ES/2016,,23.99,29.99,27.00
2026-08-17,,,,,PL/19572/EXP/ES/2016,,23.99,27.80,
2026-08-17,,,,,PL/19571/EXP/ES/2016,,23.40,28.20,26.95
2026-08-17,,,,,PL/19570/EXP/ES/2016,,23.99,28.35,27.00
2026-08-17,,,,,PL/1957/EXP/ES/2015,,23.88,27.99,27.00
2026-08-17,,,,,PL/19569/EXP/ES/2016,,23.99,28.89,26.99
2026-08-17,,,,,PL/19568/EXP/ES/2016,,23.95,27.95,27.00
2026-08-17,,,,,PL/19567/EXP/ES/2016,,23.99,28.36,26.99
2026-08-17,,,,,PL/19566/EXP/ES/2016,,23.19,26.89,27.00
2026-08-17,,,,,PL/19565/EXP/ES/2016,,22.99,27.48,26.69
2026-08-17,,,,,PL/19564/EXP/ES/2016,,23.99,28.62,27.00
2026-08-17,,,,,PL/19563/EXP/ES/2016,,23.99,29.99,27.00
2026-08-17,,,,,PL/19562/EXP/ES/2016,,23.99,29.99,
2026-08-17,,,,,PL/19561/EXP/ES/2016,,23.99,29.99,27.00
2026-08-17,,,,,PL/19560/EXP/ES/2016,,23.99,29.00,27.00
2026-08-17,,,,,PL/1956/EXP/ES/2015,,,,
2026-08-17,,,,,PL/19559/EXP/ES/2016,,23.09,26.99,26.99
2026-08-17,,,,,PL/19558/EXP/ES/2016,,23.99,29.99,28.00
2026-08-17,,,,,PL/19557/EXP/ES/2016,,23.99,29.49,28.00
2026-08-17,,,,,PL/19556/EXP/ES/2016,,23.39,27.49,26.79
2026-08-17,,,,,PL/19555/EXP/ES/2016,,24.29,29.19,26.99
2026-08-17,,,,,PL/19554/EXP/ES/2016,,23.99,28.38,27.00
2026-08-17,,,,,PL/19553/EXP/ES/2016,,23.99,28.60,27.00
2026-08-17,,,,,PL/1955/EXP/ES/2015,,24.79,29.99,27.99
2026-08-17,,,,,PL/1954/EXP/ES/2015,,23.99,28.48,27.00
2026-08-17,,,,,PL/19534/EXP/ES/2016,,23.99,28.90,26.99
2026-08-17,,,,,PL/19533/EXP/ES/2016,,22.99,28.99,
2026-08-17,,,,,PL/19532/EXP/ES/2016,,21.99,28.99,26.99
2026-08-17,,,,,PL/19531/EXP/ES/2016,,23.49,28.99,26.99
2026-08-17,,,,,PL/19530/EXP/ES/2016,,23.99,29.99,27.99
2026-08-17,,,,,PL/1953/EXP/ES/2015,,24.49,29.99,27.00
2026-08-17,,,,,PL/19529/EXP/ES/2016,,23.99,28.19,27.24
2026-08-17,,,,,PL/19528/EXP/ES/2016,,23.44,28.49,27.00
2026-08-17,,,,,PL/19525/EXP/ES/2016,,22.55,27.54,27.00
2026-08-17,,,,,PL/19524/EXP/ES/2016,,23.99,29.99,27.00
2026-08-17,,,,,PL/19523/EXP/ES/2016,,23.99,29.09,27.00
2026-08-17,,,,,PL/19522/EXP/ES/2016,,23.79,28.99,27.00
2026-08-17,,,,,PL/19521/EXP/ES/2016,,23.99,28.97,27.00
2026-08-17,,,,,PL/19520/EXP/ES/2016,,24.39,28.59,27.00
2026-08-17,,,,,PL/1952/EXP/ES/2015,,23.99,28.99,
2026-08-17,,,,,PL/19519/EXP/ES/2016,,23.69,28.98,26.99
2026-08-17,,,,,PL/19518/EXP/ES/2016,,23.58,27.99,26.99
2026-08-17,,,,,PL/19517/EXP/ES/2016,,22.93,27.93,26.93
2026-08-17,,,,,PL/19516/EXP/ES/2016,,24.99,29.99,27.00
2026-08-17,,,,,PL/19515/EXP/ES/2016,,23.79,27.75,27.00
2026-08-17,,,,,PL/19514/EXP/ES/2016,,23.99,28.47,
2026-08-17,,,,,PL/19513/EXP/ES/2016,,23.39,27.95,26.99
2026-08-17,,,,,PL/19512/EXP/ES/2016,,23.09,27.39,26.79
2026-08-17,,,,,PL/19511/EXP/ES/2016,,23.95,28.39,27.00
2026-08-17,,,,,PL/19510/EXP/ES/2016,,21.00,25.00,25.39
2026-08-17,,,,,PL/1951/EXP/ES/2015,,23.69,28.99,
2026-08-17,,,,,PL/19509/EXP/ES/2016,,23.53,28.28,26.93
2026-08-17,,,,COMBUSTIBLES PAVILLON S.A. DE C.V.,PL/1950/EXP/ES/2015,Calle Plata No. 1701,23.99,29.49,
2026-08-17,,,,,PL/19492/EXP/ES/2016,,23.99,28.99,26.89
2026-08-17,,,,,PL/19491/EXP/ES/2016,,23.69,28.99,26.99
2026-08-17,,,,,PL/19490/EXP/ES/2016,,23.99,28.29,27.00
2026-08-17,,,,,PL/1949/EXP/ES/2015,,22.66,27.97,
2026-08-17,,,,,PL/19489/EXP/ES/2016,,23.47,27.99,26.99
2026-08-17,,,,,PL/19488/EXP/ES/2016,,23.39,27.95,26.99
2026-08-17,,,,,PL/19487/EXP/ES/2016,,23.20,27.57,
2026-08-17,,,,,PL/19486/EXP/ES/2016,,24.39,27.94,27.00
2026-08-17,,,,,PL/19485/EXP/ES/2016,,23.99,29.99,27.00
2026-08-17,,,,,PL/19484/EXP/ES/2016,,23.99,29.99,27.00
2026-08-17,,,,,PL/19483/EXP/ES/2016,,23.99,29.49,26.99
2026-08-17,,,,,PL/19482/EXP/ES/2016,,22.49,27.49,
2026-08-17,,,,,PL/19481/EXP/ES/2016,,22.39,23.99,24.49
2026-08-17,,,,,PL/1948/EXP/ES/2015,,23.95,28.28,27.00
2026-08-17,,,,COMBUSTIBLES MILLENIUM S.A. DE C.V.,PL/1947/EXP/ES/2015,Avenida Periférico Norte No. 10,23.99,29.49,27.29
2026-08-17,,,,,PL/1946/EXP/ES/2015,,24.79,29.99,27.99
2026-08-17,,,,,PL/19455/EXP/ES/2016,,20.99,26.90,27.00
2026-08-17,,,,,PL/19454/EXP/ES/2016,,23.99,28.89,26.99
2026-08-17,,,,,PL/19453/EXP/ES/2016,,23.99,28.39,27.24
2026-08-17,,,,,PL/19452/EXP/ES/2016,,23.99,27.99,27.00
2026-08-17,,,,,PL/19451/EXP/ES/2016,,23.99,29.69,27.00
2026-08-17,,,,,PL/19450/EXP/ES/2016,,23.99,28.94,26.99
2026-08-17,,,,,PL/1945/EXP/ES/2015,,23.99,29.99,27.29
2026-08-17,,,,,PL/19449/EXP/ES/2016,,23.99,28.94,26.99
2026-08-17,,,,,PL/19448/EXP/ES/2016,,23.99,28.99,26.99
2026-08-17,,,,,PL/19447/EXP/ES/2016,,21.29,24.99,25.39
2026-08-17,,,,,PL/19446/EXP/ES/2016,,23.80,28.90,27.00
2026-08-17,,,,,PL/19445/EXP/ES/2016,,23.98,27.80,27.00
2026-08-17,,,,,PL/19444/EXP/ES/2016,,23.99,28.69,27.00
2026-08-17,,,,RINCON ENERGÉTICO S.A. DE C.V.,PL/1944/EXP/ES/2015,Anillo Periférico No. 714,23.49,28.69,26.99
2026-08-17,,,,,PL/1943/EXP/ES/2015,,23.99,29.88,27.99
2026-08-17,,,,,PL/19424/EXP/ES/2016,,19.25,23.55,25.39
2026-08-17,,,,,PL/19423/EXP/ES/2016,,19.15,23.45,
2026-08-17,,,,,PL/19422/EXP/ES/2016,,19.39,23.69,25.39
2026-08-17,,,,,PL/19421/EXP/ES/2016,,23.97,28.67,27.00
2026-08-17,,,,,PL/19420/EXP/ES/2016,,23.05,28.25,27.00
2026-08-17,,,,,PL/1942/EXP/ES/2015,,24.79,29.99,27.99
2026-08-17,,,,,PL/19419/EXP/ES/2016,,23.99,27.99,
2026-08-17,,,,,PL/19418/EXP/ES/2016,,23.65,27.70,26.99
2026-08-17,,,,,PL/19417/EXP/ES/2016,,23.99,29.50,26.99
2026-08-17,,,,,PL/19416/EXP/ES/2016,,23.99,28.99,27.00
2026-08-17,,,,,PL/19415/EXP/ES/2016,,24.39,27.99,27.00
2026-08-17,,,,,PL/19414/EXP/ES/2016,,23.99,28.99,27.95
2026-08-17,,,,,PL/19413/EXP/ES/2016,,24.00,28.62,26.99
2026-08-17,,,,,PL/19412/EXP/ES/2016,,23.89,26.89,26.80
2026-08-17,,,,,PL/19411/EXP/ES/2016,,23.99,29.99,27.00
2026-08-17,,,,,PL/19410/EXP/ES/2016,,24.39,27.99,27.00
2026-08-17,,,,,PL/1941/EXP/ES/2015,,21.99,,25.19
2026-08-17,,,,,PL/19409/EXP/ES/2016,,23.99,29.50,27.00
2026-08-17,,,,,PL/19408/EXP/ES/2016,,23.95,29.19,26.99
2026-08-17,,,,,PL/19407/EXP/ES/2016,,23.49,28.19,26.69
2026-08-17,,,,,PL/19406/EXP/ES/2016,,23.89,27.99,27.00
2026-08-17,,,,,PL/19405/EXP/ES/2016,,20.99,26.90,
2026-08-17,,,,,PL/1940/EXP/ES/2015,,23.65,28.60,26.99
2026-08-17,,,,,PL/1939/EXP/ES/2015,,24.99,29.99,27.99
2026-08-17,,,,,PL/1938/EXP/ES/2015,,23.99,29.49,27.00
2026-08-17,,,,,PL/19379/EXP/ES/2016,,24.99,29.99,27.00
2026-08-17,,,,,PL/19378/EXP/ES/2016,,24.54,29.59,27.38
2026-08-17,,,,,PL/19377/EXP/ES/2016,,23.99,27.99,27.00
2026-08-17,,,,,PL/1937/EXP/ES/2015,,24.00,29.99,27.30
2026-08-17,,,,,PL/1936/EXP/ES/2015,,23.99,28.69,27.00
2026-08-17,,,,,PL/19356/EXP/ES/2016,,23.99,29.45,27.00
2026-08-17,,,,,PL/19355/EXP/ES/2016,,23.80,28.39,27.00
2026-08-17,,,,,PL/19354/EXP/ES/2016,,21.99,24.99,
2026-08-17,,,,,PL/19353/EXP/ES/2016,,23.76,28.28,26.99
2026-08-17,,,,,PL/19352/EXP/ES/2016,,22.99,27.99,26.99
2026-08-17,,,,,PL/19351/EXP/ES/2016,,23.99,29.29,27.00
2026-08-17,,,,,PL/1935/EXP/ES/2015,,23.99,29.29,27.00
2026-08-17,,,,,PL/1934/EXP/ES/2015,,24.79,29.99,27.99
2026-08-17,,,,,PL/19334/EXP/ES/2016,,23.99,26.69,26.99
2026-08-17,,,,,PL/19333/EXP/ES/2016,,22.99,27.58,26.99
2026-08-17,,,,,PL/19332/EXP/ES/2016,,23.99,29.99,27.00
2026-08-17,,,,,PL/19331/EXP/ES/2016,,23.69,27.49,26.79
2026-08-17,,,,,PL/19330/EXP/ES/2016,,23.39,27.49,26.79
2026-08-17,,,,,PL/1933/EXP/ES/2015,,23.98,29.98,26.98
2026-08-17,,,,,PL/19329/EXP/ES/2016,,23.99,29.34,27.00
2026-08-17,,,,,PL/19328/EXP/ES/2016,,23.49,28.49,
2026-08-17,,,,,PL/19327/EXP/ES/2016,,24.00,,27.00
2026-08-17,,,,,PL/19326/EXP/ES/2016,,23.99,29.49,27.00
2026-08-17,,,,,PL/19325/EXP/ES/2016,,24.49,29.29,26.99
2026-08-17,,,,,PL/19324/EXP/ES/2016,,23.65,28.49,26.99
2026-08-17,,,,,PL/19322/EXP/ES/2016,,23.85,28.00,26.95
2026-08-17,,,,,PL/19321/EXP/ES/2016,,23.69,27.69,27.00
2026-08-17,,,,,PL/19320/EXP/ES/2016,,23.74,27.75,26.95
2026-08-17,,,,,PL/1932/EXP/ES/2015,,24.79,29.99,
2026-08-17,,,,,PL/19314/EXP/ES/2016,,22.55,27.35,27.00
2026-08-17,,,,,PL/19313/EXP/ES/2016,,23.99,29.19,27.00
2026-08-17,,,,,PL/19312/EXP/ES/2016,,23.99,29.99,27.00
2026-08-17,,,,,PL/19311/EXP/ES/2016,,24.00,28.29,27.24
2026-08-17,,,,,PL/19310/EXP/ES/2016,,23.94,28.69,26.99
2026-08-17,,,,,PL/1931/EXP/ES/2015,,23.99,,
2026-08-17,,,,,PL/19309/EXP/ES/2016,,23.79,28.79,27.00
2026-08-17,,,,,PL/19308/EXP/ES/2016,,23.99,28.79,27.24
2026-08-17,,,,,PL/19307/EXP/ES/2016,,23.99,28.59,27.00
2026-08-17,,,,,PL/19306/EXP/ES/2016,,23.92,28.98,27.00
2026-08-17,,,,,PL/19305/EXP/ES/2016,,24.00,29.49,27.24
2026-08-17,,,,,PL/19304/EXP/ES/2016,,22.89,28.99,26.89
2026-08-17,,,,,PL/19303/EXP/ES/2016,,23.73,27.99,27.00
2026-08-17,,,,,PL/19302/EXP/ES/2016,,23.95,29.19,27.00
2026-08-17,,,,,PL/19301/EXP/ES/2016,,23.99,29.80,27.00
2026-08-17,,,,,PL/19300/EXP/ES/2016,,19.98,24.39,26.39
2026-08-17,,,,,PL/1930/EXP/ES/2015,,24.49,28.89,27.96
2026-08-17,,,,,PL/19299/EXP/ES/2016,,23.98,28.69,26.99
2026-08-17,,,,,PL/19298/EXP/ES/2016,,23.89,27.71,27.00
2026-08-17,,,,,PL/19297/EXP/ES/2016,,23.98,28.29,27.00
2026-08-17,,,,,PL/19296/EXP/ES/2016,,23.85,,27.00
2026-08-17,,,,,PL/19295/EXP/ES/2016,,23.99,28.90,27.00
2026-08-17,,,,,PL/19294/EXP/ES/2016,,24.00,28.49,27.00
2026-08-17,,,,COMBUSTIBLES ECCO S.A. DE C.V.,PL/19293/EXP/ES/2016,Adolf B. Horn 5501,23.94,27.79,26.95
2026-08-17,,,,,PL/1929/EXP/ES/2015,,23.99,28.99,27.40
2026-08-17,,,,,PL/1928/EXP/ES/2015,,23.79,27.79,26.99
2026-08-17,,,,,PL/19279/EXP/ES/2016,,23.59,28.69,26.99
2026-08-17,,,,,PL/19278/EXP/ES/2016,,22.89,27.59,26.79
2026-08-17,,,,,PL/19277/EXP/ES/2016,,23.30,28.41,27.00
2026-08-17,,,,,PL/19276/EXP/ES/2016,,23.99,29.99,
2026-08-17,,,,,PL/19275/EXP/ES/2016,,23.59,28.99,26.99
2026-08-17,,,,,PL/19274/EXP/ES/2016,,22.30,28.99,26.99
2026-08-17,,,,,PL/19273/EXP/ES/2016,,23.99,28.69,27.24
2026-08-17,,,,,PL/19272/EXP/ES/2016,,24.00,,28.46
2026-08-17,,,,,PL/19271/EXP/ES/2016,,23.99,29.99,27.00
2026-08-17,,,,,PL/1927/EXP/ES/2015,,23.99,29.29,26.99
2026-08-17,,,,,PL/19269/EXP/ES/2016,,23.99,28.24,27.00
2026-08-17,,,,,PL/19268/EXP/ES/2016,,24.00,28.70,
2026-08-17,,,,,PL/19267/EXP/ES/2016,,24.00,28.80,27.00
2026-08-17,,,,,PL/19266/EXP/ES/2016,,23.99,28.39,27.24
2026-08-17,,,,,PL/19265/EXP/ES/2016,,23.99,28.99,26.89
2026-08-17,,,,,PL/19264/EXP/ES/2016,,23.59,28.70,27.00
2026-08-17,,,,,PL/19263/EXP/ES/2016,,23.85,28.60,27.00
2026-08-17,,,,,PL/19262/EXP/ES/2016,,23.98,28.98,27.00
2026-08-17,,,,,PL/19261/EXP/ES/2016,,23.99,25.99,28.25
2026-08-17,,,,,PL/19260/EXP/ES/2016,,23.99,28.30,27.00
2026-08-17,,,,SERVICIO SANTA ANITA S.A. DE C.V.,PL/1926/EXP/ES/2015,Km 17.5 Carretera Guadalajara - Morelia,23.99,29.79,27.00
2026-08-17,,,,,PL/19259/EXP/ES/2016,,23.39,27.99,26.99
2026-08-17,,,,,PL/19258/EXP/ES/2016,,23.69,28.45,27.00
2026-08-17,,,,,PL/19257/EXP/ES/2016,,23.99,28.80,27.50
2026-08-17,,,,,PL/19256/EXP/ES/2016,,18.99,23.99,25.39
2026-08-17,,,,,PL/19255/EXP/ES/2016,,23.55,27.59,25.99
2026-08-17,,,,,PL/19254/EXP/ES/2016,,23.85,28.10,26.98
2026-08-17,,,,,PL/19253/EXP/ES/2016,,23.85,28.82,27.00
2026-08-17,,,,,PL/19252/EXP/ES/2016,,23.99,29.85,26.99
2026-08-17,,,,,PL/1925/EXP/ES/2015,,23.89,28.19,27.00
2026-08-17,,,,,PL/1924/EXP/ES/2015,,23.99,29.29,26.99
2026-08-17,,,,,PL/19234/EXP/ES/2016,,23.94,28.59,26.99
2026-08-17,,,,,PL/19233/EXP/ES/2016,,23.29,27.99,27.00
2026-08-17,,,,,PL/19232/EXP/ES/2016,,24.00,28.50,27.00
2026-08-17,,,,,PL/19231/EXP/ES/2016,,23.99,28.49,
2026-08-17,,,,,PL/19230/EXP/ES/2016,,23.99,29.99,27.00
2026-08-17,,,,,PL/1923/EXP/ES/2015,,24.49,29.99,27.00
2026-08-17,,,,,PL/19229/EXP/ES/2016,,23.99,29.99,27.00
2026-08-17,,,,,PL/19228/EXP/ES/2016,,23.90,28.08,27.00
2026-08-17,,,,,PL/19225/EXP/ES/2016,,23.99,28.59,27.00
2026-08-17,,,,,PL/19224/EXP/ES/2016,,23.99,27.94,
2026-08-17,,,,,PL/19223/EXP/ES/2016,,23.99,27.99,26.99
2026-08-17,,,,,PL/19222/EXP/ES/2016,,24.00,26.69,26.99
2026-08-17,,,,,PL/19221/EXP/ES/2016,,23.85,28.45,26.99
2026-08-17,,,,SERVICIOS GOMAR S.A. DE C.V.,PL/19220/EXP/ES/2016,Morelos N. 741,22.99,28.39,26.99
2026-08-17,,,,,PL/1922/EXP/ES/2015,,23.99,29.19,
2026-08-17,,,,,PL/19219/EXP/ES/2016,,23.95,27.59,27.00
2026-08-17,,,,,PL/19218/EXP/ES/2016,,23.64,27.34,27.00
2026-08-17,,,,,PL/19217/EXP/ES/2016,,23.43,27.45,25.38
2026-08-17,,,,,PL/19216/EXP/ES/2016,,23.48,,26.77
2026-08-17,,,,,PL/19215/EXP/ES/2016,,23.99,28.19,26.99
2026-08-17,,,,,PL/19214/EXP/ES/2016,,23.99,29.49,26.99
2026-08-17,,,,,PL/19213/EXP/ES/2016,,22.99,27.67,26.79
2026-08-17,,,,,PL/19212/EXP/ES/2016,,23.99,28.40,26.99
2026-08-17,,,,,PL/19211/EXP/ES/2016,,24.00,,28.00
2026-08-17,,,,,PL/19210/EXP/ES/2016,,23.99,28.99,26.99
2026-08-17,,,,,PL/1921/EXP/ES/2015,,23.99,28.91,
2026-08-17,,,,,PL/1920/EXP/ES/2015,,23.58,28.80,26.99
2026-08-17,,,,,PL/19192/EXP/ES/2016,,23.99,28.99,26.99
2026-08-17,,,,,PL/19191/EXP/ES/2016,,23.99,29.49,27.00
2026-08-17,,,,,PL/19190/EXP/ES/2016,,23.89,28.69,
2026-08-17,,,,,PL/1919/EXP/ES/2015,,22.95,28.35,
2026-08-17,,,,,PL/19189/EXP/ES/2016,,24.00,29.69,27.24
2026-08-17,,,,,PL/19188/EXP/ES/2016,,23.99,29.49,27.00
2026-08-17,,,,,PL/19187/EXP/ES/2016,,24.00,29.50,28.30
2026-08-17,,,,,PL/19186/EXP/ES/2016,,23.99,28.99,27.00
2026-08-17,,,,,PL/19185/EXP/ES/2016,,22.39,26.99,26.39
2026-08-17,,,,,PL/19184/EXP/ES/2016,,24.39,27.94,27.00
2026-08-17,,,,,PL/19183/EXP/ES/2016,,23.99,28.49,26.99
2026-08-17,,,,,PL/19182/EXP/ES/2016,,23.94,27.75,26.99
2026-08-17,,,,,PL/19181/EXP/ES/2016,,23.99,29.35,28.50
2026-08-17,,,,,PL/19180/EXP/ES/2016,,24.00,28.49,27.00
2026-08-17,,,,,PL/1918/EXP/ES/2015,,23.99,28.58,27.00
2026-08-17,,,,,PL/19179/EXP/ES/2016,,23.19,27.99,26.99
2026-08-17,,,,,PL/19178/EXP/ES/2016,,23.99,29.34,27.00
2026-08-17,,,,,PL/19177/EXP/ES/2016,,24.49,29.79,27.00
2026-08-17,,,,,PL/19176/EXP/ES/2016,,22.85,28.49,26.99
2026-08-17,,,,,PL/19175/EXP/ES/2016,,23.99,29.99,27.00
2026-08-17,,,,,PL/19174/EXP/ES/2016,,24.99,29.49,26.99
2026-08-17,,,,,PL/1917/EXP/ES/2015,,24.59,29.99,26.99
2026-08-17,,,,,PL/1916/EXP/ES/2015,,,27.49,
2026-08-17,,,,,PL/19150/EXP/ES/2016,,22.99,28.29,
2026-08-17,,,,,PL/1915/EXP/ES/2015,,22.95,28.48,26.98
2026-08-17,,,,,PL/19149/EXP/ES/2016,,24.49,28.99,27.99
2026-08-17,,,,,PL/19148/EXP/ES/2016,,24.99,29.99,27.00
2026-08-17,,,,,PL/19147/EXP/ES/2016,,23.99,29.99,
2026-08-17,,,,,PL/19146/EXP/ES/2016,,24.69,29.99,27.00
2026-08-17,,,,,PL/19145/EXP/ES/2016,,24.00,29.22,27.95
2026-08-17,,,,,PL/19144/EXP/ES/2016,,23.99,27.89,27.00
2026-08-17,,,,,PL/19143/EXP/ES/2016,,24.35,29.30,27.00
2026-08-17,,,,,PL/19142/EXP/ES/2016,,23.99,29.31,
2026-08-17,,,,,PL/19141/EXP/ES/2016,,23.99,29.99,27.00
2026-08-17,,,,,PL/19140/EXP/ES/2016,,23.99,29.99,27.00
2026-08-17,,,,,PL/1914/EXP/ES/2015,,22.99,27.99,27.00
2026-08-17,,,,,PL/19133/EXP/ES/2016,,23.65,27.85,26.95
2026-08-17,,,,,PL/19132/EXP/ES/2016,,24.89,28.58,27.70
2026-08-17,,,,,PL/19131/EXP/ES/2016,,23.90,29.40,27.00
2026-08-17,,,,,PL/19130/EXP/ES/2016,,23.39,28.29,26.99
2026-08-17,,,,,PL/1913/EXP/ES/2015,,,27.99,26.95
2026-08-17,,,,,PL/19129/EXP/ES/2016,,23.09,28.69,27.00
2026-08-17,,,,,PL/19128/EXP/ES/2016,,23.69,27.82,
2026-08-17,,,,,PL/19127/EXP/ES/2016,,23.99,28.99,27.00
2026-08-17,,,,,PL/19126/EXP/ES/2016,,23.99,29.29,26.99
2026-08-17,,,,,PL/19125/EXP/ES/2016,,23.99,28.59,27.00
2026-08-17,,,,,PL/19124/EXP/ES/2016,,23.99,28.99,27.00
2026-08-17,,,,,PL/19123/EXP/ES/2016,,23.98,28.98,
2026-08-17,,,,,PL/19122/EXP/ES/2016,,23.93,29.43,26.99
2026-08-17,,,,,PL/19121/EXP/ES/2016,,24.79,29.29,27.59
2026-08-17,,,,,PL/19120/EXP/ES/2016,,23.99,29.96,
2026-08-17,,,,,PL/1912/EXP/ES/2015,,23.55,27.35,26.99
2026-08-17,,,,,PL/1911/EXP/ES/2015,,23.55,27.99,
2026-08-17,,,,,PL/1910/EXP/ES/2015,,23.99,29.29,27.49
2026-08-17,,,,,PL/1909/EXP/ES/2015,,23.99,29.99,27.00
2026-08-17,,,,,PL/19088/EXP/ES/2016,,22.20,27.39,25.39
2026-08-17,,,,,PL/19084/EXP/ES/2016,,23.99,28.55,
2026-08-17,,,,,PL/19083/EXP/ES/2016,,24.00,28.95,27.00
2026-08-17,,,,,PL/19082/EXP/ES/2016,,23.59,27.99,26.99
2026-08-17,,,,,PL/19081/EXP/ES/2016,,23.94,27.79,27.00
2026-08-17,,,,,PL/19080/EXP/ES/2016,,23.29,27.99,
2026-08-17,,,,,PL/1908/EXP/ES/2015,,23.99,29.39,27.00
2026-08-17,,,,,PL/19079/EXP/ES/2016,,23.45,28.09,27.00
2026-08-17,,,,,PL/19078/EXP/ES/2016,,23.59,27.89,27.00
2026-08-17,,,,,PL/19077/EXP/ES/2016,,23.99,27.39,
2026-08-17,,,,,PL/19076/EXP/ES/2016,,23.99,29.99,27.99
2026-08-17,,,,,PL/19075/EXP/ES/2016,,23.99,28.97,27.00
2026-08-17,,,,,PL/1907/EXP/ES/2015,,23.99,29.39,27.00
2026-08-17,,,,,PL/1906/EXP/ES/2015,,22.98,27.58,26.98
2026-08-17,,,,,PL/19054/EXP/ES/2016,,24.50,30.50,27.00
2026-08-17,,,,,PL/19053/EXP/ES/2016,,23.90,27.99,27.00
2026-08-17,,,,,PL/19052/EXP/ES/2016,,23.84,28.29,27.00
2026-08-17,,,,,PL/19051/EXP/ES/2016,,23.99,28.29,26.99
2026-08-17,,,,,PL/19050/EXP/ES/2016,,23.99,29.99,27.00
2026-08-17,,,,,PL/1905/EXP/ES/2015,,23.99,27.99,26.99
2026-08-17,,,,,PL/1904/EXP/ES/2015,,23.99,27.99,26.99
2026-08-17,,,,,PL/19032/EXP/ES/2016,,23.60,28.40,26.98
2026-08-17,,,,,PL/19031/EXP/ES/2016,,23.99,29.74,27.00
2026-08-17,,,,ECOESTACIÓN DE COMBUSTIBLES S.A. DE C.V.,PL/19030/EXP/ES/2016,Avenida Santa Margarita 3716,23.99,28.99,26.99
2026-08-17,,,,,PL/1903/EXP/ES/2015,,23.78,28.18,
2026-08-17,,,,,PL/19029/EXP/ES/2016,,26.98,28.98,28.98
2026-08-17,,,,,PL/19028/EXP/ES/2016,,23.99,29.49,26.99
2026-08-17,,,,,PL/19027/EXP/ES/2016,,18.65,20.55,19.99
2026-08-17,,,,,PL/19026/EXP/ES/2016,,24.49,29.89,26.99
2026-08-17,,,,,PL/19025/EXP/ES/2016,,23.99,29.24,27.00
2026-08-17,,,,,PL/19024/EXP/ES/2016,,23.70,28.70,26.99
2026-08-17,,,,,PL/19023/EXP/ES/2016,,23.99,29.69,26.99
2026-08-17,,,,,PL/19022/EXP/ES/2016,,24.49,29.99,
2026-08-17,,,,,PL/19021/EXP/ES/2016,,22.95,28.66,
2026-08-17,,,,,PL/19020/EXP/ES/2016,,23.99,28.19,27.00
2026-08-17,,,,,PL/1902/EXP/ES/2015,,23.64,27.88,
2026-08-17,,,,,PL/19019/EXP/ES/2016,,23.37,27.77,26.97
2026-08-17,,,,,PL/19018/EXP/ES/2016,,23.99,29.59,
2026-08-17,,,,,PL/1901/EXP/ES/2015,,23.79,28.59,
2026-08-17,,,,,PL/1900/EXP/ES/2015,,23.99,28.69,26.99
2026-08-17,,,,,PL/1899/EXP/ES/2015,,23.98,28.20,27.00
2026-08-17,,,,,PL/1898/EXP/ES/2015,,25.39,28.98,28.29
2026-08-17,,,,,PL/1897/EXP/ES/2015,,25.39,28.99,28.29
2026-08-17,,,,,PL/18968/EXP/ES/2016,,23.39,27.99,
2026-08-17,,,,,PL/18967/EXP/ES/2016,,23.69,28.45,27.00
2026-08-17,,,,,PL/18966/EXP/ES/2016,,23.99,28.35,
2026-08-17,,,,,PL/18965/EXP/ES/2016,,22.99,26.99,26.99
2026-08-17,,,,,PL/18964/EXP/ES/2016,,23.49,27.99,26.99
2026-08-17,,,,,PL/18963/EXP/ES/2016,,23.99,28.25,27.50
2026-08-17,,,,,PL/18962/EXP/ES/2016,,23.19,27.49,26.95
2026-08-17,,,,,PL/18961/EXP/ES/2016,,,27.95,26.99
2026-08-17,,,,,PL/18960/EXP/ES/2016,,23.99,28.79,27.00
2026-08-17,,,,,PL/1896/EXP/ES/2015,,23.95,27.49,26.97
2026-08-17,,,,,PL/18959/EXP/ES/2016,,23.49,27.99,
2026-08-17,,,,,PL/18958/EXP/ES/2016,,24.99,29.99,27.00
2026-08-17,,,,,PL/18956/EXP/ES/2016,,23.99,27.99,27.00
2026-08-17,,,,,PL/18955/EXP/ES/2016,,23.99,28.49,27.00
2026-08-17,,,,,PL/18954/EXP/ES/2016,,24.50,30.50,27.00
2026-08-17,,,,,PL/18953/EXP/ES/2016,,25.39,28.99,28.29
2026-08-17,,,,,PL/18952/EXP/ES/2016,,23.99,28.13,26.99
2026-08-17,,,,,PL/18951/EXP/ES/2016,,23.67,27.99,26.99
2026-08-17,,,,,PL/18950/EXP/ES/2016,,22.99,28.49,26.99
2026-08-17,,,,,PL/1895/EXP/ES/2015,,25.39,28.99,28.29
2026-08-17,,,,,PL/18949/EXP/ES/2016,,23.99,27.79,26.99
2026-08-17,,,,,PL/18948/EXP/ES/2016,,24.55,29.10,28.00
2026-08-17,,,,,PL/18947/EXP/ES/2016,,23.89,28.19,27.00
2026-08-17,,,,,PL/18945/EXP/ES/2016,,21.29,24.99,26.99
2026-08-17,,,,,PL/18943/EXP/ES/2016,,23.99,27.99,27.00
2026-08-17,,,,,PL/18942/EXP/ES/2016,,23.84,27.99,27.00
2026-08-17,,,,,PL/18940/EXP/ES/2016,,23.99,26.96,
2026-08-17,,,,,PL/1894/EXP/ES/2015,,25.39,28.99,28.29
2026-08-17,,,,,PL/18939/EXP/ES/2016,,23.79,28.80,27.00
2026-08-17,,,,,PL/18938/EXP/ES/2016,,,28.35,27.00
2026-08-17,,,,,PL/18937/EXP/ES/2016,,23.99,29.99,27.00
2026-08-17,,,,,PL/18936/EXP/ES/2016,,23.99,29.79,26.99
2026-08-17,,,,,PL/18935/EXP/ES/2016,,23.99,29.99,
2026-08-17,,,,,PL/18934/EXP/ES/2016,,23.99,29.99,27.00
2026-08-17,,,,,PL/18933/EXP/ES/2016,,23.95,28.17,27.00
2026-08-17,,,,,PL/18932/EXP/ES/2016,,23.89,28.69,26.99
2026-08-17,,,,,PL/18931/EXP/ES/2016,,23.99,29.99,27.00
2026-08-17,,,,,PL/1893/EXP/ES/2015,,24.94,28.99,27.99
2026-08-17,,,,,PL/18921/EXP/ES/2016,,23.99,29.79,27.00
2026-08-17,,,,,PL/18920/EXP/ES/2016,,23.99,29.50,26.99
2026-08-17,,,,,PL/1892/EXP/ES/2015,,23.99,28.49,27.00
2026-08-17,,,,,PL/18919/EXP/ES/2016,,24.49,29.59,27.49
2026-08-17,,,,,PL/18918/EXP/ES/2016,,22.49,27.49,
2026-08-17,,,,,PL/18917/EXP/ES/2016,,23.99,29.69,25.39
2026-08-17,,,,,PL/18916/EXP/ES/2016,,23.71,28.15,26.99
2026-08-17,,,,,PL/18915/EXP/ES/2016,,22.20,27.39,25.39
2026-08-17,,,,,PL/18914/EXP/ES/2016,,22.49,27.19,25.37
2026-08-17,,,,,PL/18913/EXP/ES/2016,,23.99,28.69,27.00
2026-08-17,,,,,PL/18912/EXP/ES/2016,,22.99,27.77,26.99
2026-08-17,,,,,PL/18911/EXP/ES/2016,,23.99,29.99,27.00
2026-08-17,,,,,PL/18910/EXP/ES/2016,,23.10,26.70,26.80
2026-08-17,,,,,PL/1891/EXP/ES/2015,,23.52,28.04,
2026-08-17,,,,,PL/18909/EXP/ES/2016,,23.49,27.99,27.00
2026-08-17,,,,,PL/18908/EXP/ES/2016,,23.99,28.98,27.00
2026-08-17,,,,,PL/18907/EXP/ES/2016,,23.99,29.59,26.99
2026-08-17,,,,,PL/18906/EXP/ES/2016,,22.99,27.99,26.99
2026-08-17,,,,,PL/18905/EXP/ES/2016,,23.49,29.69,26.99
2026-08-17,,,,,PL/18904/EXP/ES/2016,,23.99,29.99,27.00
2026-08-17,,,,,PL/18903/EXP/ES/2016,,24.29,28.09,27.00
2026-08-17,,,,,PL/1890/EXP/ES/2015,,23.99,28.99,26.99
2026-08-17,,,,,PL/1889/EXP/ES/2015,,23.99,28.50,27.00
2026-08-17,,,,,PL/1888/EXP/ES/2015,,23.98,28.45,27.00
2026-08-17,,,,,PL/1887/EXP/ES/2015,,23.99,28.99,26.99
2026-08-17,,,,,PL/1886/EXP/ES/2015,,23.99,28.62,26.99
2026-08-17,,,,,PL/1884/EXP/ES/2015,,23.99,28.99,26.99
2026-08-17,,,,,PL/1883/EXP/ES/2015,,23.99,23.99,27.00
2026-08-17,,,,,PL/18823/EXP/ES/2016,,19.89,23.99,
2026-08-17,,,,,PL/18822/EXP/ES/2016,,22.59,27.99,
2026-08-17,,,,,PL/18821/EXP/ES/2016,,21.29,24.79,
2026-08-17,,,,,PL/18820/EXP/ES/2016,,23.99,27.99,27.00
2026-08-17,,,,GASOLINERA CUDEA S.A. DE C.V.,PL/1882/EXP/ES/2015,Avenida Acueducto No. 3507,24.00,29.00,27.00
2026-08-17,,,,,PL/18819/EXP/ES/2016,,23.69,28.69,26.96
2026-08-17,,,,,PL/1881/EXP/ES/2015,,23.49,27.99,
2026-08-17,,,,,PL/1880/EXP/ES/2015,,23.99,29.09,
2026-08-17,,,,,PL/18797/EXP/ES/2016,,23.79,28.18,27.00
2026-08-17,,,,,PL/18796/EXP/ES/2016,,23.19,28.29,27.00
2026-08-17,,,,,PL/18795/EXP/ES/2016,,22.69,27.99,26.49
2026-08-17,,,,,PL/18793/EXP/ES/2016,,23.29,27.59,26.85
2026-08-17,,,,,PL/18792/EXP/ES/2016,,23.99,28.59,27.00
2026-08-17,,,,,PL/18791/EXP/ES/2016,,23.79,28.57,26.99
2026-08-17,,,,,PL/18790/EXP/ES/2016,,22.99,27.99,26.99
2026-08-17,,,,,PL/1879/EXP/ES/2015,,23.49,27.49,26.99
2026-08-17,,,,,PL/18789/EXP/ES/2016,,23.99,29.49,27.00
2026-08-17,,,,,PL/18788/EXP/ES/2016,,23.99,,27.00
2026-08-17,,,,,PL/18787/EXP/ES/2016,,23.99,29.49,26.99
2026-08-17,,,,,PL/18786/EXP/ES/2016,,23.99,28.99,27.00
2026-08-17,,,,,PL/18785/EXP/ES/2016,,23.99,29.99,
2026-08-17,,,,,PL/18784/EXP/ES/2016,,23.99,,26.99
2026-08-17,,,,,PL/18783/EXP/ES/2016,,22.99,27.99,
2026-08-17,,,,,PL/1878/EXP/ES/2015,,23.59,27.49,
2026-08-17,,,,,PL/1877/EXP/ES/2015,,23.55,27.95,
2026-08-17,,,,,PL/1876/EXP/ES/2015,,22.99,27.99,
2026-08-17,,,,,PL/1875/EXP/ES/2015,,23.99,28.95,
2026-08-17,,,,,PL/1874/EXP/ES/2015,,23.55,27.99,26.99
2026-08-17,,,,,PL/1873/EXP/ES/2015,,23.55,27.99,
2026-08-17,,,,,PL/1872/EXP/ES/2015,,23.99,28.42,26.99
2026-08-17,,,,,PL/1871/EXP/ES/2015,,23.99,28.27,26.99
2026-08-17,,,,,PL/1870/EXP/ES/2015,,23.99,27.99,
2026-08-17,,,,,PL/1869/EXP/ES/2015,,22.89,27.95,
2026-08-17,,,,,PL/1868/EXP/ES/2015,,23.55,27.99,26.99
2026-08-17,,,,,PL/1867/EXP/ES/2015,,23.35,27.99,
2026-08-17,,,,,PL/1866/EXP/ES/2015,,23.98,29.98,26.98
2026-08-17,,,,SERVICIO EXTRARAPIDO S.A. DE C.V.,PL/1865/EXP/ES/2015,Calle Chícharo No. 5454,23.99,28.99,26.99
2026-08-17,,,,,PL/1864/EXP/ES/2015,,22.95,27.49,
2026-08-17,,,,,PL/1863/EXP/ES/2015,,23.49,27.75,26.99
2026-08-17,,,,,PL/1862/EXP/ES/2015,,23.49,27.99,26.99
2026-08-17,,,,,PL/1861/EXP/ES/2015,,23.25,27.99,26.85
2026-08-17,,,,,PL/1860/EXP/ES/2015,,25.38,28.99,28.29
2026-08-17,,,,,PL/1859/EXP/ES/2015,,23.99,27.48,
2026-08-17,,,,,PL/1858/EXP/ES/2015,,25.29,28.94,28.28
2026-08-17,,,,,PL/1857/EXP/ES/2015,,25.29,28.94,28.28
2026-08-17,,,,,PL/1856/EXP/ES/2015,,23.29,27.59,26.95
2026-08-17,,,,,PL/1855/EXP/ES/2015,,25.39,28.99,28.29
2026-08-17,,,,,PL/1854/EXP/ES/2015,,25.39,28.99,28.28
2026-08-17,,,,,PL/1853/EXP/ES/2015,,25.38,28.98,
2026-08-17,,,,,PL/1852/EXP/ES/2015,,25.39,28.98,28.29
2026-08-17,,,,,PL/1851/EXP/ES/2015,,23.49,27.49,26.99
2026-08-17,,,,,PL/1850/EXP/ES/2015,,25.39,28.99,
2026-08-17,,,,,PL/1849/EXP/ES/2015,,25.39,28.99,28.27
2026-08-17,,,,,PL/1848/EXP/ES/2015,,25.39,28.99,
2026-08-17,,,,,PL/1847/EXP/ES/2015,,24.00,29.30,27.00
2026-08-17,,,,,PL/1846/EXP/ES/2015,,23.69,28.79,
2026-08-17,,,,,PL/1845/EXP/ES/2015,,23.99,28.99,27.00
2026-08-17,,,,,PL/1844/EXP/ES/2015,,24.90,29.90,27.00
2026-08-17,,,,,PL/1843/EXP/ES/2015,,24.49,29.39,26.99
2026-08-17,,,,,PL/1842/EXP/ES/2015,,23.98,28.94,26.99
2026-08-17,,,,,PL/1841/EXP/ES/2015,,23.70,27.99,
2026-08-17,,,,,PL/1840/EXP/ES/2015,,23.99,29.99,27.00
2026-08-17,,,,,PL/1839/EXP/ES/2015,,22.99,28.54,
2026-08-17,,,,,PL/1838/EXP/ES/2015,,23.65,27.99,26.99
2026-08-17,,,,,PL/1837/EXP/ES/2015,,23.80,29.99,27.00
2026-08-17,,,,,PL/1836/EXP/ES/2015,,24.61,29.50,28.49
2026-08-17,,,,,PL/1835/EXP/ES/2015,,23.99,28.49,27.00
2026-08-17,,,,,PL/1834/EXP/ES/2015,,23.89,28.19,27.00
2026-08-17,,,,,PL/1833/EXP/ES/2015,,23.49,28.29,27.00
2026-08-17,,,,,PL/1832/EXP/ES/2015,,22.99,27.99,26.49
2026-08-17,,,,,PL/1831/EXP/ES/2015,,23.99,28.99,
2026-08-17,,,,,PL/1830/EXP/ES/2015,,22.99,28.99,
2026-08-17,,,,,PL/1829/EXP/ES/2015,,23.39,27.79,
2026-08-17,,,,,PL/1828/EXP/ES/2015,,23.99,29.59,27.00
2026-08-17,,,,,PL/1827/EXP/ES/2015,,22.97,27.97,25.37
2026-08-17,,,,,PL/1826/EXP/ES/2015,,23.98,29.98,26.98
2026-08-17,,,,,PL/1825/EXP/ES/2015,,23.99,28.99,
2026-08-17,,,,,PL/1824/EXP/ES/2015,,22.95,27.39,
2026-08-17,,,,,PL/1823/EXP/ES/2015,,23.99,28.99,26.99
2026-08-17,,,,,PL/1822/EXP/ES/2015,,23.99,28.99,26.99
2026-08-17,,,,,PL/1821/EXP/ES/2015,,22.89,27.49,
2026-08-17,,,,,PL/1820/EXP/ES/2015,,22.89,27.39,26.95
2026-08-17,,,,,PL/1819/EXP/ES/2015,,23.09,27.39,26.98
2026-08-17,,,,,PL/1818/EXP/ES/2015,,23.89,28.39,27.00
2026-08-17,,,,,PL/1817/EXP/ES/2015,,23.99,27.99,27.00
2026-08-17,,,,,PL/1816/EXP/ES/2015,,22.85,27.49,26.98
2026-08-17,,,,,PL/1815/EXP/ES/2015,,23.99,29.99,
2026-08-17,,,,,PL/1814/EXP/ES/2015,,23.99,29.99,27.00
2026-08-17,,,,,PL/1813/EXP/ES/2015,,23.99,29.99,27.00
2026-08-17,,,,,PL/1812/EXP/ES/2015,,23.99,29.99,27.00
2026-08-17,,,,,PL/1811/EXP/ES/2015,,23.99,29.99,27.00
2026-08-17,,,,,PL/1810/EXP/ES/2015,,23.99,29.99,27.00
2026-08-17,,,,,PL/1809/EXP/ES/2015,,22.95,27.19,
2026-08-17,,,,,PL/1808/EXP/ES/2015,,23.98,28.80,26.99
2026-08-17,,,,GAXCO OBELISCO S.A. DE C.V.,PL/1807/EXP/ES/2015,Avenida Ávila Camacho No. 3250,23.89,27.29,
2026-08-17,,,,,PL/1806/EXP/ES/2015,,23.99,29.64,26.99
2026-08-17,,,,,PL/1805/EXP/ES/2015,,23.99,28.99,26.99
2026-08-17,,,,,PL/1804/EXP/ES/2015,,23.99,27.99,26.99
2026-08-17,,,,,PL/1803/EXP/ES/2015,,23.89,28.59,27.00
2026-08-17,,,,,PL/1802/EXP/ES/2015,,23.99,29.59,
2026-08-17,,,,,PL/1801/EXP/ES/2015,,23.99,29.19,27.00
2026-08-17,,,,,PL/1800/EXP/ES/2015,,23.99,29.09,
2026-08-17,,,,,PL/1799/EXP/ES/2015,,23.99,28.69,27.00
2026-08-17,,,,,PL/1798/EXP/ES/2015,,23.99,28.29,26.99
2026-08-17,,,,,PL/1797/EXP/ES/2015,,23.99,28.59,27.00
2026-08-17,,,,,PL/1796/EXP/ES/2015,,23.99,29.59,
2026-08-17,,,,,PL/1795/EXP/ES/2015,,23.99,29.49,27.00
2026-08-17,,,,,PL/1794/EXP/ES/2015,,23.73,28.52,27.00
2026-08-17,,,,,PL/1793/EXP/ES/2015,,23.99,29.99,27.00
2026-08-17,,,,,PL/1792/EXP/ES/2015,,23.99,29.39,
2026-08-17,,,,,PL/1791/EXP/ES/2015,,23.99,29.49,
2026-08-17,,,,,PL/1790/EXP/ES/2015,,23.59,28.19,26.99
2026-08-17,,,,,PL/1789/EXP/ES/2015,,23.99,29.49,
2026-08-17,,,,,PL/1788/EXP/ES/2015,,24.61,29.51,28.48
2026-08-17,,,,,PL/1787/EXP/ES/2015,,23.99,29.99,27.00
2026-08-17,,,,,PL/1786/EXP/ES/2015,,23.99,29.70,27.00
2026-08-17,,,,,PL/1785/EXP/ES/2015,,23.57,29.30,27.00
2026-08-17,,,,,PL/1784/EXP/ES/2015,,23.99,29.70,27.00
2026-08-17,,,,,PL/1783/EXP/ES/2015,,23.99,27.00,27.00
2026-08-17,,,,,PL/1782/EXP/ES/2015,,23.99,29.70,
2026-08-17,,,,,PL/1781/EXP/ES/2015,,23.99,28.49,27.00
2026-08-17,,,,,PL/1780/EXP/ES/2015,,23.99,29.70,
2026-08-17,,,,,PL/1779/EXP/ES/2015,,23.99,28.79,27.00
2026-08-17,,,,,PL/1778/EXP/ES/2015,,23.99,29.70,27.00
2026-08-17,,,,,PL/1777/EXP/ES/2015,,23.70,,27.00
2026-08-17,,,,,PL/1776/EXP/ES/2015,,23.74,28.99,26.84
2026-08-17,,,,,PL/1775/EXP/ES/2015,,23.99,29.24,27.00
2026-08-17,,,,,PL/1774/EXP/ES/2015,,23.79,27.99,27.00
2026-08-17,,,,,PL/1773/EXP/ES/2015,,23.99,29.20,27.00
2026-08-17,,,,,PL/1772/EXP/ES/2015,,23.99,29.09,27.00
2026-08-17,,,,,PL/1771/EXP/ES/2015,,24.00,29.00,27.00
2026-08-17,,,,,PL/1770/EXP/ES/2015,,23.99,28.99,26.99
2026-08-17,,,,,PL/1769/EXP/ES/2015,,23.99,28.59,27.00
2026-08-17,,,,,PL/1768/EXP/ES/2015,,22.99,27.70,26.99
2026-08-17,,,,,PL/1767/EXP/ES/2015,,23.69,28.39,26.99
2026-08-17,,,,,PL/1766/EXP/ES/2015,,23.99,28.99,27.50
2026-08-17,,,,,PL/1765/EXP/ES/2015,,23.62,27.86,26.97
2026-08-17,,,,,PL/1764/EXP/ES/2015,,23.99,28.99,
2026-08-17,,,,GASOLINERA CASCO HERMANOS S.A. DE C.V.,PL/1763/EXP/ES/2015,Carretera Guadalajara-Colima Km 125+250,23.99,28.99,26.99
2026-08-17,,,,,PL/1762/EXP/ES/2015,,24.69,29.99,26.98
2026-08-17,,,,,PL/1761/EXP/ES/2015,,23.99,28.99,
2026-08-17,,,,GAXCOPETROL DE MÉXICO S.A. DE C.V.,PL/1760/EXP/ES/2015,Avenida Tepeyac No. 5030,23.69,26.99,
2026-08-17,,,,,PL/1759/EXP/ES/2015,,23.99,28.95,27.00
2026-08-17,,,,,PL/1758/EXP/ES/2015,,23.99,28.09,26.99
2026-08-17,,,,,PL/1757/EXP/ES/2015,,23.99,28.99,
2026-08-17,,,,SERVICIO BASE AÉREA S.A. DE C.V.,PL/1756/EXP/ES/2015,Avenida Base Aérea Militar No. 330,23.79,28.79,
2026-08-17,,,,,PL/1755/EXP/ES/2015,,23.99,27.60,27.00
2026-08-17,,,,,PL/1754/EXP/ES/2015,,23.99,29.49,27.00
2026-08-17,,,,,PL/1753/EXP/ES/2015,,23.99,29.69,
2026-08-17,,,,GASOLINERA SAN MIGUEL S.A. DE C.V.,PL/1752/EXP/ES/2015,Carretera Tlajomulco - San Miguel No. 01,23.99,29.89,26.99
2026-08-17,,,,,PL/1751/EXP/ES/2015,,23.26,28.29,26.92
2026-08-17,,,,,PL/1750/EXP/ES/2015,,24.00,29.96,27.00
2026-08-17,,,,,PL/1749/EXP/ES/2015,,23.91,28.62,27.42
2026-08-17,,,,,PL/1748/EXP/ES/2015,,23.99,28.89,26.99
2026-08-17,,,,,PL/1747/EXP/ES/2015,,23.99,29.59,27.00
2026-08-17,,,,,PL/1746/EXP/ES/2015,,23.99,28.99,27.00
2026-08-17,,,,,PL/1745/EXP/ES/2015,,18.99,22.99,25.29
2026-08-17,,,,,PL/1744/EXP/ES/2015,,18.99,,
2026-08-17,,,,,PL/1743/EXP/ES/2015,,18.99,22.99,
2026-08-17,,,,,PL/1742/EXP/ES/2015,,24.19,28.49,
2026-08-17,,,,,PL/1741/EXP/ES/2015,,23.99,27.99,27.00
2026-08-17,,,,,PL/1740/EXP/ES/2015,,23.90,28.90,27.00
2026-08-17,,,,GRUPO G&G DE OCCIDENTE S.A. DE C.V.,PL/1739/EXP/ES/2015,Pedro Parra Centeno No. 71,23.89,29.29,27.29
2026-08-17,,,,,PL/1738/EXP/ES/2015,,24.19,29.39,
2026-08-17,,,,,PL/1737/EXP/ES/2015,,22.95,27.49,26.80
2026-08-17,,,,,PL/1736/EXP/ES/2015,,23.99,29.20,27.00
2026-08-17,,,,,PL/1735/EXP/ES/2015,,23.99,29.59,26.86
2026-08-17,,,,,PL/1734/EXP/ES/2015,,23.99,29.89,26.86
2026-08-17,,,,,PL/1733/EXP/ES/2015,,23.99,28.59,
2026-08-17,,,,,PL/1732/EXP/ES/2015,,23.89,,26.86
2026-08-17,,,,,PL/1731/EXP/ES/2015,,23.99,28.34,26.99
2026-08-17,,,,,PL/1730/EXP/ES/2015,,23.70,,27.00
2026-08-17,,,,,PL/1729/EXP/ES/2015,,23.99,28.42,26.99
2026-08-17,,,,,PL/1728/EXP/ES/2015,,23.19,27.79,
2026-08-17,,,,,PL/1727/EXP/ES/2015,,23.80,27.99,26.99
2026-08-17,,,,SÚPER SERVICIO CIUDAD GRANJA S.A. DE C.V.,PL/1726/EXP/ES/2015,Periférico Poniente Lateral Norte No. 6500,23.98,29.99,26.99
2026-08-17,,,,SERVICIO PATRIA S.A. DE C.V.,PL/1725/EXP/ES/2015,Avenida Américas No. 2147,23.99,28.69,
2026-08-17,,,,,PL/1724/EXP/ES/2015,,23.99,28.89,27.24
2026-08-17,,,,,PL/1723/EXP/ES/2015,,23.99,29.39,27.00
2026-08-17,,,,,PL/1722/EXP/ES/2015,,24.49,29.29,
2026-08-17,,,,,PL/1721/EXP/ES/2015,,23.55,26.68,27.00
2026-08-17,,,,,PL/1720/EXP/ES/2015,,23.99,28.99,
2026-08-17,,,,GASOLINERA LA MORENA S.A. DE C.V.,PL/1719/EXP/ES/2015,Federalismo Norte No. 688,23.99,29.70,
2026-08-17,,,,,PL/1718/EXP/ES/2015,,23.99,28.99,
2026-08-17,,,,,PL/1717/EXP/ES/2015,,23.99,29.79,28.28
2026-08-17,,,,,PL/1716/EXP/ES/2015,,23.99,29.59,
2026-08-17,,,,,PL/1715/EXP/ES/2015,,23.29,27.29,26.89
2026-08-17,,,,,PL/1714/EXP/ES/2015,,23.99,28.49,
2026-08-17,,,,,PL/1713/EXP/ES/2015,,23.99,28.99,26.99
2026-08-17,,,,ORGANIZACIÓN LA LUNA S.A. DE C.V.,PL/1712/EXP/ES/2015,Carretera Guadalajara - Morelia Km 20-1 Poniente Y Oriente,23.99,29.99,27.00
2026-08-17,,,,,PL/1711/EXP/ES/2015,,23.99,28.89,
2026-08-17,,,,,PL/1710/EXP/ES/2015,,23.99,29.49,27.29
2026-08-17,,,,,PL/1709/EXP/ES/2015,,23.59,27.59,
2026-08-17,,,,,PL/1708/EXP/ES/2015,,23.99,29.59,
2026-08-17,,,,,PL/1707/EXP/ES/2015,,23.99,29.59,
2026-08-17,,,,,PL/1706/EXP/ES/2015,,23.99,29.49,27.29
2026-08-17,,,,,PL/1705/EXP/ES/2015,,24.79,29.99,
2026-08-17,,,,,PL/1704/EXP/ES/2015,,24.79,29.99,27.99
2026-08-17,,,,,PL/1703/EXP/ES/2015,,24.79,29.99,27.00
2026-08-17,,,,,PL/1702/EXP/ES/2015,,23.99,28.90,27.00
2026-08-17,,,,,PL/1701/EXP/ES/2015,,23.78,28.89,27.00
2026-08-17,,,,,PL/1700/EXP/ES/2015,,23.99,28.99,27.00
2026-08-17,,,,,PL/1699/EXP/ES/2015,,23.99,28.50,27.00
2026-08-17,,,,,PL/1698/EXP/ES/2015,,24.49,29.99,28.28
2026-08-17,,,,,PL/1697/EXP/ES/2015,,23.99,29.99,27.00
2026-08-17,,,,,PL/1696/EXP/ES/2015,,23.78,27.98,
2026-08-17,,,,,PL/1695/EXP/ES/2015,,24.99,29.99,
2026-08-17,,,,,PL/1694/EXP/ES/2015,,23.99,29.99,27.00
2026-08-17,,,,,PL/1693/EXP/ES/2015,,23.47,28.49,
2026-08-17,,,,,PL/1692/EXP/ES/2015,,23.99,29.10,27.00
2026-08-17,,,,,PL/1691/EXP/ES/2015,,22.67,28.29,
2026-08-17,,,,,PL/1690/EXP/ES/2015,,22.99,28.39,26.99
2026-08-17,,,,,PL/1689/EXP/ES/2015,,23.90,28.29,26.99
2026-08-17,,,,CORPORATIVO VENTA DEL ASTILLERO S.A. DE C.V.,PL/1688/EXP/ES/2015,Carretera México - Nogales Km 696.3,23.97,29.37,26.97
2026-08-17,,,,,PL/1687/EXP/ES/2015,,24.00,28.50,27.40
2026-08-17,,,,,PL/1686/EXP/ES/2015,,23.97,29.25,26.97
2026-08-17,,,,,PL/1685/EXP/ES/2015,,24.94,,27.93
2026-08-17,,,,,PL/1684/EXP/ES/2015,,23.99,27.98,26.98
2026-08-17,,,,,PL/1683/EXP/ES/2015,,25.39,28.99,
2026-08-17,,,,,PL/1682/EXP/ES/2015,,25.38,28.99,
2026-08-17,,,,,PL/1681/EXP/ES/2015,,25.39,28.99,28.29
2026-08-17,,,,,PL/1680/EXP/ES/2015,,25.39,28.99,28.28
2026-08-17,,,,,PL/1679/EXP/ES/2015,,23.99,29.99,27.99
2026-08-17,,,,,PL/1678/EXP/ES/2015,,23.99,29.59,
2026-08-17,,,,,PL/1677/EXP/ES/2015,,23.99,29.59,
2026-08-17,,,,,PL/1676/EXP/ES/2015,,23.99,28.74,27.00
2026-08-17,,,,,PL/1675/EXP/ES/2015,,23.80,27.80,26.99
2026-08-17,,,,,PL/1674/EXP/ES/2015,,23.99,29.04,26.99
2026-08-17,,,,ESTACIÓN DE SERVICIO ROPER S.A. DE C.V.,PL/1673/EXP/ES/2015,Carretera Guadalajara - Chapala Km 14.5 S/N,23.99,29.99,26.99
2026-08-17,,,,,PL/1672/EXP/ES/2015,,24.49,29.29,
2026-08-17,,,,SÚPER SERVICIO LA CONCHA S.A. DE C.V.,PL/1671/EXP/ES/2015,Avenida Concepción No. 6100,23.49,26.70,
2026-08-17,,,,,PL/1670/EXP/ES/2015,,23.99,29.49,
2026-08-17,,,,MULTISERVICIO LA CALMA S.A. DE C.V.,PL/1669/EXP/ES/2015,Avenida La Calma No. 3486,23.49,28.49,
2026-08-17,,,,,PL/1668/EXP/ES/2015,,23.99,26.99,26.09
2026-08-17,,,,,PL/1667/EXP/ES/2015,,23.99,28.99,26.99
2026-08-17,,,,,PL/1666/EXP/ES/2015,,23.99,28.29,27.00
2026-08-17,,,,,PL/1665/EXP/ES/2015,,23.99,28.99,27.00
2026-08-17,,,,,PL/1664/EXP/ES/2015,,23.70,27.80,27.00
2026-08-17,,,,,PL/1663/EXP/ES/2015,,23.99,29.29,
2026-08-17,,,,,PL/1662/EXP/ES/2015,,23.99,29.29,
2026-08-17,,,,,PL/1661/EXP/ES/2015,,24.49,29.29,26.99
2026-08-17,,,,,PL/1660/EXP/ES/2015,,23.99,29.49,
2026-08-17,,,,,PL/1659/EXP/ES/2015,,23.99,28.59,27.00
2026-08-17,,,,,PL/1658/EXP/ES/2015,,23.99,28.99,27.00
2026-08-17,,,,,PL/1657/EXP/ES/2015,,23.99,29.59,27.00
2026-08-17,,,,,PL/1656/EXP/ES/2015,,23.99,28.99,27.00
2026-08-17,,,,,PL/1655/EXP/ES/2015,,23.99,29.39,27.00
2026-08-17,,,,,PL/1654/EXP/ES/2015,,23.98,28.52,
2026-08-17,,,,,PL/1653/EXP/ES/2015,,23.99,29.59,27.00
2026-08-17,,,,,PL/1652/EXP/ES/2015,,23.85,28.19,26.99
2026-08-17,,,,,PL/1651/EXP/ES/2015,,23.99,28.49,26.98
2026-08-17,,,,,PL/1650/EXP/ES/2015,,23.99,28.49,26.98
2026-08-17,,,,,PL/1649/EXP/ES/2015,,23.55,28.68,27.50
2026-08-17,,,,,PL/1648/EXP/ES/2015,,23.99,28.60,27.00
2026-08-17,,,,,PL/1647/EXP/ES/2015,,23.55,,27.00
2026-08-17,,,,GASOLINERA CUDEA S.A. DE C.V.,PL/1646/EXP/ES/2015,Carretera Guadalajara-Tepic No. 4444,23.99,28.99,26.99
2026-08-17,,,,,PL/1645/EXP/ES/2015,,24.00,29.59,
2026-08-17,,,,ANDUL OIL S.A. DE C.V.,PL/1644/EXP/ES/2015,Avenida Prolongación Guadalupe No. 1701,23.99,28.99,
2026-08-17,,,,,PL/1643/EXP/ES/2015,,23.49,28.79,
2026-08-17,,,,,PL/1642/EXP/ES/2015,,23.99,28.74,27.00
2026-08-17,,,,,PL/1641/EXP/ES/2015,,23.61,28.41,27.00
2026-08-17,,,,,PL/1640/EXP/ES/2015,,24.25,29.90,27.30
2026-08-17,,,,,PL/1639/EXP/ES/2015,,23.99,29.99,27.99
2026-08-17,,,,,PL/1638/EXP/ES/2015,,23.99,28.50,
2026-08-17,,,,,PL/1637/EXP/ES/2015,,23.99,,27.00
2026-08-17,,,,,PL/1636/EXP/ES/2015,,23.79,29.39,
2026-08-17,,,,,PL/1635/EXP/ES/2015,,23.79,29.39,
2026-08-17,,,,,PL/1634/EXP/ES/2015,,25.36,28.98,
2026-08-17,,,,,PL/1633/EXP/ES/2015,,23.99,28.65,27.00
2026-08-17,,,,,PL/1632/EXP/ES/2015,,23.99,28.74,27.00
2026-08-17,,,,,PL/1631/EXP/ES/2015,,23.89,29.29,26.99
2026-08-17,,,,,PL/1630/EXP/ES/2015,,25.39,28.99,28.29
2026-08-17,,,,,PL/1629/EXP/ES/2015,,23.99,28.99,26.99
2026-08-17,,,,,PL/1628/EXP/ES/2015,,23.77,28.88,26.88
2026-08-17,,,,,PL/1627/EXP/ES/2015,,23.99,28.99,27.00
2026-08-17,,,,,PL/1626/EXP/ES/2015,,25.39,28.99,
2026-08-17,,,,,PL/1625/EXP/ES/2015,,25.39,28.98,
2026-08-17,,,,,PL/1624/EXP/ES/2015,,22.97,27.79,26.99
2026-08-17,,,,,PL/1623/EXP/ES/2015,,23.95,28.95,
2026-08-17,,,,,PL/1622/EXP/ES/2015,,23.99,28.49,27.00
2026-08-17,,,,,PL/1621/EXP/ES/2015,,22.77,27.67,26.87
2026-08-17,,,,,PL/1620/EXP/ES/2015,,23.99,27.99,26.99
2026-08-17,,,,,PL/1619/EXP/ES/2015,,22.77,27.97,26.97
2026-08-17,,,,,PL/1618/EXP/ES/2015,,23.99,28.79,
2026-08-17,,,,,PL/1617/EXP/ES/2015,,23.99,29.09,27.00
2026-08-17,,,,,PL/1616/EXP/ES/2015,,23.99,,
2026-08-17,,,,,PL/1615/EXP/ES/2015,,23.99,28.69,27.00
2026-08-17,,,,,PL/1614/EXP/ES/2015,,25.39,28.98,28.29
2026-08-17,,,,,PL/1613/EXP/ES/2015,,23.99,28.99,
2026-08-17,,,,,PL/1612/EXP/ES/2015,,23.99,29.99,27.00
2026-08-17,,,,,PL/1611/EXP/ES/2015,,25.39,28.98,28.29
2026-08-17,,,,,PL/1610/EXP/ES/2015,,23.99,28.79,26.99
2026-08-17,,,,,PL/1609/EXP/ES/2015,,23.90,27.60,26.99
2026-08-17,,,,,PL/1608/EXP/ES/2015,,23.99,28.74,27.00
2026-08-17,,,,,PL/1607/EXP/ES/2015,,24.49,28.59,26.99
2026-08-17,,,,,PL/1606/EXP/ES/2015,,23.99,28.90,27.00
2026-08-17,,,,,PL/1605/EXP/ES/2015,,23.99,29.49,27.00
2026-08-17,,,,,PL/1604/EXP/ES/2015,,23.99,28.99,
2026-08-17,,,,,PL/1603/EXP/ES/2015,,23.99,28.29,27.00
2026-08-17,,,,,PL/1602/EXP/ES/2015,,23.99,28.19,
2026-08-17,,,,,PL/1601/EXP/ES/2015,,23.99,28.39,26.99
2026-08-17,,,,,PL/1600/EXP/ES/2015,,23.70,29.11,26.99
2026-08-17,,,,,PL/1599/EXP/ES/2015,,23.98,28.98,27.00
2026-08-17,,,,,PL/1598/EXP/ES/2015,,23.99,29.99,27.00
2026-08-17,,,,,PL/1597/EXP/ES/2015,,25.38,28.99,
2026-08-17,,,,,PL/1596/EXP/ES/2015,,23.99,28.74,27.00
2026-08-17,,,,,PL/1595/EXP/ES/2015,,23.99,29.99,27.00
2026-08-17,,,,,PL/1594/EXP/ES/2015,,24.61,29.51,28.48
2026-08-17,,,,,PL/1593/EXP/ES/2015,,25.39,28.99,28.29
2026-08-17,,,,,PL/1592/EXP/ES/2015,,25.38,28.98,
2026-08-17,,,,,PL/1591/EXP/ES/2015,,25.38,28.98,28.28
2026-08-17,,,,,PL/1590/EXP/ES/2015,,23.79,28.29,26.99
2026-08-17,,,,,PL/1589/EXP/ES/2015,,25.39,28.98,28.28
2026-08-17,,,,,PL/1588/EXP/ES/2015,,25.39,28.98,
2026-08-17,,,,,PL/1587/EXP/ES/2015,,23.99,28.99,27.00
2026-08-17,,,,,PL/1586/EXP/ES/2015,,23.99,29.99,
2026-08-17,,,,,PL/1585/EXP/ES/2015,,23.99,28.99,27.00
2026-08-17,,,,SERVICIO SAN JOSÉ DEL VALLE DOS S.A. DE C.V.,PL/1584/EXP/ES/2015,Avenida Adolph B. Horn Jr. No. 1801,23.99,29.19,
2026-08-17,,,,SERVICIOS SAN JOSÉ DEL VALLE S.A. DE C.V.,PL/1583/EXP/ES/2015,Avenida Adolph B. Horn Jr. No. 1800,24.09,29.98,
2026-08-17,,,,,PL/1582/EXP/ES/2015,,23.79,28.93,26.99
2026-08-17,,,,,PL/1581/EXP/ES/2015,,26.99,28.97,28.99
2026-08-17,,,,,PL/1580/EXP/ES/2015,,23.99,28.49,
2026-08-17,,,,,PL/1579/EXP/ES/2015,,23.99,29.39,26.99
2026-08-17,,,,,PL/1578/EXP/ES/2015,,24.39,29.39,
2026-08-17,,,,,PL/1577/EXP/ES/2015,,23.99,29.69,
2026-08-17,,,,,PL/1576/EXP/ES/2015,,23.99,29.59,26.99
2026-08-17,,,,,PL/1575/EXP/ES/2015,,23.99,29.19,
2026-08-17,,,,ESTACIÓN DE SERVICIO NACIONES UNIDAS S.A. DE C.V.,PL/1574/EXP/ES/2015,Anillo Periférico No. 4435,23.99,29.99,27.00
2026-08-17,,,,,PL/1573/EXP/ES/2015,,24.00,28.39,27.00
2026-08-17,,,,,PL/1572/EXP/ES/2015,,23.99,29.39,
2026-08-17,,,,,PL/1571/EXP/ES/2015,,23.99,28.39,27.00
2026-08-17,,,,,PL/1570/EXP/ES/2015,,23.99,28.69,
2026-08-17,,,,,PL/1569/EXP/ES/2015,,23.99,28.39,27.00
2026-08-17,,,,,PL/1568/EXP/ES/2015,,23.49,28.75,
2026-08-17,,,,,PL/1567/EXP/ES/2015,,23.99,28.16,
2026-08-17,,,,,PL/1566/EXP/ES/2015,,23.99,29.99,
2026-08-17,,,,,PL/1565/EXP/ES/2015,,24.50,30.50,27.00
2026-08-17,,,,,PL/1564/EXP/ES/2015,,24.50,30.50,27.00
2026-08-17,,,,,PL/1563/EXP/ES/2015,,24.50,30.50,27.00
2026-08-17,,,,,PL/1562/EXP/ES/2015,,24.50,30.50,27.00
2026-08-17,,,,,PL/1561/EXP/ES/2015,,24.50,30.50,27.00
2026-08-17,,,,,PL/1560/EXP/ES/2015,,24.50,30.50,
2026-08-17,,,,,PL/1559/EXP/ES/2015,,24.50,30.50,27.00
2026-08-17,,,,,PL/1558/EXP/ES/2015,,21.99,28.99,
2026-08-17,,,,,PL/1557/EXP/ES/2015,,23.99,29.96,
2026-08-17,,,,,PL/1556/EXP/ES/2015,,23.99,29.45,27.48
2026-08-17,,,,,PL/1555/EXP/ES/2015,,23.99,29.09,27.00
2026-08-17,,,,,PL/1554/EXP/ES/2015,,23.99,29.09,27.00
2026-08-17,,,,,PL/1553/EXP/ES/2015,,22.59,24.99,
2026-08-17,,,,,PL/1552/EXP/ES/2015,,,29.00,27.00
2026-08-17,,,,,PL/1551/EXP/ES/2015,,23.99,28.49,27.00
2026-08-17,,,,,PL/1550/EXP/ES/2015,,23.25,27.79,
2026-08-17,,,,,PL/1549/EXP/ES/2015,,23.99,29.99,27.00
2026-08-17,,,,,PL/1548/EXP/ES/2015,,23.99,28.98,
2026-08-17,,,,,PL/1547/EXP/ES/2015,,22.29,28.99,
2026-08-17,,,,,PL/1546/EXP/ES/2015,,22.97,28.19,26.99
2026-08-17,,,,,PL/1545/EXP/ES/2015,,23.90,27.60,26.99
2026-08-17,,,,,PL/1544/EXP/ES/2015,,23.99,28.29,26.99
2026-08-17,,,,,PL/1543/EXP/ES/2015,,22.99,27.55,
2026-08-17,,,,,PL/1542/EXP/ES/2015,,23.65,28.74,26.99
2026-08-17,,,,,PL/1541/EXP/ES/2015,,23.99,28.50,27.00
2026-08-17,,,,,PL/1540/EXP/ES/2015,,23.39,27.99,27.00
2026-08-17,,,,,PL/1539/EXP/ES/2015,,23.99,29.00,27.00
2026-08-17,,,,"SERVICIOS GASOLINEROS DE MEXICO, S.A. DE C.V.",PL/1538/EXP/ES/2015,Avenida Lázaro Cárdenas No. 3810,23.99,29.99,
2026-08-17,,,,,PL/1537/EXP/ES/2015,,23.39,27.89,26.99
2026-08-17,,,,,PL/1536/EXP/ES/2015,,23.99,29.25,27.00
2026-08-17,,,,,PL/1535/EXP/ES/2015,,23.93,29.19,27.00
2026-08-17,,,,,PL/1534/EXP/ES/2015,,23.99,28.99,
2026-08-17,,,,,PL/1533/EXP/ES/2015,,23.99,28.95,26.99
2026-08-17,,,,,PL/1532/EXP/ES/2015,,23.99,28.59,26.99
2026-08-17,,,,,PL/1531/EXP/ES/2015,,22.99,28.90,25.39
2026-08-17,,,,,PL/1530/EXP/ES/2015,,23.30,28.90,
2026-08-17,,,,,PL/1529/EXP/ES/2015,,23.99,29.17,27.00
2026-08-17,,,,,PL/1528/EXP/ES/2015,,23.90,28.90,27.00
2026-08-17,,,,,PL/1527/EXP/ES/2015,,23.49,28.40,26.99
2026-08-17,,,,,PL/1526/EXP/ES/2015,,23.99,29.09,27.00
2026-08-17,,,,,PL/1525/EXP/ES/2015,,24.00,28.79,
2026-08-17,,,,,PL/1524/EXP/ES/2015,,22.89,28.39,26.99
2026-08-17,,,,,PL/1523/EXP/ES/2015,,23.99,29.99,
2026-08-17,,,,,PL/1522/EXP/ES/2015,,23.99,29.19,27.00
2026-08-17,,,,,PL/1521/EXP/ES/2015,,23.55,27.80,26.85
2026-08-17,,,,,PL/1520/EXP/ES/2015,,23.99,29.99,
2026-08-17,,,,,PL/1519/EXP/ES/2015,,23.99,29.10,27.00
2026-08-17,,,,,PL/1518/EXP/ES/2015,,23.89,28.18,27.00
2026-08-17,,,,,PL/1517/EXP/ES/2015,,23.79,27.99,27.00
2026-08-17,,,,,PL/1516/EXP/ES/2015,,23.69,27.99,27.00
2026-08-17,,,,,PL/1515/EXP/ES/2015,,23.79,28.18,27.00
2026-08-17,,,,,PL/1514/EXP/ES/2015,,23.99,29.19,27.00
2026-08-17,,,,,PL/1513/EXP/ES/2015,,22.56,27.15,
2026-08-17,,,,,PL/1512/EXP/ES/2015,,23.99,28.99,26.99
2026-08-17,,,,,PL/1511/EXP/ES/2015,,22.99,28.39,
2026-08-17,,,,,PL/1510/EXP/ES/2015,,22.89,28.39,
2026-08-17,,,,,PL/1509/EXP/ES/2015,,23.89,28.09,26.99
2026-08-17,,,,,PL/1508/EXP/ES/2015,,22.39,28.99,26.99
2026-08-17,,,,,PL/1507/EXP/ES/2015,,23.99,27.99,25.39
2026-08-17,,,,,PL/1506/EXP/ES/2015,,23.99,28.84,
2026-08-17,,,,,PL/1505/EXP/ES/2015,,24.19,29.49,27.00
2026-08-17,,,,,PL/1504/EXP/ES/2015,,22.99,27.99,
2026-08-17,,,,,PL/1503/EXP/ES/2015,,23.95,28.85,27.00
2026-08-17,,,,,PL/1502/EXP/ES/2015,,24.49,29.99,26.99
2026-08-17,,,,,PL/1501/EXP/ES/2015,,23.89,28.41,
2026-08-17,,,,,PL/1500/EXP/ES/2015,,23.99,27.99,27.00
2026-08-17,,,,,PL/1499/EXP/ES/2015,,23.99,28.49,27.00
2026-08-17,,,,,PL/1498/EXP/ES/2015,,,29.39,27.00
2026-08-17,,,,,PL/1497/EXP/ES/2015,,23.99,29.99,
2026-08-17,,,,,PL/1496/EXP/ES/2015,,23.99,29.99,
2026-08-17,,,,,PL/1495/EXP/ES/2015,,22.77,27.89,26.99
2026-08-17,,,,,PL/1494/EXP/ES/2015,,23.99,28.49,26.99
2026-08-17,,,,,PL/1493/EXP/ES/2015,,23.79,28.29,26.99
2026-08-17,,,,,PL/1492/EXP/ES/2015,,23.99,28.29,26.99
2026-08-17,,,,,PL/1491/EXP/ES/2015,,23.77,28.88,26.88
2026-08-17,,,,,PL/1490/EXP/ES/2015,,23.98,29.98,27.45
2026-08-17,,,,,PL/1489/EXP/ES/2015,,22.99,28.19,
2026-08-17,,,,,PL/1488/EXP/ES/2015,,23.99,29.49,
2026-08-17,,,,,PL/1487/EXP/ES/2015,,22.99,27.89,26.99
2026-08-17,,,,,PL/1486/EXP/ES/2015,,23.95,28.47,26.99
2026-08-17,,,,,PL/1485/EXP/ES/2015,,23.68,28.74,27.00
2026-08-17,,,,,PL/1484/EXP/ES/2015,,23.59,28.29,
2026-08-17,,,,,PL/1483/EXP/ES/2015,,25.39,28.98,
2026-08-17,,,,,PL/1482/EXP/ES/2015,,25.39,28.98,
2026-08-17,,,,,PL/1481/EXP/ES/2015,,25.39,28.98,
2026-08-17,,,,,PL/1480/EXP/ES/2015,,23.99,28.28,26.98
2026-08-17,,,,,PL/1479/EXP/ES/2015,,25.39,28.98,28.27
2026-08-17,,,,,PL/1478/EXP/ES/2015,,23.79,28.29,26.99
2026-08-17,,,,,PL/1477/EXP/ES/2015,,23.99,28.69,
2026-08-17,,,,,PL/1476/EXP/ES/2015,,23.99,29.09,27.00
2026-08-17,,,,,PL/1475/EXP/ES/2015,,23.99,29.09,27.00
2026-08-17,,,,IVAN GARCIA ARCE,PL/1474/EXP/ES/2015,Avenida José María Pino Suarez No. 1000,23.99,29.35,27.00
2026-08-17,,,,,PL/1473/EXP/ES/2015,,24.00,,27.00
2026-08-17,,,,,PL/1472/EXP/ES/2015,,23.89,28.09,26.99
2026-08-17,,,,,PL/1471/EXP/ES/2015,,24.00,29.20,27.00
2026-08-17,,,,,PL/1470/EXP/ES/2015,,23.99,28.42,26.99
2026-08-17,,,,,PL/1469/EXP/ES/2015,,23.69,29.19,27.00
2026-08-17,,,,,PL/1468/EXP/ES/2015,,24.00,28.00,27.02
2026-08-17,,,,,PL/1467/EXP/ES/2015,,23.99,28.49,
2026-08-17,,,,,PL/1466/EXP/ES/2015,,24.29,29.29,
2026-08-17,,,,,PL/1465/EXP/ES/2015,,23.79,28.49,26.99
2026-08-17,,,,,PL/1464/EXP/ES/2015,,24.49,29.29,26.99
2026-08-17,,,,,PL/1463/EXP/ES/2015,,23.99,29.49,
2026-08-17,,,,COMBUSTIBLES PALMA REAL S.A. DE C.V.,PL/1462/EXP/ES/2015,Avenida Santa Margarita No. 3740,23.99,29.39,27.00
2026-08-17,,,,,PL/1461/EXP/ES/2015,,23.99,28.49,26.98
2026-08-17,,,,,PL/1460/EXP/ES/2015,,23.99,28.49,
2026-08-17,,,,,PL/1459/EXP/ES/2015,,22.99,27.99,
2026-08-17,,,,,PL/1458/EXP/ES/2015,,23.68,28.74,27.00
2026-08-17,,,,,PL/1457/EXP/ES/2015,,24.99,29.69,26.99
2026-08-17,,,,,PL/1456/EXP/ES/2015,,23.99,29.63,27.00
2026-08-17,,,,,PL/1455/EXP/ES/2015,,23.99,29.58,27.00
2026-08-17,,,,,PL/1453/EXP/ES/2015,,23.99,28.99,
2026-08-17,,,,,PL/1452/EXP/ES/2015,,23.99,27.79,
2026-08-17,,,,,PL/1451/EXP/ES/2015,,23.99,,27.00
2026-08-17,,,,,PL/1450/EXP/ES/2015,,23.39,28.09,
2026-08-17,,,,,PL/1449/EXP/ES/2015,,23.99,29.49,
2026-08-17,,,,,PL/1448/EXP/ES/2015,,22.79,27.89,27.00
2026-08-17,,,,,PL/1447/EXP/ES/2015,,23.99,28.49,26.99
2026-08-17,,,,,PL/1446/EXP/ES/2015,,23.89,28.69,27.00
2026-08-17,,,,,PL/1445/EXP/ES/2015,,23.79,28.49,26.99
2026-08-17,,,,,PL/1444/EXP/ES/2015,,23.99,28.59,
2026-08-17,,,,,PL/1443/EXP/ES/2015,,24.00,28.99,27.00
2026-08-17,,,,,PL/1442/EXP/ES/2015,,23.64,28.19,27.00
2026-08-17,,,,,PL/1441/EXP/ES/2015,,22.94,28.69,26.99
2026-08-17,,,,,PL/1440/EXP/ES/2015,,24.00,28.29,27.19
2026-08-17,,,,,PL/1439/EXP/ES/2015,,24.00,28.09,27.00
2026-08-17,,,,,PL/1438/EXP/ES/2015,,24.00,28.29,27.00
2026-08-17,,,,,PL/1437/EXP/ES/2015,,24.00,28.29,27.00
2026-08-17,,,,,PL/1436/EXP/ES/2015,,22.94,28.69,26.99
2026-08-17,,,,,PL/1435/EXP/ES/2015,,23.79,28.29,27.09
2026-08-17,,,,,PL/1434/EXP/ES/2015,,22.99,27.99,26.99
2026-08-17,,,,,PL/1433/EXP/ES/2015,,23.99,28.69,27.00
2026-08-17,,,,,PL/1432/EXP/ES/2015,,22.99,27.99,26.99
2026-08-17,,,,,PL/1431/EXP/ES/2015,,23.99,28.69,27.00
2026-08-17,,,,,PL/1430/EXP/ES/2015,,22.99,27.89,26.79
2026-08-17,,,,,PL/1429/EXP/ES/2015,,24.49,29.79,27.00
2026-08-17,,,,,PL/1428/EXP/ES/2015,,24.49,29.99,27.00
2026-08-17,,,,,PL/1427/EXP/ES/2015,,23.59,28.99,25.38
2026-08-17,,,,,PL/1426/EXP/ES/2015,,23.39,28.99,25.38
2026-08-17,,,,,PL/1425/EXP/ES/2015,,23.98,28.95,26.99
2026-08-17,,,,,PL/1424/EXP/ES/2015,,24.49,29.79,
2026-08-17,,,,,PL/1423/EXP/ES/2015,,24.49,29.79,27.00
2026-08-17,,,,,PL/1422/EXP/ES/2015,,24.49,29.79,27.00
2026-08-17,,,,GASOLINERA CONSTITUCIÓN S.A. DE C.V.,PL/1421/EXP/ES/2015,Paulino Navarro No. 748,23.79,28.89,
2026-08-17,,,,,PL/1420/EXP/ES/2015,,23.99,28.95,26.99
2026-08-17,,,,,PL/1419/EXP/ES/2015,,23.99,29.19,27.00
2026-08-17,,,,,PL/1418/EXP/ES/2015,,24.49,29.79,27.00
2026-08-17,,,,,PL/1417/EXP/ES/2015,,23.99,28.19,27.00
2026-08-17,,,,,PL/1416/EXP/ES/2015,,23.99,28.69,27.00
2026-08-17,,,,,PL/1415/EXP/ES/2015,,23.99,28.98,
2026-08-17,,,,,PL/1414/EXP/ES/2015,,23.60,28.39,27.19
2026-08-17,,,,,PL/1413/EXP/ES/2015,,23.99,28.69,27.00
2026-08-17,,,,,PL/1412/EXP/ES/2015,,23.97,28.85,27.00
2026-08-17,,,,,PL/1411/EXP/ES/2015,,23.99,28.70,27.00
2026-08-17,,,,,PL/1410/EXP/ES/2015,,23.99,28.69,27.00
2026-08-17,,,,,PL/1409/EXP/ES/2015,,23.99,28.69,27.00
2026-08-17,,,,,PL/1408/EXP/ES/2015,,22.99,28.99,
2026-08-17,,,,,PL/1407/EXP/ES/2015,,23.99,28.69,27.00
2026-08-17,,,,IVAN GARCIA ARCE,PL/1406/EXP/ES/2015,Avenida Tesistan No. 511 Y 519,23.99,29.35,
2026-08-17,,,,,PL/1405/EXP/ES/2015,,23.69,28.75,
2026-08-17,,,,,PL/1404/EXP/ES/2015,,23.99,29.89,27.00
2026-08-17,,,,,PL/1403/EXP/ES/2015,,23.99,28.69,27.00
2026-08-17,,,,,PL/1402/EXP/ES/2015,,23.99,28.85,27.00
2026-08-17,,,,,PL/1401/EXP/ES/2015,,23.99,29.19,
2026-08-17,,,,,PL/1400/EXP/ES/2015,,24.00,,27.00
2026-08-17,,,,,PL/1399/EXP/ES/2015,,24.19,28.79,27.19
2026-08-17,,,,,PL/1398/EXP/ES/2015,,23.39,28.29,26.99
2026-08-17,,,,,PL/1397/EXP/ES/2015,,23.99,,27.39
2026-08-17,,,,,PL/1396/EXP/ES/2015,,24.00,28.79,27.19
2026-08-17,,,,,PL/1395/EXP/ES/2015,,23.60,28.13,26.98
2026-08-17,,,,,PL/1394/EXP/ES/2015,,23.99,,27.05
2026-08-17,,,,,PL/1393/EXP/ES/2015,,23.99,28.85,27.00
2026-08-17,,,,,PL/1392/EXP/ES/2015,,25.65,29.80,29.50
2026-08-17,,,,,PL/1391/EXP/ES/2015,,23.99,29.39,26.99
2026-08-17,,,,,PL/1390/EXP/ES/2015,,23.99,29.79,25.39
2026-08-17,,,,,PL/1389/EXP/ES/2015,,26.99,28.97,
2026-08-17,,,,,PL/1388/EXP/ES/2015,,23.99,26.96,27.00
2026-08-17,,,,,PL/1387/EXP/ES/2015,,26.98,,
2026-08-17,,,,,PL/1386/EXP/ES/2015,,23.99,29.69,25.39
2026-08-17,,,,,PL/1385/EXP/ES/2015,,23.39,27.69,26.99
2026-08-17,,,,,PL/1384/EXP/ES/2015,,21.39,24.10,
2026-08-17,,,,,PL/1383/EXP/ES/2015,,23.99,28.16,
2026-08-17,,,,,PL/1382/EXP/ES/2015,,23.99,28.16,
2026-08-17,,,,,PL/1381/EXP/ES/2015,,23.85,29.30,27.00
2026-08-17,,,,,PL/1380/EXP/ES/2015,,19.98,24.50,26.99
2026-08-17,,,,,PL/1379/EXP/ES/2015,,22.99,28.15,26.99
2026-08-17,,,,,PL/1378/EXP/ES/2015,,22.97,27.59,25.39
2026-08-17,,,,,PL/1377/EXP/ES/2015,,23.99,29.40,26.99
2026-08-17,,,,,PL/1376/EXP/ES/2015,,23.27,,25.39
2026-08-17,,,,,PL/1375/EXP/ES/2015,,23.20,27.99,
2026-08-17,,,,,PL/1374/EXP/ES/2015,,23.89,28.25,26.99
2026-08-17,,,,,PL/1373/EXP/ES/2015,,23.29,27.99,25.39
2026-08-17,,,,,PL/13725/EXP/ES/2016,,22.99,27.99,26.99
2026-08-17,,,,JORIMAR GASOLINEROS S.A. DE C.V.,PL/13724/EXP/ES/2016,Carretera Cajititlán-Cuexcomatitlán Km 1.0 N. 2,22.99,28.39,26.99
2026-08-17,,,,,PL/13723/EXP/ES/2016,,24.39,27.99,27.00
2026-08-17,,,,,PL/13722/EXP/ES/2016,,23.99,29.79,26.99
2026-08-17,,,,,PL/13721/EXP/ES/2016,,23.79,27.79,
2026-08-17,,,,,PL/13720/EXP/ES/2016,,23.99,28.99,
2026-08-17,,,,,PL/1372/EXP/ES/2015,,23.99,29.09,
2026-08-17,,,,,PL/13719/EXP/ES/2016,,21.55,27.15,25.37
2026-08-17,,,,,PL/13718/EXP/ES/2016,,24.00,,27.00
2026-08-17,,,,,PL/13717/EXP/ES/2016,,24.39,27.99,27.00
2026-08-17,,,,,PL/13716/EXP/ES/2016,,24.49,29.99,
2026-08-17,,,,,PL/13715/EXP/ES/2016,,24.00,29.35,27.00
2026-08-17,,,,,PL/13714/EXP/ES/2016,,22.97,27.77,26.97
2026-08-17,,,,,PL/13713/EXP/ES/2016,,23.79,27.49,26.99
2026-08-17,,,,,PL/1371/EXP/ES/2015,,23.79,28.99,27.00
2026-08-17,,,,,PL/1370/EXP/ES/2015,,24.99,29.99,27.00
2026-08-17,,,,,PL/1369/EXP/ES/2015,,22.77,27.89,
2026-08-17,,,,,PL/13684/EXP/ES/2016,,23.99,29.29,26.99
2026-08-17,,,,,PL/13683/EXP/ES/2016,,23.49,28.18,26.89
2026-08-17,,,,,PL/13682/EXP/ES/2016,,23.99,28.55,27.00
2026-08-17,,,,,PL/13681/EXP/ES/2016,,23.99,29.19,27.79
2026-08-17,,,,,PL/13680/EXP/ES/2016,,23.99,28.89,26.99
2026-08-17,,,,,PL/1368/EXP/ES/2015,,23.99,28.99,27.00
2026-08-17,,,,,PL/13679/EXP/ES/2016,,23.99,27.99,27.00
2026-08-17,,,,,PL/13678/EXP/ES/2016,,23.99,29.99,27.00
2026-08-17,,,,,PL/13677/EXP/ES/2016,,23.99,29.99,26.99
2026-08-17,,,,,PL/13676/EXP/ES/2016,,23.99,29.09,27.00
2026-08-17,,,,,PL/13675/EXP/ES/2016,,23.92,28.79,27.00
2026-08-17,,,,,PL/13674/EXP/ES/2016,,23.99,29.29,26.99
2026-08-17,,,,,PL/13673/EXP/ES/2016,,22.89,26.59,26.90
2026-08-17,,,,,PL/13672/EXP/ES/2016,,24.00,29.20,
2026-08-17,,,,,PL/13671/EXP/ES/2016,,24.99,29.49,26.99
2026-08-17,,,,,PL/13670/EXP/ES/2016,,24.29,29.39,26.99
2026-08-17,,,,,PL/1367/EXP/ES/2015,,22.99,28.39,26.99
2026-08-17,,,,,PL/13669/EXP/ES/2016,,23.90,27.29,27.89
2026-08-17,,,,,PL/13668/EXP/ES/2016,,23.99,28.50,27.00
2026-08-17,,,,,PL/13667/EXP/ES/2016,,23.99,29.89,27.49
2026-08-17,,,,,PL/13666/EXP/ES/2016,,23.99,28.49,26.99
2026-08-17,,,,,PL/1366/EXP/ES/2015,,22.89,28.49,26.99
2026-08-17,,,,,PL/1365/EXP/ES/2015,,22.85,28.99,25.38
2026-08-17,,,,,PL/13644/EXP/ES/2016,,23.82,28.45,26.99
2026-08-17,,,,,PL/13643/EXP/ES/2016,,23.69,27.99,
2026-08-17,,,,,PL/13642/EXP/ES/2016,,22.84,28.09,26.85
2026-08-17,,,,,PL/13641/EXP/ES/2016,,23.99,28.89,27.00
2026-08-17,,,,,PL/13640/EXP/ES/2016,,23.69,28.29,26.99
2026-08-17,,,,,PL/1364/EXP/ES/2015,,23.39,28.99,25.38
2026-08-17,,,,,PL/13639/EXP/ES/2016,,23.98,28.53,27.00
2026-08-17,,,,,PL/13638/EXP/ES/2016,,23.99,28.59,27.00
2026-08-17,,,,,PL/13637/EXP/ES/2016,,23.49,27.49,26.99
2026-08-17,,,,,PL/13636/EXP/ES/2016,,24.00,28.99,27.00
2026-08-17,,,,,PL/13635/EXP/ES/2016,,23.60,27.30,27.00
2026-08-17,,,,,PL/13634/EXP/ES/2016,,23.34,26.48,27.65
2026-08-17,,,,,PL/13633/EXP/ES/2016,,23.99,29.99,26.99
2026-08-17,,,,,PL/13632/EXP/ES/2016,,24.19,29.49,27.00
2026-08-17,,,,,PL/13631/EXP/ES/2016,,20.89,24.99,26.99
2026-08-17,,,,,PL/13630/EXP/ES/2016,,23.99,28.95,27.00
2026-08-17,,,,,PL/1363/EXP/ES/2015,,23.48,28.87,26.98
2026-08-17,,,,,PL/13629/EXP/ES/2016,,23.99,28.00,27.00
2026-08-17,,,,,PL/13628/EXP/ES/2016,,23.49,28.19,27.00
2026-08-17,,,,,PL/13627/EXP/ES/2016,,23.59,27.70,27.00
2026-08-17,,,,,PL/13626/EXP/ES/2016,,23.99,27.00,27.00
2026-08-17,,,,,PL/13625/EXP/ES/2016,,23.53,28.04,26.99
2026-08-17,,,,,PL/13624/EXP/ES/2016,,19.39,23.69,25.39
2026-08-17,,,,,PL/13623/EXP/ES/2016,,23.78,,26.75
2026-08-17,,,,,PL/13622/EXP/ES/2016,,22.55,26.95,
2026-08-17,,,,,PL/13621/EXP/ES/2016,,23.99,,26.99
2026-08-17,,,,,PL/13620/EXP/ES/2016,,19.39,23.69,25.39
2026-08-17,,,,,PL/1362/EXP/ES/2015,,23.99,27.99,26.99
2026-08-17,,,,,PL/13619/EXP/ES/2016,,23.99,28.89,26.99
2026-08-17,,,,,PL/13618/EXP/ES/2016,,24.79,29.89,
2026-08-17,,,,,PL/13617/EXP/ES/2016,,21.50,,27.00
2026-08-17,,,,,PL/13616/EXP/ES/2016,,23.92,,27.00
2026-08-17,,,,,PL/13615/EXP/ES/2016,,23.19,27.99,27.00
2026-08-17,,,,,PL/13614/EXP/ES/2016,,24.89,29.99,27.99
2026-08-17,,,,,PL/13613/EXP/ES/2016,,23.59,28.99,26.99
2026-08-17,,,,,PL/13612/EXP/ES/2016,,23.95,27.68,27.00
2026-08-17,,,,,PL/13611/EXP/ES/2016,,23.99,28.49,
2026-08-17,,,,,PL/13610/EXP/ES/2016,,24.99,29.39,27.00
2026-08-17,,,,,PL/1361/EXP/ES/2015,,23.99,29.64,
2026-08-17,,,,,PL/13609/EXP/ES/2016,,23.99,29.99,27.00
2026-08-17,,,,,PL/13608/EXP/ES/2016,,23.49,28.69,27.09
2026-08-17,,,,,PL/13607/EXP/ES/2016,,24.00,29.89,27.00
2026-08-17,,,,,PL/13606/EXP/ES/2016,,23.99,29.99,27.00
2026-08-17,,,,,PL/13605/EXP/ES/2016,,23.99,28.80,27.00
2026-08-17,,,,,PL/13604/EXP/ES/2016,,23.80,28.82,26.99
2026-08-17,,,,,PL/13603/EXP/ES/2016,,24.00,28.95,28.28
2026-08-17,,,,,PL/13601/EXP/ES/2016,,23.99,27.99,27.00
2026-08-17,,,,,PL/13600/EXP/ES/2016,,22.99,27.39,27.00
2026-08-17,,,,,PL/1360/EXP/ES/2015,,23.99,28.99,
2026-08-17,,,,,PL/13599/EXP/ES/2016,,23.99,28.59,26.99
2026-08-17,,,,,PL/13598/EXP/ES/2016,,24.00,29.73,27.00
2026-08-17,,,,GASOLIO S.A. DE C.V.,PL/13597/EXP/ES/2016,Avenida Federalismo No. 2495,23.99,23.99,26.99
2026-08-17,,,,,PL/13596/EXP/ES/2016,,23.78,28.99,26.75
2026-08-17,,,,,PL/13595/EXP/ES/2016,,23.89,27.89,
2026-08-17,,,,,PL/13594/EXP/ES/2016,,24.50,29.37,28.76
2026-08-17,,,,,PL/13593/EXP/ES/2016,,24.00,28.29,27.00
2026-08-17,,,,,PL/13592/EXP/ES/2016,,23.79,28.29,27.09
2026-08-17,,,,,PL/13590/EXP/ES/2016,,23.99,28.69,27.00
2026-08-17,,,,,PL/1359/EXP/ES/2015,,23.99,28.90,27.00
2026-08-17,,,,,PL/13589/EXP/ES/2016,,23.99,28.79,27.00
2026-08-17,,,,,PL/13588/EXP/ES/2016,,23.79,27.99,27.00
2026-08-17,,,,,PL/13587/EXP/ES/2016,,23.99,29.49,26.99
2026-08-17,,,,,PL/13586/EXP/ES/2016,,24.00,28.20,27.20
2026-08-17,,,,,PL/13585/EXP/ES/2016,,24.00,29.37,27.00
2026-08-17,,,,,PL/13584/EXP/ES/2016,,23.99,28.19,27.00
2026-08-17,,,,,PL/13583/EXP/ES/2016,,24.49,29.99,
2026-08-17,,,,,PL/13582/EXP/ES/2016,,24.59,29.99,26.99
2026-08-17,,,,,PL/13581/EXP/ES/2016,,24.49,29.99,27.99
2026-08-17,,,,,PL/13580/EXP/ES/2016,,24.49,29.99,
2026-08-17,,,,,PL/1358/EXP/ES/2015,,23.99,28.99,
2026-08-17,,,,,PL/13579/EXP/ES/2016,,24.49,29.99,
2026-08-17,,,,,PL/13578/EXP/ES/2016,,23.99,29.49,26.99
2026-08-17,,,,,PL/1357/EXP/ES/2015,,22.99,27.89,26.99
2026-08-17,,,,,PL/1356/EXP/ES/2015,,23.99,28.99,
2026-08-17,,,,,PL/1355/EXP/ES/2015,,23.99,29.29,26.99
2026-08-17,,,,,PL/13547/EXP/ES/2016,,24.99,29.99,
2026-08-17,,,,,PL/13546/EXP/ES/2016,,23.99,28.80,27.00
2026-08-17,,,,,PL/1354/EXP/ES/2015,,23.99,28.99,
2026-08-17,,,,,PL/1353/EXP/ES/2015,,23.49,27.99,26.99
2026-08-17,,,,,PL/1352/EXP/ES/2015,,23.99,28.50,27.00
2026-08-17,,,,,PL/1351/EXP/ES/2015,,22.99,27.89,
2026-08-17,,,,,PL/1350/EXP/ES/2015,,23.57,28.37,
2026-08-17,,,,,PL/1349/EXP/ES/2015,,23.99,29.89,26.99
2026-08-17,,,,LUIS BAUTISTA ZEPEDA (SU SUCESIÓN),PL/13489/EXP/ES/2016,Carretera Cotija-Tocumbo Km 8,24.25,,17.99
2026-08-17,,,,,PL/13488/EXP/ES/2016,,23.99,,26.99
2026-08-17,,,,,PL/1348/EXP/ES/2015,,22.99,27.99,
2026-08-17,,,,,PL/1347/EXP/ES/2015,,23.99,28.39,27.00
2026-08-17,,,,,PL/1346/EXP/ES/2015,,23.39,28.99,25.38
2026-08-17,,,,,PL/1345/EXP/ES/2015,,23.99,28.99,
2026-08-17,,,,,PL/1344/EXP/ES/2015,,23.99,28.99,26.99
2026-08-17,,,,,PL/1343/EXP/ES/2015,,23.99,28.89,
2026-08-17,,,,,PL/1342/EXP/ES/2015,,23.99,28.85,27.00
2026-08-17,,,,,PL/13417/EXP/ES/2016,,24.10,29.50,27.99
2026-08-17,,,,,PL/13416/EXP/ES/2016,,24.30,,27.99
2026-08-17,,,,,PL/13415/EXP/ES/2016,,24.49,29.99,27.99
2026-08-17,,,,,PL/13414/EXP/ES/2016,,23.90,28.80,27.00
2026-08-17,,,,,PL/13413/EXP/ES/2016,,23.99,29.99,
2026-08-17,,,,,PL/1341/EXP/ES/2015,,23.49,28.79,27.00
2026-08-17,,,,,PL/1340/EXP/ES/2015,,23.98,29.88,27.00
2026-08-17,,,,,PL/1339/EXP/ES/2015,,23.99,29.99,27.00
2026-08-17,,,,,PL/1338/EXP/ES/2015,,23.99,29.99,27.00
2026-08-17,,,,,PL/1337/EXP/ES/2015,,23.99,28.89,27.49
2026-08-17,,,,,PL/13365/EXP/ES/2016,,23.99,26.40,25.90
2026-08-17,,,,,PL/13364/EXP/ES/2016,,23.99,29.51,27.00
2026-08-17,,,,,PL/13363/EXP/ES/2016,,23.90,28.39,27.00
2026-08-17,,,,,PL/13362/EXP/ES/2016,,23.80,28.40,
2026-08-17,,,,,PL/13361/EXP/ES/2016,,23.99,29.29,
2026-08-17,,,,,PL/1336/EXP/ES/2015,,23.99,29.49,26.99
2026-08-17,,,,,PL/13358/EXP/ES/2016,,24.19,29.39,27.00
2026-08-17,,,,,PL/1335/EXP/ES/2015,,22.75,26.96,25.39
2026-08-17,,,,,PL/1334/EXP/ES/2015,,23.65,27.70,27.00
2026-08-17,,,,,PL/1333/EXP/ES/2015,,23.80,,26.99
2026-08-17,,,,,PL/1332/EXP/ES/2015,,23.99,27.49,26.99
2026-08-17,,,,,PL/1331/EXP/ES/2015,,23.99,29.09,27.00
2026-08-17,,,,,PL/13302/EXP/ES/2016,,23.39,27.99,
2026-08-17,,,,,PL/1330/EXP/ES/2015,,23.68,28.05,26.84
2026-08-17,,,,,PL/13299/EXP/ES/2016,,23.99,28.28,27.00
2026-08-17,,,,,PL/13298/EXP/ES/2016,,23.89,28.99,27.99
2026-08-17,,,,,PL/13297/EXP/ES/2016,,23.95,28.29,26.99
2026-08-17,,,,,PL/13296/EXP/ES/2016,,25.39,28.98,28.29
2026-08-17,,,,,PL/13294/EXP/ES/2016,,23.99,29.29,27.00
2026-08-17,,,,,PL/13293/EXP/ES/2016,,20.09,24.49,27.00
2026-08-17,,,,,PL/13292/EXP/ES/2016,,20.19,24.49,
2026-08-17,,,,,PL/13291/EXP/ES/2016,,23.99,29.29,27.00
2026-08-17,,,,,PL/13290/EXP/ES/2016,,23.99,29.99,
2026-08-17,,,,,PL/1329/EXP/ES/2015,,23.75,28.10,
2026-08-17,,,,,PL/13289/EXP/ES/2016,,24.99,29.99,27.00
2026-08-17,,,,,PL/13288/EXP/ES/2016,,24.99,29.99,
2026-08-17,,,,,PL/13286/EXP/ES/2016,,23.99,29.29,27.00
2026-08-17,,,,,PL/13285/EXP/ES/2016,,23.99,29.29,27.00
2026-08-17,,,,,PL/13284/EXP/ES/2016,,23.99,29.29,27.00
2026-08-17,,,,,PL/13283/EXP/ES/2016,,23.27,28.07,
2026-08-17,,,,,PL/13282/EXP/ES/2016,,23.99,29.99,27.00
2026-08-17,,,,,PL/13281/EXP/ES/2016,,23.99,28.49,26.99
2026-08-17,,,,,PL/13280/EXP/ES/2016,,23.99,,27.00
2026-08-17,,,,,PL/1328/EXP/ES/2015,,23.99,28.64,
2026-08-17,,,,,PL/13279/EXP/ES/2016,,23.99,29.27,28.00
2026-08-17,,,,,PL/1327/EXP/ES/2015,,23.99,28.89,27.00
2026-08-17,,,,,PL/1326/EXP/ES/2015,,23.99,28.99,26.99
2026-08-17,,,,,PL/1325/EXP/ES/2015,,23.99,29.74,27.00
2026-08-17,,,,,PL/1324/EXP/ES/2015,,23.80,28.60,27.00
2026-08-17,,,,,PL/13223/EXP/ES/2016,,23.50,26.99,26.99
2026-08-17,,,,,PL/13222/EXP/ES/2016,,23.89,27.61,27.00
2026-08-17,,,,,PL/13221/EXP/ES/2016,,24.00,29.50,27.90
2026-08-17,,,,,PL/13220/EXP/ES/2016,,23.70,28.80,26.99
2026-08-17,,,,,PL/1322/EXP/ES/2015,,23.79,28.29,
2026-08-17,,,,,PL/13219/EXP/ES/2016,,23.45,28.27,26.97
2026-08-17,,,,,PL/13218/EXP/ES/2016,,23.33,28.24,27.00
2026-08-17,,,,,PL/13217/EXP/ES/2016,,23.59,28.99,
2026-08-17,,,,,PL/13216/EXP/ES/2016,,20.35,22.40,22.20
2026-08-17,,,,,PL/13215/EXP/ES/2016,,23.99,28.49,27.00
2026-08-17,,,,,PL/1321/EXP/ES/2015,,23.99,29.29,27.00
2026-08-17,,,,,PL/1320/EXP/ES/2015,,23.99,28.99,27.00
2026-08-17,,,,,PL/1319/EXP/ES/2015,,23.65,28.55,
2026-08-17,,,,,PL/1318/EXP/ES/2015,,23.99,28.20,
2026-08-17,,,,,PL/1317/EXP/ES/2015,,23.99,28.99,27.00
2026-08-17,,,,,PL/1316/EXP/ES/2015,,23.99,29.54,26.99
2026-08-17,,,,,PL/1315/EXP/ES/2015,,23.79,28.79,27.09
2026-08-17,,,,,PL/13140/EXP/ES/2016,,24.69,29.99,27.99
2026-08-17,,,,,PL/1314/EXP/ES/2015,,23.99,29.59,
2026-08-17,,,,,PL/13138/EXP/ES/2016,,24.39,27.99,27.00
2026-08-17,,,,,PL/13137/EXP/ES/2016,,23.89,28.40,27.00
2026-08-17,,,,,PL/13136/EXP/ES/2016,,23.54,28.59,27.00
2026-08-17,,,,,PL/13135/EXP/ES/2016,,23.89,28.79,27.00
2026-08-17,,,,,PL/13134/EXP/ES/2016,,23.99,29.15,27.00
2026-08-17,,,,,PL/13133/EXP/ES/2016,,23.99,28.99,27.00
2026-08-17,,,,,PL/13132/EXP/ES/2016,,24.00,29.41,27.00
2026-08-17,,,,,PL/13131/EXP/ES/2016,,23.39,27.99,
2026-08-17,,,,,PL/13130/EXP/ES/2016,,23.89,28.13,26.97
2026-08-17,,,,,PL/1313/EXP/ES/2015,,24.49,29.49,27.00
2026-08-17,,,,,PL/13129/EXP/ES/2016,,23.99,29.19,26.99
2026-08-17,,,,,PL/13128/EXP/ES/2016,,23.90,27.50,27.00
2026-08-17,,,,,PL/13127/EXP/ES/2016,,24.19,29.49,27.00
2026-08-17,,,,,PL/13126/EXP/ES/2016,,23.99,28.79,
2026-08-17,,,,,PL/13125/EXP/ES/2016,,23.99,29.69,26.99
2026-08-17,,,,,PL/13124/EXP/ES/2016,,23.99,29.99,26.99
2026-08-17,,,,,PL/13123/EXP/ES/2016,,23.95,20.99,27.00
2026-08-17,,,,,PL/13122/EXP/ES/2016,,24.50,30.50,27.00
2026-08-17,,,,,PL/13121/EXP/ES/2016,,24.70,29.50,28.40
2026-08-17,,,,,PL/13120/EXP/ES/2016,,23.99,27.39,26.99
2026-08-17,,,,,PL/1312/EXP/ES/2015,,23.49,28.40,26.99
2026-08-17,,,,,PL/13119/EXP/ES/2016,,23.79,28.99,27.59
2026-08-17,,,,,PL/13118/EXP/ES/2016,,22.00,,27.50
2026-08-17,,,,,PL/13117/EXP/ES/2016,,24.00,,27.50
2026-08-17,,,,,PL/13113/EXP/ES/2016,,23.95,28.80,27.00
2026-08-17,,,,,PL/13112/EXP/ES/2016,,23.88,28.66,
2026-08-17,,,,,PL/13111/EXP/ES/2016,,22.87,28.80,26.99
2026-08-17,,,,,PL/13110/EXP/ES/2016,,23.39,28.99,
2026-08-17,,,,SOLUGAS SOLUCIONES EN GASOLINERAS S.A. DE C.V.,PL/1311/EXP/ES/2015,La Loma No. 1525,23.79,28.29,27.00
2026-08-17,,,,,PL/13109/EXP/ES/2016,,21.25,,
2026-08-17,,,,,PL/13108/EXP/ES/2016,,23.99,29.29,26.99
2026-08-17,,,,,PL/13105/EXP/ES/2016,,23.70,27.86,26.49
2026-08-17,,,,,PL/13104/EXP/ES/2016,,22.88,28.88,26.98
2026-08-17,,,,,PL/13103/EXP/ES/2016,,23.97,29.28,27.00
2026-08-17,,,,,PL/13102/EXP/ES/2016,,23.39,27.99,26.99
2026-08-17,,,,,PL/13101/EXP/ES/2016,,23.49,27.99,26.99
2026-08-17,,,,,PL/1310/EXP/ES/2015,,23.09,27.59,
2026-08-17,,,,,PL/13099/EXP/ES/2016,,23.40,27.50,27.10
2026-08-17,,,,,PL/13097/EXP/ES/2016,,20.99,26.90,
2026-08-17,,,,,PL/13094/EXP/ES/2016,,24.00,29.30,27.00
2026-08-17,,,,,PL/13092/EXP/ES/2016,,24.00,28.80,27.00
2026-08-17,,,,,PL/13091/EXP/ES/2016,,24.10,28.90,29.00
2026-08-17,,,,,PL/13090/EXP/ES/2016,,23.99,28.80,27.00
2026-08-17,,,,,PL/1309/EXP/ES/2015,,24.19,28.79,
2026-08-17,,,,,PL/13089/EXP/ES/2016,,23.99,28.99,26.89
2026-08-17,,,,,PL/13088/EXP/ES/2016,,24.00,29.10,27.00
2026-08-17,,,,,PL/13087/EXP/ES/2016,,23.80,29.00,27.50
2026-08-17,,,,,PL/13086/EXP/ES/2016,,22.89,28.59,26.99
2026-08-17,,,,,PL/13085/EXP/ES/2016,,24.00,,27.00
2026-08-17,,,,,PL/13084/EXP/ES/2016,,23.79,,27.00
2026-08-17,,,,,PL/13083/EXP/ES/2016,,23.68,27.68,26.90
2026-08-17,,,,,PL/13082/EXP/ES/2016,,23.99,28.94,26.99
2026-08-17,,,,,PL/13081/EXP/ES/2016,,20.80,25.70,26.90
2026-08-17,,,,,PL/13080/EXP/ES/2016,,23.99,28.40,27.00
2026-08-17,,,,,PL/1308/EXP/ES/2015,,24.19,28.79,27.19
2026-08-17,,,,,PL/13079/EXP/ES/2016,,23.99,28.20,27.00
2026-08-17,,,,,PL/13078/EXP/ES/2016,,24.29,29.98,28.49
2026-08-17,,,,,PL/13077/EXP/ES/2016,,23.78,,
2026-08-17,,,,,PL/13076/EXP/ES/2016,,23.79,27.29,27.00
2026-08-17,,,,,PL/13075/EXP/ES/2016,,19.39,23.99,25.39
2026-08-17,,,,,PL/13074/EXP/ES/2016,,19.39,23.69,25.39
2026-08-17,,,,,PL/13073/EXP/ES/2016,,23.99,28.49,26.99
2026-08-17,,,,,PL/13072/EXP/ES/2016,,22.15,26.95,
2026-08-17,,,,,PL/13071/EXP/ES/2016,,20.75,24.99,26.99
2026-08-17,,,,,PL/1307/EXP/ES/2015,,23.99,28.99,
2026-08-17,,,,,PL/13069/EXP/ES/2016,,23.99,29.39,26.99
2026-08-17,,,,,PL/13068/EXP/ES/2016,,23.99,29.99,
2026-08-17,,,,,PL/13067/EXP/ES/2016,,23.99,27.39,26.99
2026-08-17,,,,,PL/13065/EXP/ES/2016,,20.99,26.90,
2026-08-17,,,,,PL/13064/EXP/ES/2016,,23.99,27.50,27.00
2026-08-17,,,,,PL/13063/EXP/ES/2016,,23.98,28.29,27.00
2026-08-17,,,,SERVICIO LAS CRUCES DE SANTA ANITA S.A. DE C.V.,PL/13062/EXP/ES/2016,Prolongación Ramon Corona 686,24.48,29.96,
2026-08-17,,,,,PL/13061/EXP/ES/2016,,23.89,28.59,
2026-08-17,,,,,PL/13060/EXP/ES/2016,,20.79,26.89,26.99
2026-08-17,,,,,PL/1306/EXP/ES/2015,,23.99,29.34,27.00
2026-08-17,,,,,PL/13059/EXP/ES/2016,,22.99,28.89,26.99
2026-08-17,,,,,PL/13058/EXP/ES/2016,,23.99,28.39,
2026-08-17,,,,,PL/13057/EXP/ES/2016,,23.50,,27.00
2026-08-17,,,,,PL/13056/EXP/ES/2016,,23.99,27.99,28.80
2026-08-17,,,,,PL/13055/EXP/ES/2016,,23.30,,27.00
2026-08-17,,,,,PL/13054/EXP/ES/2016,,23.30,27.35,
2026-08-17,,,,,PL/13053/EXP/ES/2016,,23.90,29.50,27.00
2026-08-17,,,,,PL/13052/EXP/ES/2016,,23.99,,27.47
2026-08-17,,,,,PL/13051/EXP/ES/2016,,23.70,27.85,26.90
2026-08-17,,,,,PL/13050/EXP/ES/2016,,24.00,,27.00
2026-08-17,,,,,PL/1305/EXP/ES/2015,,23.99,29.34,27.00
2026-08-17,,,,,PL/13049/EXP/ES/2016,,23.29,28.39,27.00
2026-08-17,,,,,PL/13048/EXP/ES/2016,,24.00,,27.00
2026-08-17,,,,,PL/13047/EXP/ES/2016,,25.39,28.98,28.29
2026-08-17,,,,,PL/13046/EXP/ES/2016,,22.99,28.19,27.00
2026-08-17,,,,,PL/1304/EXP/ES/2015,,23.99,29.87,27.00
2026-08-17,,,,,PL/1303/EXP/ES/2015,,23.99,29.02,27.00
2026-08-17,,,,,PL/1302/EXP/ES/2015,,23.99,29.03,
2026-08-17,,,,,PL/1301/EXP/ES/2015,,23.99,29.25,
2026-08-17,,,,,PL/1300/EXP/ES/2015,,23.99,28.20,27.00
2026-08-17,,,,,PL/1299/EXP/ES/2015,,23.99,29.51,27.00
2026-08-17,,,,,PL/1298/EXP/ES/2015,,23.99,29.14,
2026-08-17,,,,,PL/1297/EXP/ES/2015,,23.49,28.99,
2026-08-17,,,,,PL/1296/EXP/ES/2015,,23.99,28.39,27.00
2026-08-17,,,,,PL/1295/EXP/ES/2015,,22.45,27.75,
2026-08-17,,,,,PL/1294/EXP/ES/2015,,23.99,29.34,
2026-08-17,,,,,PL/1293/EXP/ES/2015,,22.99,28.99,26.99
2026-08-17,,,,,PL/1292/EXP/ES/2015,,23.85,28.25,27.00
2026-08-17,,,,,PL/1291/EXP/ES/2015,,24.59,29.49,
2026-08-17,,,,,PL/12908/EXP/ES/2015,,23.90,28.50,26.99
2026-08-17,,,,,PL/12907/EXP/ES/2015,,23.70,,26.99
2026-08-17,,,,,PL/12905/EXP/ES/2015,,,27.99,26.99
2026-08-17,,,,,PL/12903/EXP/ES/2015,,23.65,,26.98
2026-08-17,,,,,PL/12902/EXP/ES/2015,,22.99,28.89,
2026-08-17,,,,,PL/12901/EXP/ES/2015,,22.99,28.49,
2026-08-17,,,,,PL/12900/EXP/ES/2015,,23.49,28.89,
2026-08-17,,,,,PL/1290/EXP/ES/2015,,24.49,29.99,
2026-08-17,,,,,PL/12899/EXP/ES/2015,,23.99,28.30,27.00
2026-08-17,,,,,PL/12898/EXP/ES/2015,,22.99,28.49,26.99
2026-08-17,,,,,PL/12897/EXP/ES/2015,,23.99,29.79,25.39
2026-08-17,,,,,PL/12896/EXP/ES/2015,,23.89,28.99,27.00
2026-08-17,,,,,PL/12894/EXP/ES/2015,,23.29,29.25,
2026-08-17,,,,,PL/12893/EXP/ES/2015,,22.99,28.89,26.99
2026-08-17,,,,,PL/12892/EXP/ES/2015,,23.99,28.49,
2026-08-17,,,,,PL/12891/EXP/ES/2015,,23.99,,26.99
2026-08-17,,,,,PL/12890/EXP/ES/2015,,24.00,29.50,27.00
2026-08-17,,,,,PL/1289/EXP/ES/2015,,23.99,29.99,26.99
2026-08-17,,,,,PL/12889/EXP/ES/2015,,23.49,27.79,23.75
2026-08-17,,,,,PL/12888/EXP/ES/2015,,23.99,29.49,27.00
2026-08-17,,,,,PL/12887/EXP/ES/2015,,23.99,28.99,
2026-08-17,,,,,PL/12886/EXP/ES/2015,,22.89,27.99,
2026-08-17,,,,,PL/12885/EXP/ES/2015,,22.99,28.49,
2026-08-17,,,,,PL/12884/EXP/ES/2015,,23.09,,26.69
2026-08-17,,,,,PL/12883/EXP/ES/2015,,23.98,29.48,27.00
2026-08-17,,,,,PL/12880/EXP/ES/2015,,23.39,,25.38
2026-08-17,,,,,PL/1288/EXP/ES/2015,,24.49,29.69,26.99
2026-08-17,,,,,PL/12878/EXP/ES/2015,,23.29,28.19,27.00
2026-08-17,,,,,PL/12876/EXP/ES/2015,,21.59,24.15,23.75
2026-08-17,,,,,PL/12875/EXP/ES/2015,,23.78,28.99,
2026-08-17,,,,,PL/12874/EXP/ES/2015,,24.29,29.79,26.99
2026-08-17,,,,,PL/12873/EXP/ES/2015,,24.00,29.49,27.00
2026-08-17,,,,,PL/12872/EXP/ES/2015,,22.99,27.79,27.00
2026-08-17,,,,,PL/12871/EXP/ES/2015,,22.85,26.80,
2026-08-17,,,,,PL/12870/EXP/ES/2015,,23.99,28.69,27.00
2026-08-17,,,,,PL/1287/EXP/ES/2015,,19.99,24.99,26.99
2026-08-17,,,,,PL/12869/EXP/ES/2015,,23.99,28.49,26.99
2026-08-17,,,,,PL/12868/EXP/ES/2015,,23.91,,26.91
2026-08-17,,,,,PL/12867/EXP/ES/2015,,23.99,,
2026-08-17,,,,,PL/12866/EXP/ES/2015,,22.69,27.99,
2026-08-17,,,,,PL/12865/EXP/ES/2015,,23.99,27.95,27.00
2026-08-17,,,,,PL/12864/EXP/ES/2015,,23.99,27.99,26.99
2026-08-17,,,,,PL/12863/EXP/ES/2015,,23.70,28.50,27.00
2026-08-17,,,,,PL/12862/EXP/ES/2015,,23.89,28.88,
2026-08-17,,,,,PL/12861/EXP/ES/2015,,23.99,28.99,27.99
2026-08-17,,,,,PL/12860/EXP/ES/2015,,23.99,29.89,27.00
2026-08-17,,,,,PL/1286/EXP/ES/2015,,24.49,29.49,26.99
2026-08-17,,,,,PL/12858/EXP/ES/2015,,22.95,26.95,26.80
2026-08-17,,,,,PL/12857/EXP/ES/2015,,23.99,28.99,26.99
2026-08-17,,,,,PL/12856/EXP/ES/2015,,23.89,27.94,26.99
2026-08-17,,,,,PL/12855/EXP/ES/2015,,23.79,28.57,26.99
2026-08-17,,,,,PL/12854/EXP/ES/2015,,23.99,,26.99
2026-08-17,,,,,PL/12853/EXP/ES/2015,,23.99,28.99,26.99
2026-08-17,,,,,PL/12852/EXP/ES/2015,,23.99,,
2026-08-17,,,,,PL/12850/EXP/ES/2015,,23.99,28.99,
2026-08-17,,,,,PL/1285/EXP/ES/2015,,24.49,29.99,
2026-08-17,,,,,PL/12849/EXP/ES/2015,,23.89,28.89,26.99
2026-08-17,,,,,PL/12848/EXP/ES/2015,,,28.99,27.00
2026-08-17,,,,,PL/12847/EXP/ES/2015,,,28.54,26.99
2026-08-17,,,,,PL/12846/EXP/ES/2015,,24.00,28.50,27.00
2026-08-17,,,,,PL/12845/EXP/ES/2015,,23.99,,26.99
2026-08-17,,,,,PL/12843/EXP/ES/2015,,19.39,23.69,25.39
2026-08-17,,,,,PL/12842/EXP/ES/2015,,19.39,,25.39
2026-08-17,,,,,PL/12841/EXP/ES/2015,,19.39,23.69,25.39
2026-08-17,,,,,PL/12840/EXP/ES/2015,,19.39,23.69,25.39
2026-08-17,,,,,PL/1284/EXP/ES/2015,,24.49,29.99,
2026-08-17,,,,,PL/12838/EXP/ES/2015,,24.79,28.79,28.19
2026-08-17,,,,,PL/12837/EXP/ES/2015,,23.50,28.80,27.00
2026-08-17,,,,,PL/12836/EXP/ES/2015,,23.99,29.99,
2026-08-17,,,,,PL/12835/EXP/ES/2015,,23.99,27.99,27.00
2026-08-17,,,,,PL/12833/EXP/ES/2015,,23.99,27.19,27.89
2026-08-17,,,,,PL/12832/EXP/ES/2015,,22.69,27.89,
2026-08-17,,,,,PL/12831/EXP/ES/2015,,23.99,24.80,
2026-08-17,,,,,PL/12830/EXP/ES/2015,,23.49,24.80,
2026-08-17,,,,,PL/1283/EXP/ES/2015,,20.99,,26.99
2026-08-17,,,,,PL/12828/EXP/ES/2015,,23.99,,27.00
2026-08-17,,,,,PL/12827/EXP/ES/2015,,22.59,27.99,
2026-08-17,,,,,PL/12826/EXP/ES/2015,,23.99,28.49,26.99
2026-08-17,,,,,PL/12825/EXP/ES/2015,,23.95,,27.00
2026-08-17,,,,,PL/12824/EXP/ES/2015,,23.95,27.84,27.00
2026-08-17,,,,,PL/12823/EXP/ES/2015,,23.99,28.49,28.28
2026-08-17,,,,,PL/12822/EXP/ES/2015,,22.89,26.79,
2026-08-17,,,,,PL/12820/EXP/ES/2015,,24.00,28.00,27.00
2026-08-17,,,,,PL/1282/EXP/ES/2015,,24.49,29.99,26.99
2026-08-17,,,,,PL/12818/EXP/ES/2015,,23.79,29.29,27.00
2026-08-17,,,,ESTACIÓN DE SERVICIO SATELITE S.A. DE C.V.,PL/12817/EXP/ES/2015,Avenida Aviación No. 1516,23.99,28.99,27.00
2026-08-17,,,,,PL/12816/EXP/ES/2015,,23.99,28.90,27.00
2026-08-17,,,,,PL/12815/EXP/ES/2015,,25.19,,28.56
2026-08-17,,,,,PL/12813/EXP/ES/2015,,25.24,,28.99
2026-08-17,,,,,PL/12810/EXP/ES/2015,,23.99,28.49,26.99
2026-08-17,,,,,PL/1281/EXP/ES/2015,,24.49,29.99,
2026-08-17,,,,,PL/12809/EXP/ES/2015,,23.78,28.99,26.75
2026-08-17,,,,,PL/12808/EXP/ES/2015,,24.00,28.75,
2026-08-17,,,,,PL/12806/EXP/ES/2015,,22.39,26.99,26.39
2026-08-17,,,,,PL/12805/EXP/ES/2015,,23.78,28.99,
2026-08-17,,,,,PL/12804/EXP/ES/2015,,24.00,28.75,27.00
2026-08-17,,,,,PL/12803/EXP/ES/2015,,19.35,25.50,26.00
2026-08-17,,,,,PL/12802/EXP/ES/2015,,23.99,29.99,27.00
2026-08-17,,,,,PL/12801/EXP/ES/2015,,23.49,,
2026-08-17,,,,,PL/12800/EXP/ES/2015,,23.95,28.59,
2026-08-17,,,,,PL/1280/EXP/ES/2015,,24.49,29.99,26.99
2026-08-17,,,,,PL/12799/EXP/ES/2015,,24.00,28.50,27.00
2026-08-17,,,,,PL/12798/EXP/ES/2015,,21.75,25.87,25.37
2026-08-17,,,,,PL/12797/EXP/ES/2015,,23.99,,27.34
2026-08-17,,,,,PL/12796/EXP/ES/2015,,23.40,28.25,27.00
2026-08-17,,,,,PL/12795/EXP/ES/2015,,23.99,28.30,27.00
2026-08-17,,,,,PL/12794/EXP/ES/2015,,23.70,27.99,28.28
2026-08-17,,,,,PL/12793/EXP/ES/2015,,23.90,28.66,27.80
2026-08-17,,,,,PL/12792/EXP/ES/2015,,23.95,28.68,26.99
2026-08-17,,,,,PL/12791/EXP/ES/2015,,23.99,29.59,27.00
2026-08-17,,,,,PL/12790/EXP/ES/2015,,23.67,28.57,26.87
2026-08-17,,,,,PL/1279/EXP/ES/2015,,24.59,29.99,26.99
2026-08-17,,,,,PL/12789/EXP/ES/2015,,23.99,27.70,26.99
2026-08-17,,,,,PL/12788/EXP/ES/2015,,23.99,29.49,27.00
2026-08-17,,,,,PL/12787/EXP/ES/2015,,23.59,27.70,26.99
2026-08-17,,,,,PL/12786/EXP/ES/2015,,23.79,27.79,
2026-08-17,,,,,PL/12784/EXP/ES/2015,,23.99,29.89,27.00
2026-08-17,,,,,PL/12783/EXP/ES/2015,,23.94,28.58,27.00
2026-08-17,,,,,PL/12781/EXP/ES/2015,,23.99,29.58,27.00
2026-08-17,,,,,PL/1278/EXP/ES/2015,,23.99,29.79,
2026-08-17,,,,,PL/12779/EXP/ES/2015,,23.99,29.58,
2026-08-17,,,,,PL/12778/EXP/ES/2015,,23.99,29.58,
2026-08-17,,,,,PL/12777/EXP/ES/2015,,23.99,29.58,
2026-08-17,,,,,PL/12776/EXP/ES/2015,,23.99,29.45,27.99
2026-08-17,,,,,PL/12775/EXP/ES/2015,,23.99,29.58,
2026-08-17,,,,,PL/12774/EXP/ES/2015,,23.99,29.58,
2026-08-17,,,,,PL/12773/EXP/ES/2015,,23.98,,27.00
2026-08-17,,,,,PL/12772/EXP/ES/2015,,23.48,27.49,26.99
2026-08-17,,,,,PL/12771/EXP/ES/2015,,24.42,29.25,27.90
2026-08-17,,,,,PL/1277/EXP/ES/2015,,24.49,29.89,27.50
2026-08-17,,,,,PL/12769/EXP/ES/2015,,23.99,28.99,26.99
2026-08-17,,,,,PL/12768/EXP/ES/2015,,20.99,,
2026-08-17,,,,,PL/12767/EXP/ES/2015,,23.98,29.99,
2026-08-17,,,,,PL/12766/EXP/ES/2015,,23.99,28.49,26.99
2026-08-17,,,,,PL/12765/EXP/ES/2015,,23.30,27.99,26.99
2026-08-17,,,,,PL/12764/EXP/ES/2015,,24.00,29.98,27.00
2026-08-17,,,,,PL/12762/EXP/ES/2015,,24.00,29.50,27.00
2026-08-17,,,,,PL/12761/EXP/ES/2015,,23.50,26.99,
2026-08-17,,,,,PL/12760/EXP/ES/2015,,22.38,26.15,
2026-08-17,,,,,PL/1276/EXP/ES/2015,,23.99,29.15,
2026-08-17,,,,,PL/12759/EXP/ES/2015,,23.99,28.19,
2026-08-17,,,,,PL/12758/EXP/ES/2015,,24.00,29.70,27.00
2026-08-17,,,,,PL/12755/EXP/ES/2015,,23.69,28.99,26.99
2026-08-17,,,,,PL/12754/EXP/ES/2015,,23.99,,28.28
2026-08-17,,,,,PL/12752/EXP/ES/2015,,24.00,28.99,27.00
2026-08-17,,,,,PL/12751/EXP/ES/2015,,22.59,27.99,
2026-08-17,,,,,PL/1275/EXP/ES/2015,,23.99,28.98,27.00
2026-08-17,,,,,PL/12749/EXP/ES/2015,,23.99,27.99,
2026-08-17,,,,,PL/12748/EXP/ES/2015,,23.68,,27.00
2026-08-17,,,,,PL/12747/EXP/ES/2015,,23.99,28.49,26.99
2026-08-17,,,,,PL/12746/EXP/ES/2015,,20.79,26.89,26.99
2026-08-17,,,,,PL/12745/EXP/ES/2015,,20.79,26.89,26.99
2026-08-17,,,,,PL/12744/EXP/ES/2015,,23.99,29.89,27.99
2026-08-17,,,,,PL/12743/EXP/ES/2015,,24.00,29.95,27.97
2026-08-17,,,,,PL/12742/EXP/ES/2015,,24.00,29.95,27.99
2026-08-17,,,,,PL/12741/EXP/ES/2015,,24.59,28.99,
2026-08-17,,,,,PL/12740/EXP/ES/2015,,23.60,28.00,27.15
2026-08-17,,,,,PL/1274/EXP/ES/2015,,23.99,29.60,27.00
2026-08-17,,,,,PL/12739/EXP/ES/2015,,23.99,29.28,27.00
2026-08-17,,,,,PL/12737/EXP/ES/2015,,23.99,24.99,27.15
2026-08-17,,,,,PL/12736/EXP/ES/2015,,23.69,28.50,
2026-08-17,,,,,PL/12735/EXP/ES/2015,,23.99,28.28,28.28
2026-08-17,,,,,PL/12734/EXP/ES/2015,,23.99,28.79,26.99
2026-08-17,,,,,PL/12732/EXP/ES/2015,,20.79,26.89,
2026-08-17,,,,,PL/12731/EXP/ES/2015,,23.99,28.99,27.00
2026-08-17,,,,,PL/12730/EXP/ES/2015,,23.99,29.50,
2026-08-17,,,,,PL/1273/EXP/ES/2015,,23.99,28.99,28.99
2026-08-17,,,,,PL/12726/EXP/ES/2015,,23.89,28.35,26.99
2026-08-17,,,,,PL/12725/EXP/ES/2015,,23.59,28.79,27.99
2026-08-17,,,,,PL/12724/EXP/ES/2015,,24.90,30.50,28.50
2026-08-17,,,,,PL/12723/EXP/ES/2015,,23.49,28.19,26.99
2026-08-17,,,,,PL/12722/EXP/ES/2015,,22.99,27.89,25.99
2026-08-17,,,,,PL/12721/EXP/ES/2015,,23.69,26.69,28.35
2026-08-17,,,,,PL/12720/EXP/ES/2015,,23.99,28.84,27.59
2026-08-17,,,,,PL/1272/EXP/ES/2015,,23.99,29.19,28.19
2026-08-17,,,,,PL/12719/EXP/ES/2015,,24.00,29.49,27.70
2026-08-17,,,,,PL/12718/EXP/ES/2015,,23.99,29.49,27.00
2026-08-17,,,,,PL/12717/EXP/ES/2015,,23.99,28.99,27.99
2026-08-17,,,,,PL/12716/EXP/ES/2015,,23.99,27.99,27.00
2026-08-17,,,,,PL/12715/EXP/ES/2015,,23.99,29.25,27.00
2026-08-17,,,,,PL/12714/EXP/ES/2015,,23.04,26.74,26.89
2026-08-17,,,,,PL/12713/EXP/ES/2015,,23.29,27.59,26.79
2026-08-17,,,,,PL/12712/EXP/ES/2015,,20.55,22.89,21.89
2026-08-17,,,,,PL/12711/EXP/ES/2015,,23.98,28.75,26.99
2026-08-17,,,,,PL/12710/EXP/ES/2015,,23.34,27.89,26.99
2026-08-17,,,,,PL/1271/EXP/ES/2015,,23.99,29.99,28.99
2026-08-17,,,,,PL/12709/EXP/ES/2015,,22.75,28.99,25.35
2026-08-17,,,,,PL/12708/EXP/ES/2015,,23.49,27.59,26.99
2026-08-17,,,,,PL/12707/EXP/ES/2015,,23.99,28.25,27.20
2026-08-17,,,,,PL/12706/EXP/ES/2015,,23.99,29.59,27.00
2026-08-17,,,,,PL/12705/EXP/ES/2015,,23.99,29.49,27.00
2026-08-17,,,,,PL/12704/EXP/ES/2015,,24.00,29.00,26.50
2026-08-17,,,,,PL/12703/EXP/ES/2015,,23.99,29.99,
2026-08-17,,,,,PL/12702/EXP/ES/2015,,23.99,28.99,
2026-08-17,,,,,PL/1270/EXP/ES/2015,,23.99,28.98,28.99
2026-08-17,,,,,PL/12699/EXP/ES/2015,,23.17,27.29,
2026-08-17,,,,,PL/12698/EXP/ES/2015,,24.45,28.99,27.95
2026-08-17,,,,,PL/12697/EXP/ES/2015,,23.99,28.89,27.49
2026-08-17,,,,,PL/12696/EXP/ES/2015,,23.95,29.85,27.00
2026-08-17,,,,,PL/12695/EXP/ES/2015,,24.99,29.69,26.99
2026-08-17,,,,,PL/12694/EXP/ES/2015,,23.99,,27.00
2026-08-17,,,,,PL/12693/EXP/ES/2015,,23.99,,27.00
2026-08-17,,,,,PL/12692/EXP/ES/2015,,23.99,,27.00
2026-08-17,,,,,PL/12691/EXP/ES/2015,,20.86,22.19,22.41
2026-08-17,,,,,PL/12690/EXP/ES/2015,,22.37,26.22,
2026-08-17,,,,,PL/1269/EXP/ES/2015,,23.99,28.90,28.99
2026-08-17,,,,,PL/12689/EXP/ES/2015,,19.59,21.29,20.50
2026-08-17,,,,,PL/12688/EXP/ES/2015,,23.45,28.20,27.00
2026-08-17,,,,,PL/12687/EXP/ES/2015,,23.52,27.64,27.25
2026-08-17,,,,,PL/12686/EXP/ES/2015,,23.98,28.55,26.98
2026-08-17,,,,,PL/12684/EXP/ES/2015,,23.45,28.15,26.99
2026-08-17,,,,,PL/12683/EXP/ES/2015,,23.99,29.69,26.99
2026-08-17,,,,,PL/12682/EXP/ES/2015,,19.77,22.99,
2026-08-17,,,,,PL/12680/EXP/ES/2015,,23.98,29.69,27.00
2026-08-17,,,,,PL/1268/EXP/ES/2015,,23.99,28.98,27.00
2026-08-17,,,,,PL/12679/EXP/ES/2015,,24.50,30.50,
2026-08-17,,,,,PL/12678/EXP/ES/2015,,23.97,28.93,26.99
2026-08-17,,,,,PL/12677/EXP/ES/2015,,22.93,28.93,26.93
2026-08-17,,,,,PL/12676/EXP/ES/2015,,24.00,28.99,27.00
2026-08-17,,,,,PL/12675/EXP/ES/2015,,25.00,,28.50
2026-08-17,,,,,PL/12674/EXP/ES/2015,,23.59,27.99,
2026-08-17,,,,,PL/12673/EXP/ES/2015,,23.99,29.69,27.99
2026-08-17,,,,,PL/12672/EXP/ES/2015,,23.99,27.99,
2026-08-17,,,,,PL/12671/EXP/ES/2015,,23.99,29.89,27.00
2026-08-17,,,,,PL/12670/EXP/ES/2015,,23.45,27.70,26.90
2026-08-17,,,,,PL/1267/EXP/ES/2015,,23.99,29.09,28.99
2026-08-17,,,,GASOLINERA MARTÍN S.A. DE C.V.,PL/12669/EXP/ES/2015,Avenida Las Torres No. 6165,22.99,28.39,26.99
2026-08-17,,,,GASOLINERA MARTÍN S.A. DE C.V.,PL/12668/EXP/ES/2015,Avenida Las Torres No. 6140,22.99,28.39,26.99
2026-08-17,,,,,PL/12666/EXP/ES/2015,,21.99,28.59,
2026-08-17,,,,,PL/12665/EXP/ES/2015,,20.99,24.79,
2026-08-17,,,,,PL/12664/EXP/ES/2015,,23.99,,28.18
2026-08-17,,,,,PL/12663/EXP/ES/2015,,23.49,28.49,26.99
2026-08-17,,,,,PL/12662/EXP/ES/2015,,23.49,28.89,
2026-08-17,,,,,PL/12661/EXP/ES/2015,,22.99,28.49,26.99
2026-08-17,,,,,PL/12660/EXP/ES/2015,,23.98,28.70,27.60
2026-08-17,,,,,PL/1266/EXP/ES/2015,,23.99,28.67,28.99
2026-08-17,,,,,PL/12659/EXP/ES/2015,,24.99,29.29,
2026-08-17,,,,,PL/12658/EXP/ES/2015,,23.99,29.29,27.00
2026-08-17,,,,,PL/12657/EXP/ES/2015,,19.11,23.26,
2026-08-17,,,,,PL/12654/EXP/ES/2015,,23.65,29.32,26.99
2026-08-17,,,,,PL/12653/EXP/ES/2015,,24.99,,28.50
2026-08-17,,,,,PL/12652/EXP/ES/2015,,23.85,29.25,26.99
2026-08-17,,,,,PL/12651/EXP/ES/2015,,23.20,29.89,27.00
2026-08-17,,,,,PL/12650/EXP/ES/2015,,24.99,29.99,29.99
2026-08-17,,,,,PL/1265/EXP/ES/2015,,23.99,28.90,28.99
2026-08-17,,,,,PL/12648/EXP/ES/2015,,23.90,29.50,26.70
2026-08-17,,,,,PL/12647/EXP/ES/2015,,24.39,27.94,
2026-08-17,,,,,PL/12645/EXP/ES/2015,,24.99,29.59,27.00
2026-08-17,,,,SERVICIOS GASOLINEROS DE MÉXICO S.A. DE C.V.,PL/12644/EXP/ES/2015,Carretera Tlajomulco - San Miguel Cuyutlán Km 7.70,23.99,29.99,27.00
2026-08-17,,,,,PL/12643/EXP/ES/2015,,23.99,28.99,
2026-08-17,,,,,PL/12642/EXP/ES/2015,,24.00,28.65,27.00
2026-08-17,,,,,PL/12641/EXP/ES/2015,,23.85,28.45,
2026-08-17,,,,,PL/12640/EXP/ES/2015,,23.99,29.29,27.00
2026-08-17,,,,,PL/1264/EXP/ES/2015,,23.99,29.09,28.99
2026-08-17,,,,,PL/12639/EXP/ES/2015,,24.99,29.29,
2026-08-17,,,,,PL/12637/EXP/ES/2015,,24.99,29.59,27.00
2026-08-17,,,,,PL/12636/EXP/ES/2015,,24.99,29.59,27.00
2026-08-17,,,,,PL/12635/EXP/ES/2015,,23.95,28.95,
2026-08-17,,,,,PL/12634/EXP/ES/2015,,24.99,29.29,
2026-08-17,,,,,PL/12633/EXP/ES/2015,,23.99,28.99,26.99
2026-08-17,,,,,PL/12632/EXP/ES/2015,,23.99,28.37,27.00
2026-08-17,,,,,PL/12630/EXP/ES/2015,,23.96,28.15,26.99
2026-08-17,,,,,PL/1263/EXP/ES/2015,,23.99,29.79,28.99
2026-08-17,,,,,PL/12629/EXP/ES/2015,,24.69,29.99,27.00
2026-08-17,,,,,PL/12628/EXP/ES/2015,,23.95,28.70,
2026-08-17,,,,,PL/12626/EXP/ES/2015,,23.99,27.42,27.00
2026-08-17,,,,,PL/12625/EXP/ES/2015,,23.99,,27.40
2026-08-17,,,,,PL/12624/EXP/ES/2015,,23.99,28.39,27.00
2026-08-17,,,,,PL/12623/EXP/ES/2015,,20.97,26.43,
2026-08-17,,,,,PL/12622/EXP/ES/2015,,23.95,28.39,
2026-08-17,,,,,PL/12621/EXP/ES/2015,,22.29,27.39,25.39
2026-08-17,,,,,PL/12620/EXP/ES/2015,,23.70,27.63,26.99
2026-08-17,,,,,PL/1262/EXP/ES/2015,,23.99,29.19,28.19
2026-08-17,,,,,PL/12618/EXP/ES/2015,,23.99,29.29,26.99
2026-08-17,,,,,PL/12617/EXP/ES/2015,,23.99,28.39,26.99
2026-08-17,,,,,PL/12612/EXP/ES/2015,,23.70,28.50,26.99
2026-08-17,,,,,PL/12611/EXP/ES/2015,,24.99,29.99,27.00
2026-08-17,,,,,PL/12610/EXP/ES/2015,,22.68,27.57,
2026-08-17,,,,,PL/1261/EXP/ES/2015,,23.99,28.18,27.00
2026-08-17,,,,,PL/12609/EXP/ES/2015,,23.99,28.79,26.99
2026-08-17,,,,,PL/12608/EXP/ES/2015,,23.99,28.49,29.99
2026-08-17,,,,,PL/12607/EXP/ES/2015,,23.59,,26.89
2026-08-17,,,,,PL/12606/EXP/ES/2015,,20.99,26.90,27.00
2026-08-17,,,,,PL/12604/EXP/ES/2015,,,28.50,
2026-08-17,,,,,PL/12603/EXP/ES/2015,,23.89,27.99,27.00
2026-08-17,,,,,PL/12602/EXP/ES/2015,,23.95,28.55,26.95
2026-08-17,,,,,PL/12601/EXP/ES/2015,,19.89,24.79,25.35
2026-08-17,,,,,PL/12600/EXP/ES/2015,,23.99,29.99,27.00
2026-08-17,,,,,PL/1260/EXP/ES/2015,,24.39,29.88,27.49
2026-08-17,,,,,PL/12599/EXP/ES/2015,,23.99,29.69,27.00
2026-08-17,,,,,PL/12598/EXP/ES/2015,,23.99,,27.00
2026-08-17,,,,,PL/12597/EXP/ES/2015,,23.99,28.99,26.99
2026-08-17,,,,,PL/12596/EXP/ES/2015,,23.95,27.59,26.95
2026-08-17,,,,,PL/12595/EXP/ES/2015,,24.49,29.99,
2026-08-17,,,,,PL/12593/EXP/ES/2015,,24.49,29.99,
2026-08-17,,,,,PL/12592/EXP/ES/2015,,23.99,27.97,27.50
2026-08-17,,,,,PL/12591/EXP/ES/2015,,22.99,27.99,26.97
2026-08-17,,,,,PL/12590/EXP/ES/2015,,23.99,,27.00
2026-08-17,,,,,PL/1259/EXP/ES/2015,,24.39,29.88,27.49
2026-08-17,,,,,PL/12589/EXP/ES/2015,,25.49,27.99,28.99
2026-08-17,,,,,PL/12588/EXP/ES/2015,,22.99,26.99,26.99
2026-08-17,,,,,PL/12587/EXP/ES/2015,,23.99,29.99,27.00
2026-08-17,,,,,PL/12586/EXP/ES/2015,,23.99,29.87,28.00
2026-08-17,,,,,PL/12585/EXP/ES/2015,,23.99,29.87,28.00
2026-08-17,,,,,PL/12584/EXP/ES/2015,,23.99,29.68,27.98
2026-08-17,,,,,PL/12583/EXP/ES/2015,,23.99,28.70,27.00
2026-08-17,,,,,PL/12581/EXP/ES/2015,,23.69,27.99,26.49
2026-08-17,,,,,PL/12580/EXP/ES/2015,,23.59,27.69,27.00
2026-08-17,,,,,PL/1258/EXP/ES/2015,,24.00,29.50,27.00
2026-08-17,,,,,PL/12578/EXP/ES/2015,,23.99,27.97,27.00
2026-08-17,,,,,PL/12577/EXP/ES/2015,,23.70,27.63,26.99
2026-08-17,,,,,PL/12576/EXP/ES/2015,,23.99,28.59,27.00
2026-08-17,,,,,PL/12575/EXP/ES/2015,,22.89,27.99,
2026-08-17,,,,,PL/12574/EXP/ES/2015,,23.18,27.29,
2026-08-17,,,,,PL/12573/EXP/ES/2015,,,27.00,28.00
2026-08-17,,,,,PL/12572/EXP/ES/2015,,23.99,27.99,26.99
2026-08-17,,,,,PL/12571/EXP/ES/2015,,22.99,28.59,
2026-08-17,,,,,PL/12570/EXP/ES/2015,,23.99,25.99,23.89
2026-08-17,,,,,PL/1257/EXP/ES/2015,,23.99,29.10,27.00
2026-08-17,,,,,PL/12569/EXP/ES/2015,,18.99,,25.39
2026-08-17,,,,,PL/12568/EXP/ES/2015,,22.99,28.49,26.99
2026-08-17,,,,,PL/12567/EXP/ES/2015,,24.00,,27.00
2026-08-17,,,,,PL/12566/EXP/ES/2015,,23.89,27.71,26.99
2026-08-17,,,,,PL/12565/EXP/ES/2015,,23.98,29.48,27.00
2026-08-17,,,,,PL/12564/EXP/ES/2015,,23.99,28.99,
2026-08-17,,,,,PL/12563/EXP/ES/2015,,23.99,29.89,27.99
2026-08-17,,,,DERIVADORA DE COMBUSTIBLES DEL NORTE S.A. DE C.V.,PL/12562/EXP/ES/2015,Carretera Colotlán No. 5500,23.99,28.99,26.99
2026-08-17,,,,,PL/12561/EXP/ES/2015,,23.95,27.89,26.99
2026-08-17,,,,,PL/12560/EXP/ES/2015,,23.99,26.99,
2026-08-17,,,,,PL/1256/EXP/ES/2015,,23.99,28.99,28.99
2026-08-17,,,,,PL/12558/EXP/ES/2015,,24.00,29.88,27.00
2026-08-17,,,,,PL/12557/EXP/ES/2015,,24.89,,
2026-08-17,,,,,PL/12556/EXP/ES/2015,,23.50,28.50,27.00
2026-08-17,,,,,PL/12555/EXP/ES/2015,,23.99,27.72,27.00
2026-08-17,,,,,PL/12554/EXP/ES/2015,,23.99,28.99,27.00
2026-08-17,,,,,PL/12553/EXP/ES/2015,,23.99,28.10,27.00
2026-08-17,,,,,PL/12552/EXP/ES/2015,,23.29,28.14,26.99
2026-08-17,,,,,PL/12551/EXP/ES/2015,,23.99,29.99,
2026-08-17,,,,,PL/1255/EXP/ES/2015,,23.99,28.99,28.99
2026-08-17,,,,,PL/1254/EXP/ES/2015,,23.99,28.99,28.99
2026-08-17,,,,,PL/1253/EXP/ES/2015,,23.99,29.09,26.99
2026-08-17,,,,,PL/1252/EXP/ES/2015,,23.99,28.98,26.99
2026-08-17,,,,,PL/1251/EXP/ES/2015,,23.99,29.99,28.99
2026-08-17,,,,,PL/1250/EXP/ES/2015,,23.99,28.99,
2026-08-17,,,,,PL/1249/EXP/ES/2015,,23.99,28.99,28.99
2026-08-17,,,,,PL/1248/EXP/ES/2015,,23.99,28.90,28.99
2026-08-17,,,,,PL/1247/EXP/ES/2015,,23.99,29.99,28.99
2026-08-17,,,,,PL/1246/EXP/ES/2015,,23.99,28.99,
2026-08-17,,,,,PL/1245/EXP/ES/2015,,24.59,29.80,27.39
2026-08-17,,,,,PL/1244/EXP/ES/2015,,24.59,29.80,27.39
2026-08-17,,,,,PL/1243/EXP/ES/2015,,24.59,29.80,27.39
2026-08-17,,,,,PL/1242/EXP/ES/2015,,24.59,29.80,27.39
2026-08-17,,,,,PL/1241/EXP/ES/2015,,23.99,29.49,27.29
2026-08-17,,,,,PL/1240/EXP/ES/2015,,23.99,29.29,
2026-08-17,,,,,PL/1239/EXP/ES/2015,,21.89,27.24,25.39
2026-08-17,,,,,PL/1238/EXP/ES/2015,,22.99,28.49,
2026-08-17,,,,,PL/1237/EXP/ES/2015,,23.99,28.50,27.00
2026-08-17,,,,,PL/1236/EXP/ES/2015,,23.99,28.29,27.00
2026-08-17,,,,,PL/1235/EXP/ES/2015,,22.59,28.49,25.29
2026-08-17,,,,,PL/1234/EXP/ES/2015,,24.28,29.28,27.35
2026-08-17,,,,,PL/1233/EXP/ES/2015,,23.99,28.98,26.99
2026-08-17,,,,,PL/1232/EXP/ES/2015,,23.99,28.89,
2026-08-17,,,,,PL/1231/EXP/ES/2015,,23.99,29.79,26.99
2026-08-17,,,,,PL/1230/EXP/ES/2015,,23.99,29.29,
2026-08-17,,,,,PL/1229/EXP/ES/2015,,23.99,29.19,
2026-08-17,,,,,PL/1228/EXP/ES/2015,,23.99,28.79,27.00
2026-08-17,,,,,PL/1227/EXP/ES/2015,,23.49,28.40,26.99
2026-08-17,,,,,PL/1226/EXP/ES/2015,,23.99,28.99,
2026-08-17,,,,,PL/1225/EXP/ES/2015,,23.99,28.18,
2026-08-17,,,,,PL/1224/EXP/ES/2015,,23.59,27.99,
2026-08-17,,,,,PL/1223/EXP/ES/2015,,23.99,29.59,
2026-08-17,,,,GOPRA S.A. DE C.V.,PL/1222/EXP/ES/2015,Carretera San Isidro Mazatepec No. 798,23.99,29.29,27.00
2026-08-17,,,,,PL/1221/EXP/ES/2015,,23.95,28.94,27.00
2026-08-17,,,,,PL/1220/EXP/ES/2015,,23.95,28.94,27.00
2026-08-17,,,,,PL/1219/EXP/ES/2015,,23.98,29.54,28.80
2026-08-17,,,,,PL/1218/EXP/ES/2015,,23.99,28.69,
2026-08-17,,,,,PL/1217/EXP/ES/2015,,23.99,28.74,27.49
2026-08-17,,,,,PL/1216/EXP/ES/2015,,23.99,28.50,27.00
2026-08-17,,,,,PL/1215/EXP/ES/2015,,23.99,29.99,27.00
2026-08-17,,,,,PL/1214/EXP/ES/2015,,23.99,29.99,
2026-08-17,,,,,PL/1213/EXP/ES/2015,,23.99,29.99,
2026-08-17,,,,,PL/1212/EXP/ES/2015,,23.99,28.90,26.99
2026-08-17,,,,,PL/1211/EXP/ES/2015,,23.73,28.38,
2026-08-17,,,,,PL/1210/EXP/ES/2015,,23.99,29.89,27.00
2026-08-17,,,,,PL/1209/EXP/ES/2015,,23.99,28.99,
2026-08-17,,,,,PL/12082/EXP/ES/2015,,25.99,,
2026-08-17,,,,,PL/12081/EXP/ES/2015,,23.80,27.98,
2026-08-17,,,,,PL/1208/EXP/ES/2015,,23.79,28.99,27.00
2026-08-17,,,,,PL/12079/EXP/ES/2015,,23.99,,26.97
2026-08-17,,,,,PL/12078/EXP/ES/2015,,23.99,28.49,27.29
2026-08-17,,,,,PL/12077/EXP/ES/2015,,23.74,27.13,27.30
2026-08-17,,,,,PL/12076/EXP/ES/2015,,23.32,26.88,26.68
2026-08-17,,,,,PL/12075/EXP/ES/2015,,27.74,27.99,26.99
2026-08-17,,,,,PL/12074/EXP/ES/2015,,23.99,28.50,26.99
2026-08-17,,,,,PL/12073/EXP/ES/2015,,22.19,26.99,25.19
2026-08-17,,,,,PL/12072/EXP/ES/2015,,23.79,27.50,25.81
2026-08-17,,,,,PL/12070/EXP/ES/2015,,23.88,28.88,26.98
2026-08-17,,,,,PL/1207/EXP/ES/2015,,23.99,29.99,
2026-08-17,,,,,PL/12067/EXP/ES/2015,,23.25,28.28,
2026-08-17,,,,,PL/12065/EXP/ES/2015,,22.00,22.00,23.00
2026-08-17,,,,,PL/12064/EXP/ES/2015,,23.90,28.30,27.00
2026-08-17,,,,,PL/12063/EXP/ES/2015,,23.99,29.59,27.00
2026-08-17,,,,,PL/12062/EXP/ES/2015,,23.98,29.60,27.00
2026-08-17,,,,,PL/12061/EXP/ES/2015,,23.99,29.39,27.00
2026-08-17,,,,,PL/12060/EXP/ES/2015,,23.98,,27.00
2026-08-17,,,,,PL/1206/EXP/ES/2015,,23.89,28.95,26.99
2026-08-17,,,,,PL/12059/EXP/ES/2015,,24.69,28.14,27.49
2026-08-17,,,,,PL/12058/EXP/ES/2015,,23.88,28.98,26.98
2026-08-17,,,,,PL/12057/EXP/ES/2015,,23.99,29.99,27.49
2026-08-17,,,,,PL/12056/EXP/ES/2015,,24.39,29.89,26.99
2026-08-17,,,,,PL/12055/EXP/ES/2015,,23.98,29.61,27.00
2026-08-17,,,,,PL/12054/EXP/ES/2015,,23.09,26.89,26.99
2026-08-17,,,,,PL/12053/EXP/ES/2015,,23.61,28.14,27.00
2026-08-17,,,,,PL/12051/EXP/ES/2015,,19.35,25.50,26.50
2026-08-17,,,,,PL/12050/EXP/ES/2015,,24.00,,27.00
2026-08-17,,,,,PL/1205/EXP/ES/2015,,23.29,27.89,26.99
2026-08-17,,,,,PL/12049/EXP/ES/2015,,19.45,25.79,26.99
2026-08-17,,,,,PL/12048/EXP/ES/2015,,23.98,,26.99
2026-08-17,,,,,PL/12047/EXP/ES/2015,,,28.83,27.43
2026-08-17,,,,,PL/12045/EXP/ES/2015,,23.89,,25.40
2026-08-17,,,,,PL/12044/EXP/ES/2015,,24.99,,
2026-08-17,,,,,PL/12043/EXP/ES/2015,,23.99,29.19,
2026-08-17,,,,,PL/12042/EXP/ES/2015,,23.99,29.99,27.00
2026-08-17,,,,ESTACIÓN DE SERVICIO PEGASO S.A. DE C.V.,PL/12041/EXP/ES/2015,Avenida López Mateos No. 3201,23.99,28.99,
2026-08-17,,,,,PL/12040/EXP/ES/2015,,23.99,29.29,
2026-08-17,,,,,PL/1204/EXP/ES/2015,,23.49,24.99,25.99
2026-08-17,,,,,PL/12039/EXP/ES/2015,,23.89,28.99,26.99
2026-08-17,,,,,PL/12037/EXP/ES/2015,,23.79,28.49,26.99
2026-08-17,,,,,PL/12035/EXP/ES/2015,,22.99,28.99,
2026-08-17,,,,,PL/12034/EXP/ES/2015,,23.99,28.99,27.00
2026-08-17,,,,,PL/12033/EXP/ES/2015,,23.99,28.86,27.00
2026-08-17,,,,,PL/12032/EXP/ES/2015,,23.99,28.55,
2026-08-17,,,,,PL/12031/EXP/ES/2015,,20.99,23.89,
2026-08-17,,,,,PL/1203/EXP/ES/2015,,24.00,29.79,27.00
2026-08-17,,,,,PL/12029/EXP/ES/2015,,22.99,27.94,26.99
2026-08-17,,,,,PL/12027/EXP/ES/2015,,23.99,29.58,26.99
2026-08-17,,,,,PL/12025/EXP/ES/2015,,24.00,,27.50
2026-08-17,,,,,PL/12024/EXP/ES/2015,,,29.99,28.22
2026-08-17,,,,,PL/12023/EXP/ES/2015,,23.99,27.69,27.00
2026-08-17,,,,,PL/12022/EXP/ES/2015,,23.32,28.49,26.99
2026-08-17,,,,,PL/12021/EXP/ES/2015,,22.99,28.14,26.99
2026-08-17,,,,,PL/12020/EXP/ES/2015,,23.69,28.29,
2026-08-17,,,,,PL/1202/EXP/ES/2015,,23.39,27.89,26.99
2026-08-17,,,,,PL/12019/EXP/ES/2015,,24.79,28.99,29.55
2026-08-17,,,,,PL/12018/EXP/ES/2015,,23.99,28.35,27.54
2026-08-17,,,,,PL/12017/EXP/ES/2015,,23.69,28.29,
2026-08-17,,,,,PL/12016/EXP/ES/2015,,23.70,26.99,27.00
2026-08-17,,,,,PL/12015/EXP/ES/2015,,20.69,24.59,26.09
2026-08-17,,,,,PL/12014/EXP/ES/2015,,23.99,28.24,27.00
2026-08-17,,,,,PL/12013/EXP/ES/2015,,23.99,29.35,26.99
2026-08-17,,,,,PL/12012/EXP/ES/2015,,23.60,28.50,27.00
2026-08-17,,,,,PL/12011/EXP/ES/2015,,23.99,28.58,27.00
2026-08-17,,,,,PL/12010/EXP/ES/2015,,,28.55,28.69
2026-08-17,,,,,PL/1201/EXP/ES/2015,,23.89,28.95,
2026-08-17,,,,,PL/12009/EXP/ES/2015,,23.99,28.49,26.99
2026-08-17,,,,,PL/12008/EXP/ES/2015,,23.99,27.89,27.00
2026-08-17,,,,,PL/12007/EXP/ES/2015,,24.00,29.89,
2026-08-17,,,,,PL/12006/EXP/ES/2015,,23.80,,27.00
2026-08-17,,,,,PL/12004/EXP/ES/2015,,23.97,27.68,27.00
2026-08-17,,,,,PL/12003/EXP/ES/2015,,21.75,26.99,
2026-08-17,,,,,PL/12002/EXP/ES/2015,,23.95,28.13,27.00
2026-08-17,,,,,PL/12001/EXP/ES/2015,,23.99,29.79,27.00
2026-08-17,,,,,PL/12000/EXP/ES/2015,,20.19,17.89,26.99
2026-08-17,,,,,PL/1200/EXP/ES/2015,,23.99,29.79,27.00
2026-08-17,,,,,PL/11999/EXP/ES/2015,,20.19,22.99,26.99
2026-08-17,,,,,PL/11998/EXP/ES/2015,,23.99,28.19,27.00
2026-08-17,,,,,PL/11997/EXP/ES/2015,,23.99,29.29,26.99
2026-08-17,,,,,PL/11996/EXP/ES/2015,,23.99,29.29,26.99
2026-08-17,,,,,PL/11995/EXP/ES/2015,,23.79,28.98,27.00
2026-08-17,,,,,PL/11994/EXP/ES/2015,,23.99,28.95,27.00
2026-08-17,,,,,PL/11993/EXP/ES/2015,,23.90,27.35,
2026-08-17,,,,,PL/11992/EXP/ES/2015,,23.99,28.49,
2026-08-17,,,,,PL/11991/EXP/ES/2015,,23.99,29.59,
2026-08-17,,,,,PL/11990/EXP/ES/2015,,23.95,28.95,27.00
2026-08-17,,,,,PL/1199/EXP/ES/2015,,23.90,28.80,27.00
2026-08-17,,,,,PL/11989/EXP/ES/2015,,23.99,28.39,27.89
2026-08-17,,,,,PL/11988/EXP/ES/2015,,23.99,27.85,27.00
2026-08-17,,,,,PL/11987/EXP/ES/2015,,23.95,28.50,27.00
2026-08-17,,,,,PL/11986/EXP/ES/2015,,24.40,,
2026-08-17,,,,,PL/11985/EXP/ES/2015,,23.79,27.99,27.00
2026-08-17,,,,,PL/11983/EXP/ES/2015,,22.99,26.99,
2026-08-17,,,,,PL/11982/EXP/ES/2015,,24.00,,27.00
2026-08-17,,,,,PL/11981/EXP/ES/2015,,21.99,24.99,
2026-08-17,,,,,PL/11980/EXP/ES/2015,,21.99,24.99,
2026-08-17,,,,,PL/1198/EXP/ES/2015,,23.99,29.99,27.00
2026-08-17,,,,,PL/11979/EXP/ES/2015,,23.99,25.99,26.99
2026-08-17,,,,,PL/11978/EXP/ES/2015,,23.99,28.99,26.99
2026-08-17,,,,,PL/11977/EXP/ES/2015,,23.99,28.99,26.99
2026-08-17,,,,,PL/11976/EXP/ES/2015,,23.99,,26.99
2026-08-17,,,,,PL/11975/EXP/ES/2015,,23.99,28.99,26.99
2026-08-17,,,,,PL/11974/EXP/ES/2015,,23.99,26.29,24.89
2026-08-17,,,,,PL/11971/EXP/ES/2015,,23.50,29.21,
2026-08-17,,,,,PL/11970/EXP/ES/2015,,23.99,28.84,27.00
2026-08-17,,,,,PL/1197/EXP/ES/2015,,23.89,28.49,27.00
2026-08-17,,,,,PL/11968/EXP/ES/2015,,23.79,28.57,
2026-08-17,,,,,PL/11967/EXP/ES/2015,,23.99,29.30,
2026-08-17,,,,,PL/11965/EXP/ES/2015,,24.79,29.89,27.99
2026-08-17,,,,,PL/11964/EXP/ES/2015,,24.75,29.89,
2026-08-17,,,,,PL/11963/EXP/ES/2015,,24.99,29.89,27.99
2026-08-17,,,,,PL/11962/EXP/ES/2015,,24.50,30.50,27.00
2026-08-17,,,,,PL/11961/EXP/ES/2015,,23.99,,26.99
2026-08-17,,,,,PL/11960/EXP/ES/2015,,23.99,,26.99
2026-08-17,,,,,PL/1196/EXP/ES/2015,,24.49,29.49,27.99
2026-08-17,,,,,PL/11959/EXP/ES/2015,,24.00,28.80,27.00
2026-08-17,,,,,PL/11958/EXP/ES/2015,,23.99,29.29,
2026-08-17,,,,,PL/11957/EXP/ES/2015,,23.99,28.19,
2026-08-17,,,,,PL/11956/EXP/ES/2015,,23.33,27.64,27.19
2026-08-17,,,,,PL/11955/EXP/ES/2015,,23.30,28.20,26.95
2026-08-17,,,,,PL/11954/EXP/ES/2015,,23.99,28.99,26.99
2026-08-17,,,,,PL/11953/EXP/ES/2015,,23.45,27.80,27.00
2026-08-17,,,,,PL/11951/EXP/ES/2015,,24.49,29.99,26.99
2026-08-17,,,,,PL/11950/EXP/ES/2015,,23.99,29.89,27.49
2026-08-17,,,,,PL/1195/EXP/ES/2015,,23.97,29.55,
2026-08-17,,,,,PL/11949/EXP/ES/2015,,23.99,28.80,27.40
2026-08-17,,,,,PL/11948/EXP/ES/2015,,23.95,28.29,27.00
2026-08-17,,,,,PL/11947/EXP/ES/2015,,22.99,28.49,26.99
2026-08-17,,,,,PL/11946/EXP/ES/2015,,24.54,,27.00
2026-08-17,,,,,PL/11945/EXP/ES/2015,,23.99,28.30,26.99
2026-08-17,,,,,PL/11944/EXP/ES/2015,,24.79,29.99,27.99
2026-08-17,,,,,PL/11943/EXP/ES/2015,,23.99,28.99,26.99
2026-08-17,,,,,PL/11942/EXP/ES/2015,,23.35,28.30,26.99
2026-08-17,,,,,PL/11941/EXP/ES/2015,,23.99,29.71,28.00
2026-08-17,,,,,PL/11940/EXP/ES/2015,,23.21,27.89,26.99
2026-08-17,,,,,PL/1194/EXP/ES/2015,,23.99,29.89,27.00
2026-08-17,,,,,PL/11939/EXP/ES/2015,,23.99,29.24,27.00
2026-08-17,,,,,PL/11938/EXP/ES/2015,,23.99,,27.00
2026-08-17,,,,,PL/11937/EXP/ES/2015,,23.80,27.99,26.90
2026-08-17,,,,,PL/1193/EXP/ES/2015,,23.99,29.89,27.00
2026-08-17,,,,,PL/1192/EXP/ES/2015,,23.89,28.95,26.99
2026-08-17,,,,,PL/1191/EXP/ES/2015,,23.99,29.99,27.00
2026-08-17,,,,,PL/1190/EXP/ES/2015,,23.89,28.95,26.99
2026-08-17,,,,,PL/1189/EXP/ES/2015,,22.55,28.99,
2026-08-17,,,,,PL/1188/EXP/ES/2015,,23.79,28.29,
2026-08-17,,,,,PL/1187/EXP/ES/2015,,23.99,29.59,27.00
2026-08-17,,,,,PL/1186/EXP/ES/2015,,23.75,28.50,27.00
2026-08-17,,,,,PL/1185/EXP/ES/2015,,23.99,28.24,27.00
2026-08-17,,,,,PL/1184/EXP/ES/2015,,23.99,29.99,27.00
2026-08-17,,,,,PL/1183/EXP/ES/2015,,23.99,29.99,27.00
2026-08-17,,,,,PL/1182/EXP/ES/2015,,23.99,29.99,27.00
2026-08-17,,,,,PL/1181/EXP/ES/2015,,22.49,28.25,25.39
2026-08-17,,,,,PL/1180/EXP/ES/2015,,23.89,28.95,26.99
2026-08-17,,,,,PL/1179/EXP/ES/2015,,25.39,28.98,
2026-08-17,,,,,PL/1178/EXP/ES/2015,,23.99,29.99,
2026-08-17,,,,,PL/1177/EXP/ES/2015,,23.95,29.28,
2026-08-17,,,,,PL/1176/EXP/ES/2015,,23.99,29.99,
2026-08-17,,,,,PL/1175/EXP/ES/2015,,25.39,28.99,28.28
2026-08-17,,,,,PL/1174/EXP/ES/2015,,25.39,28.98,
2026-08-17,,,,,PL/1173/EXP/ES/2015,,23.99,28.99,27.00
2026-08-17,,,,,PL/1172/EXP/ES/2015,,23.99,27.99,27.00
2026-08-17,,,,,PL/1171/EXP/ES/2015,,23.99,29.99,27.00
2026-08-17,,,,,PL/1170/EXP/ES/2015,,23.99,29.09,
2026-08-17,,,,,PL/1169/EXP/ES/2015,,23.99,28.99,27.00
2026-08-17,,,,,PL/1168/EXP/ES/2015,,23.99,28.79,
2026-08-17,,,,,PL/1167/EXP/ES/2015,,23.99,29.29,26.99
2026-08-17,,,,,PL/1166/EXP/ES/2015,,23.99,29.59,
2026-08-17,,,,,PL/1165/EXP/ES/2015,,23.99,29.59,
2026-08-17,,,,,PL/1164/EXP/ES/2015,,24.59,,27.00
2026-08-17,,,,,PL/1163/EXP/ES/2015,,23.99,29.99,27.00
2026-08-17,,,,,PL/1162/EXP/ES/2015,,23.89,28.95,26.99
2026-08-17,,,,,PL/1161/EXP/ES/2015,,23.35,27.79,
2026-08-17,,,,,PL/1160/EXP/ES/2015,,23.99,29.98,27.00
2026-08-17,,,,,PL/1159/EXP/ES/2015,,24.99,29.69,26.99
2026-08-17,,,,,PL/1158/EXP/ES/2015,,24.00,28.99,27.00
2026-08-17,,,,,PL/1157/EXP/ES/2015,,23.85,28.54,
2026-08-17,,,,,PL/1156/EXP/ES/2015,,22.95,26.97,
2026-08-17,,,,,PL/1155/EXP/ES/2015,,23.99,27.79,
2026-08-17,,,,,PL/1154/EXP/ES/2015,,24.00,29.00,27.00
2026-08-17,,,,,PL/1153/EXP/ES/2015,,23.38,28.09,26.99
2026-08-17,,,,,PL/11523/EXP/ES/2015,,23.99,29.49,26.99
2026-08-17,,,,,PL/11522/EXP/ES/2015,,23.29,28.49,
2026-08-17,,,,,PL/11521/EXP/ES/2015,,24.49,29.49,26.99
2026-08-17,,,,,PL/11520/EXP/ES/2015,,23.29,28.49,
2026-08-17,,,,,PL/1152/EXP/ES/2015,,23.99,29.14,27.35
2026-08-17,,,,,PL/11519/EXP/ES/2015,,23.29,28.49,27.49
2026-08-17,,,,,PL/11518/EXP/ES/2015,,23.99,29.99,27.00
2026-08-17,,,,,PL/11516/EXP/ES/2015,,24.99,29.49,27.99
2026-08-17,,,,,PL/11515/EXP/ES/2015,,20.98,24.79,25.39
2026-08-17,,,,,PL/11514/EXP/ES/2015,,24.49,29.49,
2026-08-17,,,,,PL/11513/EXP/ES/2015,,24.99,29.49,26.99
2026-08-17,,,,,PL/11512/EXP/ES/2015,,24.99,29.49,26.99
2026-08-17,,,,,PL/11511/EXP/ES/2015,,23.49,,27.00
2026-08-17,,,,,PL/1151/EXP/ES/2015,,23.99,28.98,
2026-08-17,,,,,PL/11509/EXP/ES/2015,,23.79,27.89,
2026-08-17,,,,,PL/11507/EXP/ES/2015,,22.99,27.50,26.69
2026-08-17,,,,,PL/11505/EXP/ES/2015,,23.79,27.89,
2026-08-17,,,,,PL/11503/EXP/ES/2015,,23.29,28.49,
2026-08-17,,,,,PL/11502/EXP/ES/2015,,23.99,28.30,26.99
2026-08-17,,,,,PL/1150/EXP/ES/2015,,23.99,29.20,27.00
2026-08-17,,,,,PL/11499/EXP/ES/2015,,23.99,28.60,27.00
2026-08-17,,,,,PL/11498/EXP/ES/2015,,23.99,29.39,26.99
2026-08-17,,,,,PL/11495/EXP/ES/2015,,23.86,27.99,26.99
2026-08-17,,,,,PL/11492/EXP/ES/2015,,23.99,28.50,27.00
2026-08-17,,,,,PL/11491/EXP/ES/2015,,23.79,27.19,26.99
2026-08-17,,,,,PL/11490/EXP/ES/2015,,20.69,24.59,26.09
2026-08-17,,,,,PL/1149/EXP/ES/2015,,23.90,28.80,27.00
2026-08-17,,,,,PL/11489/EXP/ES/2015,,23.99,,27.00
2026-08-17,,,,,PL/11488/EXP/ES/2015,,22.99,28.99,25.99
2026-08-17,,,,,PL/11487/EXP/ES/2015,,23.99,27.99,
2026-08-17,,,,,PL/11486/EXP/ES/2015,,24.00,28.49,27.09
2026-08-17,,,,,PL/11484/EXP/ES/2015,,23.89,28.73,
2026-08-17,,,,,PL/11483/EXP/ES/2015,,24.00,,27.09
2026-08-17,,,,,PL/11482/EXP/ES/2015,,24.99,29.99,27.00
2026-08-17,,,,,PL/11481/EXP/ES/2015,,23.89,28.45,
2026-08-17,,,,,PL/11480/EXP/ES/2015,,23.99,29.29,27.00
2026-08-17,,,,,PL/1148/EXP/ES/2015,,23.99,29.20,27.00
2026-08-17,,,,,PL/11479/EXP/ES/2015,,22.97,28.49,26.99
2026-08-17,,,,,PL/11478/EXP/ES/2015,,23.99,29.99,
2026-08-17,,,,,PL/11477/EXP/ES/2015,,24.39,27.94,
2026-08-17,,,,,PL/11475/EXP/ES/2015,,23.83,27.99,
2026-08-17,,,,,PL/11474/EXP/ES/2015,,23.83,27.99,27.00
2026-08-17,,,,,PL/11473/EXP/ES/2015,,22.69,26.99,26.85
2026-08-17,,,,,PL/11472/EXP/ES/2015,,24.99,29.99,27.00
2026-08-17,,,,,PL/11471/EXP/ES/2015,,24.69,29.99,26.99
2026-08-17,,,,,PL/11470/EXP/ES/2015,,23.98,28.08,27.00
2026-08-17,,,,,PL/11469/EXP/ES/2015,,23.58,27.70,
2026-08-17,,,,,PL/11467/EXP/ES/2015,,23.95,28.10,26.99
2026-08-17,,,,,PL/11466/EXP/ES/2015,,24.00,,27.00
2026-08-17,,,,,PL/11465/EXP/ES/2015,,23.90,26.90,26.99
2026-08-17,,,,,PL/11464/EXP/ES/2015,,23.59,,27.00
2026-08-17,,,,,PL/11463/EXP/ES/2015,,23.99,29.39,26.99
2026-08-17,,,,,PL/11462/EXP/ES/2015,,19.99,,25.39
2026-08-17,,,,,PL/11461/EXP/ES/2015,,24.09,29.29,27.49
2026-08-17,,,,,PL/11460/EXP/ES/2015,,24.09,29.29,27.49
2026-08-17,,,,,PL/1146/EXP/ES/2015,,23.79,28.79,26.99
2026-08-17,,,,,PL/11459/EXP/ES/2015,,23.99,,27.00
2026-08-17,,,,,PL/11458/EXP/ES/2015,,23.60,26.90,26.99
2026-08-17,,,,,PL/11457/EXP/ES/2015,,25.29,,27.79
2026-08-17,,,,,PL/11456/EXP/ES/2015,,23.99,,27.00
2026-08-17,,,,,PL/11454/EXP/ES/2015,,23.89,28.49,
2026-08-17,,,,,PL/11453/EXP/ES/2015,,23.97,29.97,26.97
2026-08-17,,,,,PL/11452/EXP/ES/2015,,23.89,27.71,
2026-08-17,,,,,PL/11451/EXP/ES/2015,,23.99,28.90,27.50
2026-08-17,,,,,PL/11450/EXP/ES/2015,,24.00,28.98,27.80
2026-08-17,,,,,PL/1145/EXP/ES/2015,,23.99,28.39,26.99
2026-08-17,,,,,PL/11449/EXP/ES/2015,,23.99,28.50,26.97
2026-08-17,,,,,PL/11448/EXP/ES/2015,,23.99,29.99,27.00
2026-08-17,,,,,PL/11447/EXP/ES/2015,,23.99,29.99,27.00
2026-08-17,,,,,PL/11446/EXP/ES/2015,,22.89,28.79,
2026-08-17,,,,,PL/11445/EXP/ES/2015,,23.99,28.90,26.99
2026-08-17,,,,,PL/11443/EXP/ES/2015,,23.99,26.99,25.99
2026-08-17,,,,,PL/11442/EXP/ES/2015,,23.99,29.99,
2026-08-17,,,,,PL/11441/EXP/ES/2015,,23.99,28.85,27.00
2026-08-17,,,,,PL/11440/EXP/ES/2015,,23.99,27.99,
2026-08-17,,,,,PL/1144/EXP/ES/2015,,24.29,28.79,
2026-08-17,,,,,PL/11439/EXP/ES/2015,,20.89,,
2026-08-17,,,,,PL/11438/EXP/ES/2015,,23.99,28.80,27.40
2026-08-17,,,,,PL/11437/EXP/ES/2015,,24.00,29.50,27.00
2026-08-17,,,,,PL/11436/EXP/ES/2015,,23.99,27.98,25.39
2026-08-17,,,,,PL/11435/EXP/ES/2015,,24.00,28.94,27.00
2026-08-17,,,,,PL/11434/EXP/ES/2015,,23.70,28.75,26.99
2026-08-17,,,,,PL/11433/EXP/ES/2015,,24.00,28.94,27.00
2026-08-17,,,,,PL/11432/EXP/ES/2015,,22.90,28.50,
2026-08-17,,,,,PL/11431/EXP/ES/2015,,23.98,29.58,27.00
2026-08-17,,,,,PL/11430/EXP/ES/2015,,23.99,29.99,
2026-08-17,,,,,PL/1143/EXP/ES/2015,,23.90,,27.00
2026-08-17,,,,,PL/11429/EXP/ES/2015,,21.29,24.99,25.39
2026-08-17,,,,,PL/11428/EXP/ES/2015,,23.99,28.87,26.99
2026-08-17,,,,,PL/11427/EXP/ES/2015,,23.99,29.86,26.99
2026-08-17,,,,,PL/11425/EXP/ES/2015,,23.90,28.70,27.00
2026-08-17,,,,,PL/11423/EXP/ES/2015,,23.99,27.99,26.99
2026-08-17,,,,,PL/11422/EXP/ES/2015,,23.99,29.27,27.00
2026-08-17,,,,,PL/11421/EXP/ES/2015,,24.50,30.50,
2026-08-17,,,,,PL/11420/EXP/ES/2015,,24.75,,27.99
2026-08-17,,,,,PL/1142/EXP/ES/2015,,23.39,27.99,
2026-08-17,,,,,PL/11419/EXP/ES/2015,,23.99,29.99,26.85
2026-08-17,,,,,PL/11418/EXP/ES/2015,,23.89,28.40,27.00
2026-08-17,,,,,PL/11417/EXP/ES/2015,,23.95,27.55,27.00
2026-08-17,,,,,PL/11416/EXP/ES/2015,,23.99,29.69,
2026-08-17,,,,,PL/11415/EXP/ES/2015,,23.53,27.99,27.00
2026-08-17,,,,,PL/11414/EXP/ES/2015,,24.49,29.99,26.99
2026-08-17,,,,,PL/11412/EXP/ES/2015,,24.00,27.42,27.00
2026-08-17,,,,,PL/11411/EXP/ES/2015,,23.99,29.10,27.00
2026-08-17,,,,,PL/11410/EXP/ES/2015,,21.29,24.79,25.39
2026-08-17,,,,,PL/1141/EXP/ES/2015,,24.99,29.69,26.99
2026-08-17,,,,,PL/11409/EXP/ES/2015,,18.99,,23.99
2026-08-17,,,,,PL/11408/EXP/ES/2015,,21.29,,27.00
2026-08-17,,,,,PL/11407/EXP/ES/2015,,23.99,29.89,27.00
2026-08-17,,,,,PL/11406/EXP/ES/2015,,23.99,28.99,27.79
2026-08-17,,,,,PL/11405/EXP/ES/2015,,22.99,27.99,26.99
2026-08-17,,,,,PL/11404/EXP/ES/2015,,24.69,29.99,26.98
2026-08-17,,,,,PL/11402/EXP/ES/2015,,24.00,28.70,
2026-08-17,,,,,PL/11401/EXP/ES/2015,,24.00,28.94,27.00
2026-08-17,,,,,PL/11400/EXP/ES/2015,,23.99,29.10,27.00
2026-08-17,,,,,PL/1140/EXP/ES/2015,,23.02,27.60,26.74
2026-08-17,,,,GASOLINERA DIAL S.A. DE C.V.,PL/11397/EXP/ES/2015,Prolongación López Mateos Sur No. 807,23.87,28.97,27.29
2026-08-17,,,,,PL/11396/EXP/ES/2015,,23.49,,26.99
2026-08-17,,,,,PL/11395/EXP/ES/2015,,23.59,27.99,26.99
2026-08-17,,,,,PL/11393/EXP/ES/2015,,23.89,28.35,
2026-08-17,,,,,PL/11392/EXP/ES/2015,,,28.78,26.99
2026-08-17,,,,,PL/11391/EXP/ES/2015,,23.19,27.84,27.00
2026-08-17,,,,,PL/11390/EXP/ES/2015,,23.79,27.99,27.00
2026-08-17,,,,,PL/1139/EXP/ES/2015,,23.79,28.39,26.99
2026-08-17,,,,,PL/11389/EXP/ES/2015,,23.99,28.94,27.00
2026-08-17,,,,,PL/11388/EXP/ES/2015,,23.99,,27.00
2026-08-17,,,,,PL/11387/EXP/ES/2015,,23.99,29.29,27.00
2026-08-17,,,,,PL/11386/EXP/ES/2015,,24.69,29.99,
2026-08-17,,,,,PL/11385/EXP/ES/2015,,23.97,27.99,26.99
2026-08-17,,,,,PL/11384/EXP/ES/2015,,24.29,,
2026-08-17,,,,,PL/11382/EXP/ES/2015,,23.99,28.23,27.49
2026-08-17,,,,,PL/11381/EXP/ES/2015,,23.99,27.73,27.49
2026-08-17,,,,,PL/11380/EXP/ES/2015,,23.99,28.36,27.00
2026-08-17,,,,,PL/1138/EXP/ES/2015,,23.99,29.49,
2026-08-17,,,,,PL/11379/EXP/ES/2015,,23.99,28.99,27.00
2026-08-17,,,,SERVICIOS GASOLINEROS DE MÉXICO S.A. DE C.V.,PL/11378/EXP/ES/2015,Avenida de La Patria No. 1570,23.99,29.99,27.00
2026-08-17,,,,SERVICIOS GASOLINEROS DE MÉXICO S.A. DE C.V.,PL/11377/EXP/ES/2015,Avenida Patria No. 1350,23.99,29.99,
2026-08-17,,,,,PL/11376/EXP/ES/2015,,23.99,29.99,
2026-08-17,,,,,PL/11371/EXP/ES/2015,,23.99,27.29,27.19
2026-08-17,,,,,PL/11370/EXP/ES/2015,,23.80,,26.99
2026-08-17,,,,,PL/1137/EXP/ES/2015,,23.99,29.25,27.00
2026-08-17,,,,,PL/11369/EXP/ES/2015,,23.83,27.99,27.00
2026-08-17,,,,,PL/11368/EXP/ES/2015,,23.39,23.39,24.94
2026-08-17,,,,,PL/11367/EXP/ES/2015,,23.99,28.57,27.00
2026-08-17,,,,GASOLINERA MARTÍN S.A. DE C.V.,PL/11366/EXP/ES/2015,Prolongación Mariano Otero No. 79,22.99,28.39,26.99
2026-08-17,,,,,PL/11365/EXP/ES/2015,,24.45,29.05,28.05
2026-08-17,,,,,PL/11364/EXP/ES/2015,,23.86,28.91,26.95
2026-08-17,,,,,PL/11362/EXP/ES/2015,,23.99,26.99,
2026-08-17,,,,,PL/11361/EXP/ES/2015,,23.86,28.91,26.95
2026-08-17,,,,,PL/11360/EXP/ES/2015,,23.99,28.49,26.99
2026-08-17,,,,,PL/1136/EXP/ES/2015,,22.93,27.93,26.93
2026-08-17,,,,,PL/11359/EXP/ES/2015,,23.89,27.71,
2026-08-17,,,,,PL/11358/EXP/ES/2015,,23.98,28.90,
2026-08-17,,,,,PL/11357/EXP/ES/2015,,23.99,28.59,27.00
2026-08-17,,,,,PL/11356/EXP/ES/2015,,23.99,28.59,27.00
2026-08-17,,,,,PL/11355/EXP/ES/2015,,23.99,28.89,27.00
2026-08-17,,,,,PL/11354/EXP/ES/2015,,23.99,28.39,27.00
2026-08-17,,,,,PL/11353/EXP/ES/2015,,23.70,27.20,26.80
2026-08-17,,,,,PL/11352/EXP/ES/2015,,23.75,28.49,27.15
2026-08-17,,,,,PL/11351/EXP/ES/2015,,22.99,28.49,26.99
2026-08-17,,,,,PL/11350/EXP/ES/2015,,23.99,28.69,27.00
2026-08-17,,,,,PL/1135/EXP/ES/2015,,23.99,27.76,27.00
2026-08-17,,,,,PL/11349/EXP/ES/2015,,24.75,,27.99
2026-08-17,,,,,PL/11348/EXP/ES/2015,,23.99,28.60,27.00
2026-08-17,,,,,PL/11347/EXP/ES/2015,,23.79,28.99,26.99
2026-08-17,,,,,PL/11346/EXP/ES/2015,,23.69,,26.99
2026-08-17,,,,,PL/11345/EXP/ES/2015,,23.99,29.49,
2026-08-17,,,,,PL/11344/EXP/ES/2015,,23.99,27.99,
2026-08-17,,,,,PL/11343/EXP/ES/2015,,23.70,28.99,26.99
2026-08-17,,,,,PL/11342/EXP/ES/2015,,19.99,25.99,
2026-08-17,,,,,PL/11341/EXP/ES/2015,,23.99,27.79,27.00
2026-08-17,,,,,PL/11340/EXP/ES/2015,,23.99,28.29,
2026-08-17,,,,,PL/1134/EXP/ES/2015,,24.49,29.79,27.00
2026-08-17,,,,,PL/11339/EXP/ES/2015,,23.99,29.25,26.99
2026-08-17,,,,,PL/11338/EXP/ES/2015,,23.99,28.99,27.25
2026-08-17,,,,,PL/11337/EXP/ES/2015,,22.99,27.89,26.99
2026-08-17,,,,,PL/11336/EXP/ES/2015,,20.99,26.90,27.00
2026-08-17,,,,,PL/11335/EXP/ES/2015,,22.99,29.69,
2026-08-17,,,,,PL/11334/EXP/ES/2015,,23.99,29.49,27.39
2026-08-17,,,,,PL/11332/EXP/ES/2015,,22.69,27.99,
2026-08-17,,,,,PL/11331/EXP/ES/2015,,23.89,28.99,27.00
2026-08-17,,,,,PL/11330/EXP/ES/2015,,23.99,29.69,26.99
2026-08-17,,,,,PL/1133/EXP/ES/2015,,24.49,29.79,27.00
2026-08-17,,,,,PL/11329/EXP/ES/2015,,23.99,29.45,27.00
2026-08-17,,,,,PL/11328/EXP/ES/2015,,20.99,26.90,
2026-08-17,,,,,PL/11327/EXP/ES/2015,,23.99,29.69,
2026-08-17,,,,,PL/11326/EXP/ES/2015,,23.99,28.90,
2026-08-17,,,,,PL/11325/EXP/ES/2015,,23.99,25.80,26.99
2026-08-17,,,,,PL/11324/EXP/ES/2015,,23.99,30.25,28.15
2026-08-17,,,,,PL/11323/EXP/ES/2015,,23.99,29.19,26.99
2026-08-17,,,,,PL/11322/EXP/ES/2015,,23.89,28.09,27.00
2026-08-17,,,,,PL/11321/EXP/ES/2015,,25.80,30.60,28.28
2026-08-17,,,,,PL/11320/EXP/ES/2015,,22.99,27.59,26.99
2026-08-17,,,,,PL/1132/EXP/ES/2015,,24.49,29.79,27.00
2026-08-17,,,,,PL/11319/EXP/ES/2015,,23.99,28.99,26.89
2026-08-17,,,,,PL/11318/EXP/ES/2015,,24.00,29.30,27.00
2026-08-17,,,,,PL/11317/EXP/ES/2015,,21.99,24.99,26.99
2026-08-17,,,,,PL/11316/EXP/ES/2015,,22.99,28.99,25.99
2026-08-17,,,,,PL/11315/EXP/ES/2015,,23.99,28.60,27.00
2026-08-17,,,,,PL/11314/EXP/ES/2015,,20.17,20.79,24.00
2026-08-17,,,,,PL/11313/EXP/ES/2015,,24.69,29.99,
2026-08-17,,,,,PL/11312/EXP/ES/2015,,23.99,28.95,27.10
2026-08-17,,,,,PL/11311/EXP/ES/2015,,23.39,26.99,27.00
2026-08-17,,,,,PL/11310/EXP/ES/2015,,23.39,26.99,27.00
2026-08-17,,,,,PL/1131/EXP/ES/2015,,23.99,29.15,26.99
2026-08-17,,,,,PL/11309/EXP/ES/2015,,24.90,28.90,29.50
2026-08-17,,,,,PL/11308/EXP/ES/2015,,22.95,26.80,26.85
2026-08-17,,,,,PL/11307/EXP/ES/2015,,23.99,,27.00
2026-08-17,,,,,PL/11305/EXP/ES/2015,,23.78,28.99,26.75
2026-08-17,,,,,PL/11302/EXP/ES/2015,,19.19,,
2026-08-17,,,,,PL/11300/EXP/ES/2015,,23.69,28.10,26.84
2026-08-17,,,,,PL/1130/EXP/ES/2015,,23.50,27.90,26.99
2026-08-17,,,,,PL/11299/EXP/ES/2015,,23.99,29.25,26.99
2026-08-17,,,,,PL/11298/EXP/ES/2015,,24.39,27.94,
2026-08-17,,,,,PL/11297/EXP/ES/2015,,23.99,28.59,28.28
2026-08-17,,,,,PL/11296/EXP/ES/2015,,23.99,28.99,27.00
2026-08-17,,,,,PL/11295/EXP/ES/2015,,23.94,28.50,27.00
2026-08-17,,,,,PL/11294/EXP/ES/2015,,21.00,26.90,
2026-08-17,,,,,PL/11293/EXP/ES/2015,,21.00,26.90,
2026-08-17,,,,,PL/11292/EXP/ES/2015,,24.00,29.10,27.00
2026-08-17,,,,,PL/11291/EXP/ES/2015,,,28.90,
2026-08-17,,,,,PL/11290/EXP/ES/2015,,23.92,28.45,27.00
2026-08-17,,,,,PL/1129/EXP/ES/2015,,23.99,29.15,
2026-08-17,,,,,PL/11289/EXP/ES/2015,,23.99,27.89,27.00
2026-08-17,,,,,PL/11288/EXP/ES/2015,,24.60,,27.99
2026-08-17,,,,,PL/11287/EXP/ES/2015,,23.64,28.72,26.98
2026-08-17,,,,,PL/11286/EXP/ES/2015,,23.85,28.88,26.98
2026-08-17,,,,,PL/11285/EXP/ES/2015,,23.60,28.90,27.00
2026-08-17,,,,,PL/11284/EXP/ES/2015,,23.99,29.20,27.00
2026-08-17,,,,,PL/11283/EXP/ES/2015,,23.64,28.72,
2026-08-17,,,,,PL/11282/EXP/ES/2015,,23.78,28.47,26.99
2026-08-17,,,,,PL/11281/EXP/ES/2015,,22.79,27.99,26.99
2026-08-17,,,,,PL/11280/EXP/ES/2015,,23.25,28.43,
2026-08-17,,,,,PL/1128/EXP/ES/2015,,23.99,28.43,27.00
2026-08-17,,,,,PL/11278/EXP/ES/2015,,23.90,27.68,26.98
2026-08-17,,,,,PL/11277/EXP/ES/2015,,23.99,28.69,
2026-08-17,,,,,PL/11275/EXP/ES/2015,,24.49,29.49,27.99
2026-08-17,,,,,PL/11274/EXP/ES/2015,,24.00,29.53,26.99
2026-08-17,,,,,PL/11273/EXP/ES/2015,,23.99,29.99,
2026-08-17,,,,,PL/11272/EXP/ES/2015,,23.47,28.10,
2026-08-17,,,,,PL/11271/EXP/ES/2015,,,27.95,26.99
2026-08-17,,,,,PL/1127/EXP/ES/2015,,23.50,,27.00
2026-08-17,,,,,PL/11269/EXP/ES/2015,,23.99,28.99,27.99
2026-08-17,,,,,PL/11268/EXP/ES/2015,,23.99,28.60,27.00
2026-08-17,,,,,PL/11267/EXP/ES/2015,,24.49,29.49,
2026-08-17,,,,,PL/11266/EXP/ES/2015,,23.29,28.99,
2026-08-17,,,,,PL/11265/EXP/ES/2015,,24.79,29.89,27.99
2026-08-17,,,,,PL/11264/EXP/ES/2015,,24.79,29.89,27.99
2026-08-17,,,,,PL/11263/EXP/ES/2015,,25.60,,30.10
2026-08-17,,,,,PL/11262/EXP/ES/2015,,22.99,24.75,24.15
2026-08-17,,,,,PL/11261/EXP/ES/2015,,23.99,,28.00
2026-08-17,,,,,PL/11260/EXP/ES/2015,,24.69,29.99,26.98
2026-08-17,,,,,PL/1126/EXP/ES/2015,,23.99,,26.99
2026-08-17,,,,,PL/11259/EXP/ES/2015,,23.90,29.30,27.30
2026-08-17,,,,,PL/11258/EXP/ES/2015,,23.69,28.19,27.00
2026-08-17,,,,,PL/11257/EXP/ES/2015,,23.89,28.99,27.00
2026-08-17,,,,,PL/11256/EXP/ES/2015,,24.49,29.59,26.99
2026-08-17,,,,,PL/11254/EXP/ES/2015,,23.79,28.99,
2026-08-17,,,,,PL/11253/EXP/ES/2015,,23.99,29.97,
2026-08-17,,,,,PL/11252/EXP/ES/2015,,23.99,28.78,26.99
2026-08-17,,,,,PL/11251/EXP/ES/2015,,23.99,29.97,27.00
2026-08-17,,,,,PL/11250/EXP/ES/2015,,23.98,29.97,26.99
2026-08-17,,,,,PL/1125/EXP/ES/2015,,23.39,27.99,26.99
2026-08-17,,,,,PL/11249/EXP/ES/2015,,23.74,27.99,26.99
2026-08-17,,,,,PL/11248/EXP/ES/2015,,,28.15,26.99
2026-08-17,,,,,PL/11247/EXP/ES/2015,,23.67,28.49,26.99
2026-08-17,,,,,PL/11246/EXP/ES/2015,,23.79,27.98,27.00
2026-08-17,,,,,PL/11245/EXP/ES/2015,,23.99,28.59,
2026-08-17,,,,,PL/11244/EXP/ES/2015,,23.99,28.75,27.00
2026-08-17,,,,,PL/11243/EXP/ES/2015,,23.49,27.89,
2026-08-17,,,,,PL/11241/EXP/ES/2015,,24.99,,
2026-08-17,,,,,PL/11240/EXP/ES/2015,,24.99,,28.49
2026-08-17,,,,,PL/1124/EXP/ES/2015,,23.99,29.49,27.00
2026-08-17,,,,,PL/11239/EXP/ES/2015,,23.99,29.97,
2026-08-17,,,,,PL/11238/EXP/ES/2015,,23.99,29.97,
2026-08-17,,,,,PL/11237/EXP/ES/2015,,23.29,25.95,25.39
2026-08-17,,,,,PL/11236/EXP/ES/2015,,21.75,,22.69
2026-08-17,,,,,PL/11234/EXP/ES/2015,,23.99,27.90,26.99
2026-08-17,,,,,PL/11233/EXP/ES/2015,,24.00,28.80,27.00
2026-08-17,,,,,PL/11232/EXP/ES/2015,,23.99,29.99,27.99
2026-08-17,,,,,PL/11231/EXP/ES/2015,,23.99,29.99,26.99
2026-08-17,,,,,PL/11230/EXP/ES/2015,,23.99,29.99,26.99
2026-08-17,,,,,PL/1123/EXP/ES/2015,,23.99,29.80,27.00
2026-08-17,,,,,PL/11229/EXP/ES/2015,,23.99,29.40,27.40
2026-08-17,,,,,PL/11228/EXP/ES/2015,,23.95,28.85,27.00
2026-08-17,,,,,PL/11227/EXP/ES/2015,,23.99,29.34,27.00
2026-08-17,,,,,PL/11226/EXP/ES/2015,,23.76,27.76,26.98
2026-08-17,,,,,PL/11225/EXP/ES/2015,,23.74,27.68,
2026-08-17,,,,,PL/11224/EXP/ES/2015,,23.79,27.36,26.90
2026-08-17,,,,,PL/1122/EXP/ES/2015,,23.99,29.00,27.00
2026-08-17,,,,,PL/1121/EXP/ES/2015,,23.99,28.50,27.00
2026-08-17,,,,,PL/1120/EXP/ES/2015,,23.39,,27.00
2026-08-17,,,,,PL/1119/EXP/ES/2015,,23.99,28.97,27.00
2026-08-17,,,,,PL/1118/EXP/ES/2015,,23.99,28.98,
2026-08-17,,,,,PL/1117/EXP/ES/2015,,23.99,29.00,27.00
2026-08-17,,,,,PL/1116/EXP/ES/2015,,23.99,,26.99
2026-08-17,,,,,PL/1115/EXP/ES/2015,,24.49,29.79,
2026-08-17,,,,,PL/1114/EXP/ES/2015,,23.99,28.59,27.00
2026-08-17,,,,,PL/1113/EXP/ES/2015,,23.99,28.99,
2026-08-17,,,,,PL/1112/EXP/ES/2015,,23.99,28.79,
2026-08-17,,,,,PL/1111/EXP/ES/2015,,23.99,29.68,27.00
2026-08-17,,,,,PL/1110/EXP/ES/2015,,23.88,28.27,
2026-08-17,,,,,PL/1109/EXP/ES/2015,,23.99,29.99,27.00
2026-08-17,,,,,PL/1108/EXP/ES/2015,,23.99,28.97,
2026-08-17,,,,,PL/1107/EXP/ES/2015,,23.99,29.99,27.00
2026-08-17,,,,,PL/1106/EXP/ES/2015,,23.99,27.29,
2026-08-17,,,,,PL/1105/EXP/ES/2015,,24.00,29.79,27.00
2026-08-17,,,,,PL/1104/EXP/ES/2015,,23.99,29.69,
2026-08-17,,,,,PL/11031/EXP/ES/2015,,23.99,28.59,27.00
2026-08-17,,,,,PL/11030/EXP/ES/2015,,23.99,28.99,
2026-08-17,,,,,PL/1103/EXP/ES/2015,,23.99,29.99,
2026-08-17,,,,,PL/11029/EXP/ES/2015,,23.99,29.69,26.99
2026-08-17,,,,,PL/11028/EXP/ES/2015,,23.99,29.69,26.99
2026-08-17,,,,,PL/11027/EXP/ES/2015,,23.99,29.10,
2026-08-17,,,,,PL/11026/EXP/ES/2015,,,28.65,26.99
2026-08-17,,,,,PL/11025/EXP/ES/2015,,23.99,29.69,
2026-08-17,,,,,PL/11024/EXP/ES/2015,,23.99,,26.99
2026-08-17,,,,,PL/11022/EXP/ES/2015,,23.98,30.39,27.98
2026-08-17,,,,,PL/11021/EXP/ES/2015,,23.89,29.09,
2026-08-17,,,,,PL/11020/EXP/ES/2015,,23.99,28.99,27.00
2026-08-17,,,,,PL/1102/EXP/ES/2015,,23.99,29.58,26.99
2026-08-17,,,,,PL/11019/EXP/ES/2015,,23.98,30.39,27.98
2026-08-17,,,,,PL/11017/EXP/ES/2015,,23.18,27.29,26.81
2026-08-17,,,,,PL/11016/EXP/ES/2015,,23.89,27.99,27.00
2026-08-17,,,,,PL/11015/EXP/ES/2015,,23.99,25.89,25.10
2026-08-17,,,,,PL/11014/EXP/ES/2015,,23.99,28.99,
2026-08-17,,,,,PL/11013/EXP/ES/2015,,23.49,27.39,26.90
2026-08-17,,,,,PL/11012/EXP/ES/2015,,21.47,25.00,
2026-08-17,,,,,PL/11011/EXP/ES/2015,,20.59,20.99,26.65
2026-08-17,,,,,PL/11010/EXP/ES/2015,,23.23,26.99,
2026-08-17,,,,,PL/1101/EXP/ES/2015,,23.99,29.68,27.00
2026-08-17,,,,,PL/11009/EXP/ES/2015,,20.59,24.29,25.65
2026-08-17,,,,,PL/11008/EXP/ES/2015,,23.60,28.89,27.00
2026-08-17,,,,,PL/11007/EXP/ES/2015,,23.90,28.90,28.50
2026-08-17,,,,ESTACIÓN DE SERVICIO APV S.A. DE C.V.,PL/11006/EXP/ES/2015,Carretera a Nogales No. 4880,23.97,29.47,26.99
2026-08-17,,,,SERVICIO JIPIGO S.A. DE C.V.,PL/11005/EXP/ES/2015,Carretera Tlajomulco- San Miguel Cuyutlán Km 11.50,23.50,28.80,26.99
2026-08-17,,,,SERVICIO NUEVO MÉXICO S.A. DE C.V.,PL/11004/EXP/ES/2015,Cl Juan Gil Preciado No. 1800,23.98,28.50,27.00
2026-08-17,,,,,PL/11002/EXP/ES/2015,,23.99,,27.00
2026-08-17,,,,,PL/11001/EXP/ES/2015,,23.99,28.78,26.99
2026-08-17,,,,,PL/11000/EXP/ES/2015,,23.48,27.68,
2026-08-17,,,,,PL/1100/EXP/ES/2015,,23.90,27.50,25.70
2026-08-17,,,,,PL/10999/EXP/ES/2015,,23.36,27.37,25.37
2026-08-17,,,,,PL/10998/EXP/ES/2015,,23.98,29.14,27.00
2026-08-17,,,,,PL/10997/EXP/ES/2015,,23.79,28.69,
2026-08-17,,,,,PL/10996/EXP/ES/2015,,19.49,20.99,25.65
2026-08-17,,,,,PL/10995/EXP/ES/2015,,22.95,,26.80
2026-08-17,,,,,PL/10994/EXP/ES/2015,,23.79,28.03,27.09
2026-08-17,,,,,PL/10991/EXP/ES/2015,,20.59,20.99,25.65
2026-08-17,,,,,PL/10990/EXP/ES/2015,,23.49,,26.90
2026-08-17,,,,,PL/1099/EXP/ES/2015,,22.99,27.97,26.99
2026-08-17,,,,,PL/10988/EXP/ES/2015,,23.89,27.99,27.00
2026-08-17,,,,,PL/10987/EXP/ES/2015,,21.50,,
2026-08-17,,,,,PL/10986/EXP/ES/2015,,23.99,29.99,27.00
2026-08-17,,,,,PL/10984/EXP/ES/2015,,23.99,28.59,27.00
2026-08-17,,,,,PL/10983/EXP/ES/2015,,23.99,28.99,26.99
2026-08-17,,,,,PL/10982/EXP/ES/2015,,23.99,28.95,27.00
2026-08-17,,,,,PL/10981/EXP/ES/2015,,23.99,28.99,27.50
2026-08-17,,,,,PL/10980/EXP/ES/2015,,23.90,29.56,27.00
2026-08-17,,,,,PL/10979/EXP/ES/2015,,23.99,29.99,
2026-08-17,,,,,PL/10978/EXP/ES/2015,,22.99,28.39,
2026-08-17,,,,,PL/10977/EXP/ES/2015,,23.67,,26.97
2026-08-17,,,,,PL/10976/EXP/ES/2015,,23.77,28.72,26.97
2026-08-17,,,,,PL/10975/EXP/ES/2015,,24.00,28.80,
2026-08-17,,,,,PL/10974/EXP/ES/2015,,22.99,26.89,27.00
2026-08-17,,,,,PL/10973/EXP/ES/2015,,24.86,,29.69
2026-08-17,,,,,PL/10972/EXP/ES/2015,,23.59,28.27,26.97
2026-08-17,,,,,PL/10971/EXP/ES/2015,,23.57,27.67,26.97
2026-08-17,,,,,PL/10970/EXP/ES/2015,,20.59,24.29,25.65
2026-08-17,,,,,PL/1097/EXP/ES/2015,,23.99,28.97,27.00
2026-08-17,,,,,PL/10969/EXP/ES/2015,,23.49,27.89,
2026-08-17,,,,,PL/10968/EXP/ES/2015,,24.00,,27.85
2026-08-17,,,,,PL/10967/EXP/ES/2015,,23.99,25.99,
2026-08-17,,,,,PL/10966/EXP/ES/2015,,23.59,27.29,27.00
2026-08-17,,,,,PL/10965/EXP/ES/2015,,23.99,28.99,
2026-08-17,,,,,PL/10964/EXP/ES/2015,,23.69,,28.39
2026-08-17,,,,,PL/10963/EXP/ES/2015,,23.99,25.99,23.89
2026-08-17,,,,,PL/10962/EXP/ES/2015,,22.99,26.69,27.00
2026-08-17,,,,,PL/10961/EXP/ES/2015,,23.99,24.99,
2026-08-17,,,,,PL/10960/EXP/ES/2015,,23.69,27.19,27.00
2026-08-17,,,,,PL/1096/EXP/ES/2015,,23.99,29.49,27.00
2026-08-17,,,,,PL/10959/EXP/ES/2015,,23.39,27.19,27.00
2026-08-17,,,,,PL/10958/EXP/ES/2015,,23.99,24.99,
2026-08-17,,,,,PL/10957/EXP/ES/2015,,24.50,30.50,27.00
2026-08-17,,,,,PL/10954/EXP/ES/2015,,23.70,28.70,27.00
2026-08-17,,,,,PL/10953/EXP/ES/2015,,24.98,28.98,29.49
2026-08-17,,,,,PL/10952/EXP/ES/2015,,22.90,27.45,26.69
2026-08-17,,,,,PL/10951/EXP/ES/2015,,23.82,28.45,26.99
2026-08-17,,,,,PL/10950/EXP/ES/2015,,23.99,28.45,
2026-08-17,,,,,PL/1095/EXP/ES/2015,,23.90,27.60,26.99
2026-08-17,,,,,PL/10949/EXP/ES/2015,,22.99,27.69,
2026-08-17,,,,,PL/10948/EXP/ES/2015,,19.15,23.79,25.39
2026-08-17,,,,,PL/10947/EXP/ES/2015,,23.99,28.99,
2026-08-17,,,,,PL/10946/EXP/ES/2015,,23.99,,27.00
2026-08-17,,,,,PL/10945/EXP/ES/2015,,22.59,26.29,26.19
2026-08-17,,,,,PL/10944/EXP/ES/2015,,23.89,28.49,26.99
2026-08-17,,,,,PL/10943/EXP/ES/2015,,20.99,26.90,27.00
2026-08-17,,,,,PL/10942/EXP/ES/2015,,23.89,28.59,27.00
2026-08-17,,,,,PL/10941/EXP/ES/2015,,23.99,28.89,27.00
2026-08-17,,,,,PL/10940/EXP/ES/2015,,24.69,29.99,26.85
2026-08-17,,,,,PL/1094/EXP/ES/2015,,22.99,27.99,26.99
2026-08-17,,,,,PL/10939/EXP/ES/2015,,23.75,28.70,27.00
2026-08-17,,,,,PL/10938/EXP/ES/2015,,23.75,28.50,27.00
2026-08-17,,,,,PL/10937/EXP/ES/2015,,23.99,28.80,27.00
2026-08-17,,,,,PL/10936/EXP/ES/2015,,23.39,26.99,27.00
2026-08-17,,,,,PL/10935/EXP/ES/2015,,23.39,26.99,27.00
2026-08-17,,,,,PL/10934/EXP/ES/2015,,23.39,26.99,27.00
2026-08-17,,,,,PL/10933/EXP/ES/2015,,23.79,28.68,26.85
2026-08-17,,,,,PL/10932/EXP/ES/2015,,23.99,28.80,27.00
2026-08-17,,,,,PL/10931/EXP/ES/2015,,23.99,,26.99
2026-08-17,,,,,PL/10930/EXP/ES/2015,,23.39,26.99,27.00
2026-08-17,,,,,PL/1093/EXP/ES/2015,,23.99,28.99,27.00
2026-08-17,,,,,PL/10929/EXP/ES/2015,,23.69,27.99,27.00
2026-08-17,,,,,PL/10928/EXP/ES/2015,,23.39,26.99,27.00
2026-08-17,,,,COMBUSTIBLES Y SERVICIOS SAMER S.A. DE C.V.,PL/10927/EXP/ES/2015,Avenida San Esteban No. 35,23.99,29.59,27.00
2026-08-17,,,,,PL/10926/EXP/ES/2015,,23.48,28.49,26.65
2026-08-17,,,,,PL/10925/EXP/ES/2015,,23.99,29.29,27.00
2026-08-17,,,,,PL/10924/EXP/ES/2015,,23.99,28.99,26.99
2026-08-17,,,,,PL/10923/EXP/ES/2015,,23.99,28.55,27.00
2026-08-17,,,,,PL/10922/EXP/ES/2015,,24.89,24.29,
2026-08-17,,,,,PL/10921/EXP/ES/2015,,24.49,29.49,26.99
2026-08-17,,,,,PL/1092/EXP/ES/2015,,23.99,28.89,27.00
2026-08-17,,,,,PL/10919/EXP/ES/2015,,23.85,28.17,27.00
2026-08-17,,,,,PL/10918/EXP/ES/2015,,23.99,,26.99
2026-08-17,,,,,PL/10917/EXP/ES/2015,,23.99,,26.99
2026-08-17,,,,,PL/10916/EXP/ES/2015,,24.39,27.94,27.00
2026-08-17,,,,,PL/10915/EXP/ES/2015,,24.69,29.99,27.00
2026-08-17,,,,,PL/10914/EXP/ES/2015,,23.20,29.10,26.98
2026-08-17,,,,,PL/10913/EXP/ES/2015,,23.99,,26.99
2026-08-17,,,,,PL/10912/EXP/ES/2015,,23.99,29.69,26.99
2026-08-17,,,,,PL/10911/EXP/ES/2015,,23.99,29.69,
2026-08-17,,,,,PL/10910/EXP/ES/2015,,23.49,28.49,26.99
2026-08-17,,,,,PL/1091/EXP/ES/2015,,23.99,28.99,27.30
2026-08-17,,,,,PL/10909/EXP/ES/2015,,23.99,29.69,
2026-08-17,,,,,PL/10908/EXP/ES/2015,,23.69,27.99,27.00
2026-08-17,,,,,PL/10907/EXP/ES/2015,,23.49,23.99,26.99
2026-08-17,,,,,PL/10906/EXP/ES/2015,,23.99,29.09,27.00
2026-08-17,,,,,PL/10905/EXP/ES/2015,,23.99,28.33,26.99
2026-08-17,,,,,PL/10904/EXP/ES/2015,,23.99,29.99,26.99
2026-08-17,,,,,PL/10903/EXP/ES/2015,,23.99,29.99,27.00
2026-08-17,,,,,PL/10902/EXP/ES/2015,,23.99,29.99,
2026-08-17,,,,,PL/10901/EXP/ES/2015,,22.20,27.39,25.39
2026-08-17,,,,,PL/10900/EXP/ES/2015,,23.99,,
2026-08-17,,,,,PL/1090/EXP/ES/2015,,23.99,29.99,27.00
2026-08-17,,,,,PL/10899/EXP/ES/2015,,23.85,28.50,26.99
2026-08-17,,,,,PL/10898/EXP/ES/2015,,23.49,27.49,
2026-08-17,,,,,PL/10897/EXP/ES/2015,,23.99,29.69,
2026-08-17,,,,,PL/10896/EXP/ES/2015,,23.99,28.07,27.49
2026-08-17,,,,,PL/10895/EXP/ES/2015,,23.99,28.07,27.49
2026-08-17,,,,,PL/10894/EXP/ES/2015,,23.60,29.45,26.99
2026-08-17,,,,,PL/10893/EXP/ES/2015,,23.60,29.45,26.99
2026-08-17,,,,,PL/10892/EXP/ES/2015,,23.99,29.45,26.99
2026-08-17,,,,,PL/10891/EXP/ES/2015,,23.99,29.85,
2026-08-17,,,,,PL/10890/EXP/ES/2015,,23.99,29.85,27.00
2026-08-17,,,,,PL/1089/EXP/ES/2015,,23.38,27.45,
2026-08-17,,,,,PL/10889/EXP/ES/2015,,23.99,29.85,27.00
2026-08-17,,,,,PL/10888/EXP/ES/2015,,23.99,28.49,27.00
2026-08-17,,,,,PL/10887/EXP/ES/2015,,23.99,29.85,27.00
2026-08-17,,,,,PL/10886/EXP/ES/2015,,23.99,29.10,26.99
2026-08-17,,,,,PL/10885/EXP/ES/2015,,23.99,27.99,26.99
2026-08-17,,,,,PL/10884/EXP/ES/2015,,23.99,27.98,26.98
2026-08-17,,,,,PL/10883/EXP/ES/2015,,23.99,27.99,
2026-08-17,,,,,PL/10882/EXP/ES/2015,,23.99,27.60,
2026-08-17,,,,,PL/10881/EXP/ES/2015,,22.14,27.24,
2026-08-17,,,,,PL/10880/EXP/ES/2015,,23.99,27.60,27.00
2026-08-17,,,,,PL/1088/EXP/ES/2015,,23.95,29.17,
2026-08-17,,,,,PL/10878/EXP/ES/2015,,24.49,29.29,27.00
2026-08-17,,,,,PL/10877/EXP/ES/2015,,23.99,28.99,
2026-08-17,,,,,PL/10876/EXP/ES/2015,,23.67,27.97,26.97
2026-08-17,,,,,PL/10875/EXP/ES/2015,,23.85,28.10,27.00
2026-08-17,,,,,PL/10874/EXP/ES/2015,,23.99,29.99,27.00
2026-08-17,,,,,PL/10873/EXP/ES/2015,,23.80,27.30,27.00
2026-08-17,,,,,PL/10872/EXP/ES/2015,,23.99,29.09,26.99
2026-08-17,,,,,PL/10871/EXP/ES/2015,,23.89,27.74,27.00
2026-08-17,,,,,PL/10870/EXP/ES/2015,,23.99,29.49,26.99
2026-08-17,,,,,PL/1087/EXP/ES/2015,,23.89,28.95,26.99
2026-08-17,,,,,PL/10869/EXP/ES/2015,,23.39,23.39,24.94
2026-08-17,,,,,PL/10867/EXP/ES/2015,,24.00,29.89,27.24
2026-08-17,,,,,PL/10866/EXP/ES/2015,,23.99,28.99,
2026-08-17,,,,ESTACIÓN DE SERVICIO SIERRA DEL TIGRE S.A. DE C.V.,PL/10865/EXP/ES/2015,Carretera Valle de Juárez-Mazamitla Km 1.50,24.40,29.80,27.99
2026-08-17,,,,,PL/10864/EXP/ES/2015,,23.99,28.20,27.00
2026-08-17,,,,,PL/10863/EXP/ES/2015,,23.69,27.87,
2026-08-17,,,,,PL/10862/EXP/ES/2015,,24.39,27.99,27.00
2026-08-17,,,,,PL/10861/EXP/ES/2015,,24.64,27.99,
2026-08-17,,,,,PL/10860/EXP/ES/2015,,24.00,29.79,27.00
2026-08-17,,,,,PL/1086/EXP/ES/2015,,23.95,29.17,27.00
2026-08-17,,,,,PL/10859/EXP/ES/2015,,24.39,27.99,27.00
2026-08-17,,,,,PL/10858/EXP/ES/2015,,24.99,29.99,27.00
2026-08-17,,,,,PL/10857/EXP/ES/2015,,22.97,27.97,
2026-08-17,,,,,PL/10856/EXP/ES/2015,,24.00,29.47,27.00
2026-08-17,,,,,PL/10855/EXP/ES/2015,,23.75,27.95,26.99
2026-08-17,,,,,PL/10854/EXP/ES/2015,,23.99,28.49,27.00
2026-08-17,,,,,PL/10853/EXP/ES/2015,,23.99,28.49,27.00
2026-08-17,,,,,PL/10852/EXP/ES/2015,,23.89,28.86,26.99
2026-08-17,,,,,PL/10851/EXP/ES/2015,,23.99,29.49,27.00
2026-08-17,,,,,PL/10850/EXP/ES/2015,,23.89,28.99,27.00
2026-08-17,,,,,PL/1085/EXP/ES/2015,,23.75,28.50,27.00
2026-08-17,,,,,PL/10849/EXP/ES/2015,,23.99,,27.99
2026-08-17,,,,,PL/10848/EXP/ES/2015,,23.57,27.77,
2026-08-17,,,,,PL/10847/EXP/ES/2015,,23.99,27.89,26.99
2026-08-17,,,,,PL/10846/EXP/ES/2015,,23.99,27.89,26.99
2026-08-17,,,,,PL/10845/EXP/ES/2015,,23.99,29.99,
2026-08-17,,,,,PL/10844/EXP/ES/2015,,23.99,27.89,26.99
2026-08-17,,,,,PL/10843/EXP/ES/2015,,23.70,28.58,26.99
2026-08-17,,,,,PL/10842/EXP/ES/2015,,23.99,27.89,26.99
2026-08-17,,,,,PL/10840/EXP/ES/2015,,24.99,29.69,27.00
2026-08-17,,,,,PL/1084/EXP/ES/2015,,22.97,27.97,26.99
2026-08-17,,,,,PL/10839/EXP/ES/2015,,21.95,26.89,25.36
2026-08-17,,,,,PL/10836/EXP/ES/2015,,23.69,28.39,26.89
2026-08-17,,,,,PL/10835/EXP/ES/2015,,23.99,29.69,27.00
2026-08-17,,,,,PL/10834/EXP/ES/2015,,23.89,28.28,27.00
2026-08-17,,,,,PL/10833/EXP/ES/2015,,20.99,26.90,27.00
2026-08-17,,,,,PL/10832/EXP/ES/2015,,23.99,29.69,26.99
2026-08-17,,,,,PL/10831/EXP/ES/2015,,23.99,29.69,26.99
2026-08-17,,,,,PL/10830/EXP/ES/2015,,23.99,27.99,26.99
2026-08-17,,,,,PL/10829/EXP/ES/2015,,24.39,27.99,
2026-08-17,,,,,PL/10828/EXP/ES/2015,,23.99,29.69,26.99
2026-08-17,,,,,PL/10827/EXP/ES/2015,,24.69,29.99,27.00
2026-08-17,,,,,PL/10826/EXP/ES/2015,,23.99,29.86,27.80
2026-08-17,,,,,PL/10825/EXP/ES/2015,,24.15,,26.90
2026-08-17,,,,,PL/10824/EXP/ES/2015,,24.99,29.59,27.00
2026-08-17,,,,,PL/10823/EXP/ES/2015,,23.99,27.99,27.00
2026-08-17,,,,,PL/10822/EXP/ES/2015,,23.59,27.89,27.00
2026-08-17,,,,,PL/10821/EXP/ES/2015,,23.99,27.99,
2026-08-17,,,,,PL/10820/EXP/ES/2015,,22.39,26.99,26.39
2026-08-17,,,,,PL/1082/EXP/ES/2015,,23.99,29.24,26.99
2026-08-17,,,,,PL/10819/EXP/ES/2015,,20.69,24.59,26.09
2026-08-17,,,,,PL/10818/EXP/ES/2015,,20.69,24.59,26.09
2026-08-17,,,,,PL/10817/EXP/ES/2015,,23.88,28.89,26.99
2026-08-17,,,,,PL/10816/EXP/ES/2015,,23.90,28.75,26.99
2026-08-17,,,,,PL/10815/EXP/ES/2015,,24.85,29.99,28.70
2026-08-17,,,,,PL/10814/EXP/ES/2015,,23.99,28.99,27.00
2026-08-17,,,,,PL/10813/EXP/ES/2015,,24.99,29.99,28.90
2026-08-17,,,,,PL/10812/EXP/ES/2015,,23.58,,26.99
2026-08-17,,,,,PL/10811/EXP/ES/2015,,23.99,29.35,27.50
2026-08-17,,,,,PL/10810/EXP/ES/2015,,23.99,28.71,27.00
2026-08-17,,,,,PL/1081/EXP/ES/2015,,23.99,28.99,27.00
2026-08-17,,,,,PL/10809/EXP/ES/2015,,23.67,27.62,27.00
2026-08-17,,,,,PL/10808/EXP/ES/2015,,23.99,28.79,26.99
2026-08-17,,,,,PL/10806/EXP/ES/2015,,23.98,25.60,26.70
2026-08-17,,,,,PL/10804/EXP/ES/2015,,23.98,25.60,26.70
2026-08-17,,,,,PL/10802/EXP/ES/2015,,24.40,28.70,27.35
2026-08-17,,,,,PL/10801/EXP/ES/2015,,23.99,,26.30
2026-08-17,,,,,PL/10800/EXP/ES/2015,,23.48,27.99,27.00
2026-08-17,,,,,PL/1080/EXP/ES/2015,,23.99,29.35,29.74
2026-08-17,,,,,PL/10799/EXP/ES/2015,,23.99,28.59,27.00
2026-08-17,,,,,PL/10798/EXP/ES/2015,,23.99,,27.00
2026-08-17,,,,,PL/10796/EXP/ES/2015,,23.99,28.39,
2026-08-17,,,,,PL/10795/EXP/ES/2015,,24.00,27.50,27.50
2026-08-17,,,,,PL/10794/EXP/ES/2015,,23.60,27.90,26.90
2026-08-17,,,,,PL/10793/EXP/ES/2015,,23.57,,
2026-08-17,,,,,PL/10792/EXP/ES/2015,,23.99,28.49,26.99
2026-08-17,,,,,PL/10791/EXP/ES/2015,,23.99,27.99,
2026-08-17,,,,,PL/10790/EXP/ES/2015,,24.00,28.95,27.50
2026-08-17,,,,,PL/1079/EXP/ES/2015,,23.99,29.18,27.00
2026-08-17,,,,,PL/10789/EXP/ES/2015,,23.29,,26.90
2026-08-17,,,,,PL/10788/EXP/ES/2015,,23.29,27.80,26.90
2026-08-17,,,,,PL/10787/EXP/ES/2015,,23.79,27.79,26.79
2026-08-17,,,,,PL/10786/EXP/ES/2015,,23.89,28.59,27.00
2026-08-17,,,,,PL/10785/EXP/ES/2015,,23.84,28.59,26.99
2026-08-17,,,,,PL/10784/EXP/ES/2015,,23.99,28.99,27.00
2026-08-17,,,,,PL/10783/EXP/ES/2015,,23.40,28.55,
2026-08-17,,,,,PL/10782/EXP/ES/2015,,23.80,,27.00
2026-08-17,,,,,PL/10781/EXP/ES/2015,,23.99,28.60,27.00
2026-08-17,,,,,PL/10780/EXP/ES/2015,,20.99,26.90,27.00
2026-08-17,,,,,PL/1078/EXP/ES/2015,,22.99,27.99,26.99
2026-08-17,,,,,PL/10779/EXP/ES/2015,,23.99,28.49,26.99
2026-08-17,,,,,PL/10778/EXP/ES/2015,,23.99,,
2026-08-17,,,,,PL/10777/EXP/ES/2015,,23.65,28.95,26.99
2026-08-17,,,,,PL/10776/EXP/ES/2015,,23.65,28.50,
2026-08-17,,,,,PL/10775/EXP/ES/2015,,23.99,29.89,
2026-08-17,,,,,PL/10774/EXP/ES/2015,,23.49,27.55,27.00
2026-08-17,,,,,PL/10773/EXP/ES/2015,,23.80,29.98,27.89
2026-08-17,,,,,PL/10772/EXP/ES/2015,,24.99,29.99,27.99
2026-08-17,,,,,PL/10771/EXP/ES/2015,,23.99,28.99,
2026-08-17,,,,,PL/1077/EXP/ES/2015,,23.99,29.68,
2026-08-17,,,,,PL/10769/EXP/ES/2015,,24.99,29.99,
2026-08-17,,,,,PL/10768/EXP/ES/2015,,24.99,29.99,27.99
2026-08-17,,,,,PL/10767/EXP/ES/2015,,24.49,29.29,
2026-08-17,,,,,PL/10766/EXP/ES/2015,,23.99,28.99,27.00
2026-08-17,,,,,PL/10765/EXP/ES/2015,,23.86,27.66,26.99
2026-08-17,,,,,PL/10764/EXP/ES/2015,,24.99,29.99,
2026-08-17,,,,,PL/10763/EXP/ES/2015,,24.99,29.99,
2026-08-17,,,,,PL/10762/EXP/ES/2015,,23.63,27.89,27.00
2026-08-17,,,,,PL/10761/EXP/ES/2015,,24.99,29.99,27.99
2026-08-17,,,,,PL/1076/EXP/ES/2015,,23.20,28.32,26.84
2026-08-17,,,,,PL/10759/EXP/ES/2015,,23.78,27.77,27.00
2026-08-17,,,,,PL/10758/EXP/ES/2015,,23.99,29.49,
2026-08-17,,,,,PL/10757/EXP/ES/2015,,23.99,29.79,27.00
2026-08-17,,,,,PL/10756/EXP/ES/2015,,23.59,27.69,27.00
2026-08-17,,,,,PL/10755/EXP/ES/2015,,24.52,,27.72
2026-08-17,,,,,PL/10754/EXP/ES/2015,,23.79,28.50,
2026-08-17,,,,,PL/10753/EXP/ES/2015,,23.79,27.99,27.00
2026-08-17,,,,,PL/10752/EXP/ES/2015,,23.99,29.49,27.00
2026-08-17,,,,,PL/10751/EXP/ES/2015,,23.18,28.48,26.98
2026-08-17,,,,,PL/10750/EXP/ES/2015,,22.99,28.99,
2026-08-17,,,,,PL/1075/EXP/ES/2015,,23.35,27.45,26.69
2026-08-17,,,,,PL/10748/EXP/ES/2015,,22.99,28.99,26.89
2026-08-17,,,,,PL/10747/EXP/ES/2015,,22.99,28.99,
2026-08-17,,,,,PL/10746/EXP/ES/2015,,24.00,26.76,26.99
2026-08-17,,,,,PL/10745/EXP/ES/2015,,23.99,29.99,27.00
2026-08-17,,,,,PL/10744/EXP/ES/2015,,23.99,28.99,26.99
2026-08-17,,,,,PL/10743/EXP/ES/2015,,23.99,28.99,26.99
2026-08-17,,,,,PL/10742/EXP/ES/2015,,23.99,29.99,26.99
2026-08-17,,,,,PL/10741/EXP/ES/2015,,23.99,28.99,26.99
2026-08-17,,,,,PL/10740/EXP/ES/2015,,23.99,28.99,
2026-08-17,,,,,PL/1074/EXP/ES/2015,,23.99,28.50,27.00
2026-08-17,,,,,PL/10739/EXP/ES/2015,,22.79,23.59,24.00
2026-08-17,,,,,PL/10738/EXP/ES/2015,,23.95,28.50,
2026-08-17,,,,,PL/10737/EXP/ES/2015,,23.10,27.00,27.00
2026-08-17,,,,,PL/10736/EXP/ES/2015,,19.11,23.26,
2026-08-17,,,,,PL/10735/EXP/ES/2015,,19.11,23.26,
2026-08-17,,,,,PL/10733/EXP/ES/2015,,19.12,23.29,
2026-08-17,,,,,PL/10732/EXP/ES/2015,,19.11,23.26,
2026-08-17,,,,,PL/10731/EXP/ES/2015,,23.79,26.99,
2026-08-17,,,,,PL/10730/EXP/ES/2015,,23.95,28.75,26.99
2026-08-17,,,,,PL/1073/EXP/ES/2015,,23.89,,27.00
2026-08-17,,,,,PL/10729/EXP/ES/2015,,23.99,28.99,26.99
2026-08-17,,,,,PL/10728/EXP/ES/2015,,23.99,29.89,27.00
2026-08-17,,,,,PL/10727/EXP/ES/2015,,23.99,,27.00
2026-08-17,,,,,PL/10726/EXP/ES/2015,,23.98,28.65,27.00
2026-08-17,,,,GASOLINERA PLAZA DEL SOL S.A. DE C.V.,PL/10725/EXP/ES/2015,Calle Tenochtitlán No. 1,23.99,29.89,
2026-08-17,,,,,PL/10724/EXP/ES/2015,,24.99,,27.00
2026-08-17,,,,,PL/10723/EXP/ES/2015,,23.99,29.59,24.13
2026-08-17,,,,SERVICIO ANGEL S.A. DE C.V.,PL/10722/EXP/ES/2015,Avenida Vallarta No. 6157,23.99,29.99,27.00
2026-08-17,,,,,PL/10721/EXP/ES/2015,,23.99,29.97,27.00
2026-08-17,,,,,PL/1072/EXP/ES/2015,,23.99,27.76,26.99
2026-08-17,,,,,PL/10718/EXP/ES/2015,,20.79,26.89,26.99
2026-08-17,,,,,PL/10717/EXP/ES/2015,,23.99,29.49,27.00
2026-08-17,,,,,PL/10716/EXP/ES/2015,,22.99,28.99,
2026-08-17,,,,,PL/10715/EXP/ES/2015,,24.99,29.89,27.99
2026-08-17,,,,,PL/10714/EXP/ES/2015,,24.29,29.59,27.99
2026-08-17,,,,,PL/10713/EXP/ES/2015,,24.69,29.49,27.99
2026-08-17,,,,,PL/10712/EXP/ES/2015,,24.99,29.89,
2026-08-17,,,,,PL/10711/EXP/ES/2015,,24.49,29.49,
2026-08-17,,,,,PL/10710/EXP/ES/2015,,23.99,29.99,
2026-08-17,,,,,PL/1071/EXP/ES/2015,,25.39,28.98,
2026-08-17,,,,,PL/10709/EXP/ES/2015,,24.49,29.89,
2026-08-17,,,,,PL/10708/EXP/ES/2015,,24.49,29.89,27.00
2026-08-17,,,,,PL/10707/EXP/ES/2015,,24.49,29.89,27.00
2026-08-17,,,,,PL/10706/EXP/ES/2015,,19.11,23.26,
2026-08-17,,,,,PL/10705/EXP/ES/2015,,23.99,28.79,27.00
2026-08-17,,,,,PL/10703/EXP/ES/2015,,23.99,28.30,26.99
2026-08-17,,,,,PL/10702/EXP/ES/2015,,19.64,,25.39
2026-08-17,,,,,PL/10701/EXP/ES/2015,,23.99,29.30,26.99
2026-08-17,,,,,PL/10700/EXP/ES/2015,,23.99,28.79,27.00
2026-08-17,,,,,PL/1070/EXP/ES/2015,,23.79,27.99,27.00
2026-08-17,,,,,PL/10699/EXP/ES/2015,,23.94,29.70,27.00
2026-08-17,,,,,PL/10698/EXP/ES/2015,,23.99,28.68,26.99
2026-08-17,,,,,PL/10697/EXP/ES/2015,,21.00,26.99,24.99
2026-08-17,,,,,PL/10696/EXP/ES/2015,,23.49,29.49,
2026-08-17,,,,,PL/10695/EXP/ES/2015,,23.99,29.89,27.00
2026-08-17,,,,,PL/10693/EXP/ES/2015,,23.19,27.99,25.39
2026-08-17,,,,,PL/10692/EXP/ES/2015,,23.80,27.50,27.20
2026-08-17,,,,,PL/10691/EXP/ES/2015,,24.73,29.89,
2026-08-17,,,,,PL/10690/EXP/ES/2015,,23.99,,
2026-08-17,,,,,PL/1069/EXP/ES/2015,,24.00,29.89,27.24
2026-08-17,,,,,PL/10689/EXP/ES/2015,,23.99,,27.49
2026-08-17,,,,,PL/10688/EXP/ES/2015,,23.99,29.99,26.99
2026-08-17,,,,,PL/10687/EXP/ES/2015,,23.85,28.90,26.85
2026-08-17,,,,,PL/10686/EXP/ES/2015,,23.99,29.39,26.99
2026-08-17,,,,,PL/10683/EXP/ES/2015,,23.99,29.49,27.00
2026-08-17,,,,,PL/10682/EXP/ES/2015,,23.99,27.99,27.00
2026-08-17,,,,,PL/1068/EXP/ES/2015,,24.00,28.69,27.24
2026-08-17,,,,,PL/10677/EXP/ES/2015,,23.55,27.75,26.90
2026-08-17,,,,,PL/10676/EXP/ES/2015,,19.29,24.99,
2026-08-17,,,,,PL/10675/EXP/ES/2015,,23.44,27.59,26.97
2026-08-17,,,,,PL/10674/EXP/ES/2015,,24.00,28.40,27.00
2026-08-17,,,,,PL/10673/EXP/ES/2015,,23.00,26.99,
2026-08-17,,,,,PL/10672/EXP/ES/2015,,24.79,29.89,27.99
2026-08-17,,,,,PL/10671/EXP/ES/2015,,24.79,29.89,27.99
2026-08-17,,,,,PL/10670/EXP/ES/2015,,24.79,28.99,
2026-08-17,,,,,PL/1067/EXP/ES/2015,,23.99,29.99,27.00
2026-08-17,,,,,PL/10669/EXP/ES/2015,,24.19,29.59,27.99
2026-08-17,,,,,PL/10667/EXP/ES/2015,,23.98,28.98,
2026-08-17,,,,,PL/10666/EXP/ES/2015,,23.57,27.99,26.99
2026-08-17,,,,,PL/10665/EXP/ES/2015,,23.99,26.79,27.99
2026-08-17,,,,,PL/10664/EXP/ES/2015,,23.99,,27.38
2026-08-17,,,,,PL/10663/EXP/ES/2015,,23.99,28.29,27.64
2026-08-17,,,,,PL/10662/EXP/ES/2015,,22.99,28.99,26.89
2026-08-17,,,,,PL/10660/EXP/ES/2015,,23.95,28.70,26.89
2026-08-17,,,,,PL/1066/EXP/ES/2015,,24.00,29.89,27.00
2026-08-17,,,,,PL/10659/EXP/ES/2015,,23.99,29.95,27.60
2026-08-17,,,,,PL/10658/EXP/ES/2015,,23.99,29.99,27.00
2026-08-17,,,,,PL/10657/EXP/ES/2015,,22.89,26.99,26.99
2026-08-17,,,,,PL/10656/EXP/ES/2015,,23.99,29.30,27.00
2026-08-17,,,,,PL/10655/EXP/ES/2015,,23.99,29.90,28.00
2026-08-17,,,,,PL/10654/EXP/ES/2015,,20.15,,
2026-08-17,,,,,PL/10653/EXP/ES/2015,,24.00,28.20,27.00
2026-08-17,,,,,PL/10652/EXP/ES/2015,,23.99,,28.28
2026-08-17,,,,,PL/10651/EXP/ES/2015,,22.99,27.65,26.50
2026-08-17,,,,,PL/10650/EXP/ES/2015,,23.89,28.79,26.99
2026-08-17,,,,,PL/1065/EXP/ES/2015,,23.99,28.89,26.99
2026-08-17,,,,,PL/10648/EXP/ES/2015,,24.19,29.59,27.99
2026-08-17,,,,,PL/10647/EXP/ES/2015,,24.09,29.29,
2026-08-17,,,,,PL/10646/EXP/ES/2015,,23.99,23.99,26.99
2026-08-17,,,,,PL/10644/EXP/ES/2015,,23.99,28.69,26.99
2026-08-17,,,,,PL/10643/EXP/ES/2015,,23.35,27.89,26.95
2026-08-17,,,,,PL/10642/EXP/ES/2015,,19.12,,25.39
2026-08-17,,,,,PL/10641/EXP/ES/2015,,19.11,23.26,25.39
2026-08-17,,,,,PL/10640/EXP/ES/2015,,24.79,29.49,26.99
2026-08-17,,,,,PL/1064/EXP/ES/2015,,21.55,26.59,
2026-08-17,,,,,PL/10639/EXP/ES/2015,,23.89,29.60,27.00
2026-08-17,,,,,PL/10638/EXP/ES/2015,,19.11,,25.39
2026-08-17,,,,,PL/10637/EXP/ES/2015,,19.12,,
2026-08-17,,,,,PL/10636/EXP/ES/2015,,19.12,,25.39
2026-08-17,,,,,PL/10635/EXP/ES/2015,,19.12,,25.39
2026-08-17,,,,,PL/10634/EXP/ES/2015,,22.99,27.49,
2026-08-17,,,,,PL/10633/EXP/ES/2015,,24.79,29.89,27.99
2026-08-17,,,,,PL/10632/EXP/ES/2015,,24.79,29.89,27.99
2026-08-17,,,,,PL/10631/EXP/ES/2015,,23.99,28.40,27.00
2026-08-17,,,,,PL/10630/EXP/ES/2015,,23.94,27.99,26.99
2026-08-17,,,,,PL/1063/EXP/ES/2015,,23.39,27.99,
2026-08-17,,,,,PL/10629/EXP/ES/2015,,19.59,25.19,
2026-08-17,,,,,PL/10628/EXP/ES/2015,,23.80,27.40,26.50
2026-08-17,,,,,PL/10627/EXP/ES/2015,,23.99,,27.00
2026-08-17,,,,,PL/10626/EXP/ES/2015,,24.49,28.59,27.00
2026-08-17,,,,,PL/10625/EXP/ES/2015,,23.98,28.97,25.25
2026-08-17,,,,,PL/10624/EXP/ES/2015,,23.99,27.99,
2026-08-17,,,,,PL/10623/EXP/ES/2015,,23.73,28.25,27.00
2026-08-17,,,,,PL/10622/EXP/ES/2015,,23.99,,26.99
2026-08-17,,,,,PL/10621/EXP/ES/2015,,23.99,28.99,26.99
2026-08-17,,,,,PL/10620/EXP/ES/2015,,23.99,28.29,28.28
2026-08-17,,,,,PL/1062/EXP/ES/2015,,23.59,28.49,
2026-08-17,,,,,PL/10619/EXP/ES/2015,,23.99,28.45,27.05
2026-08-17,,,,,PL/10618/EXP/ES/2015,,23.99,29.82,27.00
2026-08-17,,,,,PL/10617/EXP/ES/2015,,23.99,28.39,
2026-08-17,,,,,PL/10616/EXP/ES/2015,,23.49,27.97,
2026-08-17,,,,,PL/10615/EXP/ES/2015,,23.59,28.89,26.75
2026-08-17,,,,,PL/10614/EXP/ES/2015,,23.49,28.87,26.75
2026-08-17,,,,,PL/10613/EXP/ES/2015,,23.59,28.89,26.75
2026-08-17,,,,,PL/10612/EXP/ES/2015,,23.99,29.95,27.00
2026-08-17,,,,,PL/10611/EXP/ES/2015,,23.99,28.99,27.00
2026-08-17,,,,,PL/10610/EXP/ES/2015,,23.99,29.99,27.00
2026-08-17,,,,,PL/1061/EXP/ES/2015,,21.99,26.99,
2026-08-17,,,,,PL/10609/EXP/ES/2015,,23.39,27.97,
2026-08-17,,,,,PL/10608/EXP/ES/2015,,23.39,27.69,
2026-08-17,,,,,PL/10607/EXP/ES/2015,,23.49,28.98,26.75
2026-08-17,,,,,PL/10606/EXP/ES/2015,,23.99,27.49,
2026-08-17,,,,,PL/10605/EXP/ES/2015,,23.39,28.89,26.89
2026-08-17,,,,,PL/10604/EXP/ES/2015,,23.99,27.79,
2026-08-17,,,,,PL/10603/EXP/ES/2015,,22.96,27.65,
2026-08-17,,,,,PL/10602/EXP/ES/2015,,24.00,29.63,27.00
2026-08-17,,,,,PL/10600/EXP/ES/2015,,23.33,27.71,26.99
2026-08-17,,,,,PL/1060/EXP/ES/2015,,23.99,29.18,27.99
2026-08-17,,,,,PL/10599/EXP/ES/2015,,23.99,28.79,27.00
2026-08-17,,,,,PL/10598/EXP/ES/2015,,23.29,27.79,26.99
2026-08-17,,,,,PL/10597/EXP/ES/2015,,23.99,28.50,27.00
2026-08-17,,,,,PL/10596/EXP/ES/2015,,19.11,23.26,25.39
2026-08-17,,,,,PL/10595/EXP/ES/2015,,23.99,,27.00
2026-08-17,,,,,PL/10594/EXP/ES/2015,,23.99,28.50,27.00
2026-08-17,,,,,PL/10593/EXP/ES/2015,,23.99,28.50,
2026-08-17,,,,,PL/10592/EXP/ES/2015,,23.99,29.29,26.99
2026-08-17,,,,,PL/10590/EXP/ES/2015,,23.39,,26.89
2026-08-17,,,,,PL/1059/EXP/ES/2015,,24.19,28.99,
2026-08-17,,,,,PL/10589/EXP/ES/2015,,23.79,28.25,26.99
2026-08-17,,,,,PL/10588/EXP/ES/2015,,23.99,28.50,27.00
2026-08-17,,,,,PL/10587/EXP/ES/2015,,24.49,29.89,27.50
2026-08-17,,,,,PL/10586/EXP/ES/2015,,23.29,27.89,
2026-08-17,,,,,PL/10585/EXP/ES/2015,,23.39,27.69,
2026-08-17,,,,,PL/10584/EXP/ES/2015,,23.99,28.79,26.99
2026-08-17,,,,,PL/10583/EXP/ES/2015,,23.89,27.89,
2026-08-17,,,,,PL/10582/EXP/ES/2015,,23.99,28.79,26.99
2026-08-17,,,,,PL/10580/EXP/ES/2015,,23.60,28.85,27.00
2026-08-17,,,,,PL/1058/EXP/ES/2015,,23.99,29.29,27.00
2026-08-17,,,,,PL/10579/EXP/ES/2015,,23.19,27.99,26.85
2026-08-17,,,,,PL/10578/EXP/ES/2015,,22.99,28.49,
2026-08-17,,,,,PL/10577/EXP/ES/2015,,24.89,,
2026-08-17,,,,,PL/10576/EXP/ES/2015,,22.99,27.89,
2026-08-17,,,,,PL/10575/EXP/ES/2015,,23.96,28.49,26.99
2026-08-17,,,,,PL/10574/EXP/ES/2015,,20.50,23.99,26.69
2026-08-17,,,,,PL/10572/EXP/ES/2015,,23.98,29.24,27.00
2026-08-17,,,,,PL/10571/EXP/ES/2015,,23.98,29.14,27.00
2026-08-17,,,,,PL/10570/EXP/ES/2015,,23.99,29.99,27.00
2026-08-17,,,,,PL/1057/EXP/ES/2015,,23.99,29.99,
2026-08-17,,,,,PL/10569/EXP/ES/2015,,23.99,29.99,
2026-08-17,,,,,PL/10568/EXP/ES/2015,,21.27,24.77,25.39
2026-08-17,,,,,PL/10567/EXP/ES/2015,,22.99,27.90,26.90
2026-08-17,,,,,PL/10566/EXP/ES/2015,,23.49,27.79,26.99
2026-08-17,,,,,PL/10565/EXP/ES/2015,,22.59,27.99,
2026-08-17,,,,,PL/10564/EXP/ES/2015,,24.00,,28.00
2026-08-17,,,,,PL/10563/EXP/ES/2015,,23.99,28.50,27.00
2026-08-17,,,,,PL/10562/EXP/ES/2015,,23.99,29.45,
2026-08-17,,,,,PL/10561/EXP/ES/2015,,23.39,28.69,27.00
2026-08-17,,,,,PL/10560/EXP/ES/2015,,23.29,28.49,
2026-08-17,,,,,PL/1056/EXP/ES/2015,,23.99,28.49,27.00
2026-08-17,,,,,PL/10559/EXP/ES/2015,,23.99,28.69,27.00
2026-08-17,,,,,PL/10558/EXP/ES/2015,,23.99,30.49,27.99
2026-08-17,,,,,PL/10557/EXP/ES/2015,,20.99,26.90,27.00
2026-08-17,,,,,PL/10556/EXP/ES/2015,,20.99,26.90,27.00
2026-08-17,,,,,PL/10555/EXP/ES/2015,,23.29,27.89,26.99
2026-08-17,,,,,PL/10554/EXP/ES/2015,,25.38,28.98,
2026-08-17,,,,,PL/10553/EXP/ES/2015,,25.37,28.97,
2026-08-17,,,,,PL/10552/EXP/ES/2015,,25.39,28.99,28.29
2026-08-17,,,,,PL/10551/EXP/ES/2015,,25.39,28.98,
2026-08-17,,,,,PL/10550/EXP/ES/2015,,22.50,27.90,25.35
2026-08-17,,,,,PL/1055/EXP/ES/2015,,24.19,29.49,
2026-08-17,,,,,PL/10549/EXP/ES/2015,,24.49,29.29,26.99
2026-08-17,,,,,PL/10548/EXP/ES/2015,,24.49,29.99,26.99
2026-08-17,,,,,PL/10547/EXP/ES/2015,,24.49,29.69,26.99
2026-08-17,,,,,PL/10546/EXP/ES/2015,,24.49,29.69,26.99
2026-08-17,,,,,PL/1054/EXP/ES/2015,,23.99,29.59,
2026-08-17,,,,,PL/1053/EXP/ES/2015,,23.89,27.99,26.99
2026-08-17,,,,,PL/1052/EXP/ES/2015,,23.99,29.59,
2026-08-17,,,,,PL/1051/EXP/ES/2015,,24.19,28.89,27.00
2026-08-17,,,,,PL/1050/EXP/ES/2015,,23.99,29.99,27.00
2026-08-17,,,,,PL/1047/EXP/ES/2015,,23.99,29.49,27.29
2026-08-17,,,,,PL/1046/EXP/ES/2015,,23.99,29.69,
2026-08-17,,,,,PL/1045/EXP/ES/2015,,24.19,29.04,27.50
2026-08-17,,,,,PL/1044/EXP/ES/2015,,23.89,28.29,
2026-08-17,,,,,PL/1043/EXP/ES/2015,,23.89,28.29,26.99
2026-08-17,,,,,PL/1042/EXP/ES/2015,,23.99,28.58,26.99
2026-08-17,,,,,PL/1041/EXP/ES/2015,,23.97,,26.99
2026-08-17,,,,,PL/1040/EXP/ES/2015,,23.97,28.59,26.99
2026-08-17,,,,,PL/1039/EXP/ES/2015,,23.97,28.59,26.99
2026-08-17,,,,,PL/1038/EXP/ES/2015,,23.69,28.19,
2026-08-17,,,,,PL/10371/EXP/ES/2015,,23.98,28.95,26.99
2026-08-17,,,,,PL/10370/EXP/ES/2015,,23.20,29.20,
2026-08-17,,,,,PL/1037/EXP/ES/2015,,23.69,28.19,26.99
2026-08-17,,,,,PL/10369/EXP/ES/2015,,23.88,28.00,27.00
2026-08-17,,,,,PL/10368/EXP/ES/2015,,23.35,27.98,26.85
2026-08-17,,,,,PL/10367/EXP/ES/2015,,23.99,29.60,27.00
2026-08-17,,,,,PL/10366/EXP/ES/2015,,23.99,29.49,
2026-08-17,,,,,PL/10365/EXP/ES/2015,,23.69,27.69,27.00
2026-08-17,,,,,PL/10364/EXP/ES/2015,,23.85,28.00,26.95
2026-08-17,,,,,PL/10363/EXP/ES/2015,,23.89,27.99,
2026-08-17,,,,,PL/10362/EXP/ES/2015,,23.99,27.92,27.00
2026-08-17,,,,,PL/10361/EXP/ES/2015,,23.99,29.49,27.00
2026-08-17,,,,,PL/10360/EXP/ES/2015,,24.97,29.27,27.57
2026-08-17,,,,,PL/1036/EXP/ES/2015,,23.97,28.59,26.99
2026-08-17,,,,,PL/10359/EXP/ES/2015,,24.97,29.27,27.57
2026-08-17,,,,,PL/10358/EXP/ES/2015,,24.49,29.49,27.99
2026-08-17,,,,,PL/10357/EXP/ES/2015,,24.49,28.99,27.99
2026-08-17,,,,,PL/10356/EXP/ES/2015,,24.49,29.49,
2026-08-17,,,,,PL/10355/EXP/ES/2015,,24.97,29.27,27.57
2026-08-17,,,,,PL/10354/EXP/ES/2015,,23.99,28.69,26.99
2026-08-17,,,,,PL/10353/EXP/ES/2015,,23.99,29.30,27.00
2026-08-17,,,,,PL/10352/EXP/ES/2015,,24.97,29.27,27.57
2026-08-17,,,,,PL/10351/EXP/ES/2015,,23.99,28.99,26.99
2026-08-17,,,,,PL/10350/EXP/ES/2015,,23.99,,27.00
2026-08-17,,,,,PL/1035/EXP/ES/2015,,22.77,27.59,
2026-08-17,,,,,PL/10349/EXP/ES/2015,,24.39,27.99,27.00
2026-08-17,,,,COMBUSTIBLES TLAJOMULCO S.A. DE C.V.,PL/10348/EXP/ES/2015,Camino Buenavista Tlajomulco No. 3,23.99,28.99,26.98
2026-08-17,,,,,PL/10347/EXP/ES/2015,,24.39,27.93,
2026-08-17,,,,,PL/10346/EXP/ES/2015,,23.99,28.19,
2026-08-17,,,,,PL/10345/EXP/ES/2015,,23.99,27.29,27.29
2026-08-17,,,,,PL/10344/EXP/ES/2015,,23.99,29.99,27.00
2026-08-17,,,,,PL/10343/EXP/ES/2015,,23.99,28.69,
2026-08-17,,,,,PL/10342/EXP/ES/2015,,23.97,29.29,27.00
2026-08-17,,,,,PL/10341/EXP/ES/2015,,23.99,28.40,27.15
2026-08-17,,,,,PL/10340/EXP/ES/2015,,23.99,28.87,27.00
2026-08-17,,,,,PL/1034/EXP/ES/2015,,25.39,28.98,
2026-08-17,,,,,PL/10339/EXP/ES/2015,,21.59,24.75,24.59
2026-08-17,,,,,PL/10338/EXP/ES/2015,,23.99,29.50,26.99
2026-08-17,,,,,PL/10337/EXP/ES/2015,,24.38,,27.99
2026-08-17,,,,,PL/10335/EXP/ES/2015,,23.99,,27.00
2026-08-17,,,,,PL/10334/EXP/ES/2015,,23.90,27.70,27.00
2026-08-17,,,,,PL/10333/EXP/ES/2015,,22.99,28.49,
2026-08-17,,,,,PL/10332/EXP/ES/2015,,23.99,28.99,26.99
2026-08-17,,,,,PL/10331/EXP/ES/2015,,24.49,28.99,27.99
2026-08-17,,,,,PL/10330/EXP/ES/2015,,24.99,29.89,28.09
2026-08-17,,,,,PL/1033/EXP/ES/2015,,23.99,28.99,27.49
2026-08-17,,,,,PL/10329/EXP/ES/2015,,24.69,29.49,27.99
2026-08-17,,,,,PL/10328/EXP/ES/2015,,23.84,28.84,
2026-08-17,,,,,PL/10327/EXP/ES/2015,,23.29,28.97,26.95
2026-08-17,,,,,PL/10325/EXP/ES/2015,,23.79,27.99,
2026-08-17,,,,,PL/10324/EXP/ES/2015,,23.89,27.49,27.00
2026-08-17,,,,,PL/10323/EXP/ES/2015,,22.99,25.99,26.99
2026-08-17,,,,,PL/10322/EXP/ES/2015,,24.37,29.44,26.98
2026-08-17,,,,,PL/10321/EXP/ES/2015,,23.99,28.99,27.00
2026-08-17,,,,,PL/10320/EXP/ES/2015,,23.97,28.09,26.99
2026-08-17,,,,,PL/1032/EXP/ES/2015,,24.39,29.99,27.00
2026-08-17,,,,,PL/10319/EXP/ES/2015,,22.89,27.99,26.95
2026-08-17,,,,,PL/10318/EXP/ES/2015,,23.74,26.69,26.97
2026-08-17,,,,,PL/10317/EXP/ES/2015,,23.79,27.89,27.00
2026-08-17,,,,,PL/10316/EXP/ES/2015,,24.59,,
2026-08-17,,,,,PL/10315/EXP/ES/2015,,23.91,28.75,26.99
2026-08-17,,,,,PL/10314/EXP/ES/2015,,23.19,27.89,26.89
2026-08-17,,,,,PL/10313/EXP/ES/2015,,23.93,29.39,26.97
2026-08-17,,,,,PL/10312/EXP/ES/2015,,23.77,28.88,26.88
2026-08-17,,,,ESTACIÓN DE SERVICIOS GOMCO S.A. DE C.V.,PL/10311/EXP/ES/2015,Avenida Constitución No. 485,23.49,26.89,26.75
2026-08-17,,,,,PL/10310/EXP/ES/2015,,23.75,29.69,26.88
2026-08-17,,,,,PL/1031/EXP/ES/2015,,22.99,,26.99
2026-08-17,,,,,PL/10309/EXP/ES/2015,,23.79,29.48,
2026-08-17,,,,,PL/10308/EXP/ES/2015,,23.97,28.37,26.99
2026-08-17,,,,,PL/10307/EXP/ES/2015,,23.99,28.50,27.00
2026-08-17,,,,,PL/10306/EXP/ES/2015,,23.99,29.04,27.00
2026-08-17,,,,,PL/10305/EXP/ES/2015,,23.58,28.87,26.98
2026-08-17,,,,,PL/10304/EXP/ES/2015,,23.39,27.57,26.99
2026-08-17,,,,,PL/10302/EXP/ES/2015,,23.25,27.99,26.85
2026-08-17,,,,,PL/10300/EXP/ES/2015,,23.49,27.79,26.95
2026-08-17,,,,,PL/1030/EXP/ES/2015,,23.59,28.99,26.99
2026-08-17,,,,,PL/10299/EXP/ES/2015,,22.49,26.49,
2026-08-17,,,,,PL/10298/EXP/ES/2015,,23.66,27.65,27.00
2026-08-17,,,,,PL/10297/EXP/ES/2015,,23.80,27.61,
2026-08-17,,,,,PL/10296/EXP/ES/2015,,23.69,27.41,21.55
2026-08-17,,,,,PL/10295/EXP/ES/2015,,22.79,28.99,
2026-08-17,,,,,PL/10294/EXP/ES/2015,,23.94,27.54,27.00
2026-08-17,,,,,PL/10293/EXP/ES/2015,,23.39,27.79,
2026-08-17,,,,,PL/10292/EXP/ES/2015,,22.95,28.75,
2026-08-17,,,,,PL/10291/EXP/ES/2015,,22.79,28.75,
2026-08-17,,,,,PL/10290/EXP/ES/2015,,23.89,27.99,26.94
2026-08-17,,,,,PL/1029/EXP/ES/2015,,22.20,26.99,
2026-08-17,,,,,PL/10289/EXP/ES/2015,,23.99,28.49,
2026-08-17,,,,,PL/10288/EXP/ES/2015,,23.99,27.99,26.99
2026-08-17,,,,,PL/10287/EXP/ES/2015,,23.19,27.79,26.99
2026-08-17,,,,,PL/10286/EXP/ES/2015,,23.19,26.99,26.99
2026-08-17,,,,,PL/10285/EXP/ES/2015,,23.99,28.59,26.99
2026-08-17,,,,,PL/10284/EXP/ES/2015,,23.55,27.99,
2026-08-17,,,,,PL/10283/EXP/ES/2015,,22.27,26.77,
2026-08-17,,,,,PL/10282/EXP/ES/2015,,23.94,,26.49
2026-08-17,,,,,PL/10281/EXP/ES/2015,,20.49,26.49,25.99
2026-08-17,,,,,PL/10280/EXP/ES/2015,,22.99,28.14,26.99
2026-08-17,,,,,PL/1028/EXP/ES/2015,,23.97,28.29,
2026-08-17,,,,,PL/10279/EXP/ES/2015,,23.19,27.99,26.99
2026-08-17,,,,,PL/10278/EXP/ES/2015,,23.99,28.63,26.99
2026-08-17,,,,,PL/10277/EXP/ES/2015,,23.99,28.85,27.00
2026-08-17,,,,,PL/10276/EXP/ES/2015,,23.05,27.85,26.85
2026-08-17,,,,,PL/10275/EXP/ES/2015,,23.49,28.09,26.99
2026-08-17,,,,,PL/10272/EXP/ES/2015,,23.99,28.79,26.99
2026-08-17,,,,,PL/10271/EXP/ES/2015,,23.90,28.83,27.00
2026-08-17,,,,,PL/1027/EXP/ES/2015,,23.99,29.99,
2026-08-17,,,,,PL/10269/EXP/ES/2015,,23.95,29.55,27.00
2026-08-17,,,,,PL/10268/EXP/ES/2015,,24.68,29.99,27.00
2026-08-17,,,,,PL/10267/EXP/ES/2015,,24.00,28.99,27.00
2026-08-17,,,,,PL/10265/EXP/ES/2015,,23.99,26.98,
2026-08-17,,,,,PL/10264/EXP/ES/2015,,23.99,26.98,27.00
2026-08-17,,,,,PL/10263/EXP/ES/2015,,23.75,,26.99
2026-08-17,,,,,PL/10262/EXP/ES/2015,,,27.30,25.30
2026-08-17,,,,,PL/10261/EXP/ES/2015,,23.89,28.78,
2026-08-17,,,,,PL/10260/EXP/ES/2015,,23.99,29.10,27.00
2026-08-17,,,,,PL/1026/EXP/ES/2015,,23.99,29.99,27.00
2026-08-17,,,,,PL/10259/EXP/ES/2015,,23.99,28.99,27.00
2026-08-17,,,,,PL/10258/EXP/ES/2015,,23.98,28.69,26.99
2026-08-17,,,,,PL/10257/EXP/ES/2015,,23.99,28.99,26.99
2026-08-17,,,,,PL/10256/EXP/ES/2015,,23.99,28.17,27.60
2026-08-17,,,,,PL/10255/EXP/ES/2015,,23.99,28.89,27.00
2026-08-17,,,,,PL/10254/EXP/ES/2015,,23.99,28.99,27.23
2026-08-17,,,,,PL/10251/EXP/ES/2015,,22.59,27.29,23.69
2026-08-17,,,,,PL/10250/EXP/ES/2015,,23.99,29.99,
2026-08-17,,,,,PL/1025/EXP/ES/2015,,24.25,29.89,27.20
2026-08-17,,,,,PL/10249/EXP/ES/2015,,23.99,,26.84
2026-08-17,,,,,PL/10246/EXP/ES/2015,,23.67,,26.87
2026-08-17,,,,,PL/10245/EXP/ES/2015,,23.99,28.45,27.00
2026-08-17,,,,,PL/10244/EXP/ES/2015,,23.95,29.00,
2026-08-17,,,,,PL/10243/EXP/ES/2015,,23.99,29.60,26.48
2026-08-17,,,,,PL/10242/EXP/ES/2015,,23.99,27.99,27.00
2026-08-17,,,,,PL/10241/EXP/ES/2015,,22.99,28.69,27.00
2026-08-17,,,,,PL/10240/EXP/ES/2015,,23.77,28.68,26.97
2026-08-17,,,,,PL/1024/EXP/ES/2015,,23.59,28.49,26.99
2026-08-17,,,,,PL/10239/EXP/ES/2015,,23.99,28.27,27.00
2026-08-17,,,,,PL/10238/EXP/ES/2015,,24.00,,27.00
2026-08-17,,,,,PL/10237/EXP/ES/2015,,23.99,29.75,27.00
2026-08-17,,,,,PL/10236/EXP/ES/2015,,22.85,26.67,26.99
2026-08-17,,,,,PL/10235/EXP/ES/2015,,24.65,29.50,27.50
2026-08-17,,,,,PL/10234/EXP/ES/2015,,23.99,,27.00
2026-08-17,,,,,PL/10233/EXP/ES/2015,,23.69,28.15,26.95
2026-08-17,,,,,PL/10232/EXP/ES/2015,,22.99,28.49,26.99
2026-08-17,,,,,PL/10231/EXP/ES/2015,,26.00,30.50,28.00
2026-08-17,,,,,PL/10230/EXP/ES/2015,,23.91,29.49,27.00
2026-08-17,,,,,PL/1023/EXP/ES/2015,,23.99,28.49,26.99
2026-08-17,,,,,PL/10229/EXP/ES/2015,,23.99,27.99,27.00
2026-08-17,,,,,PL/10228/EXP/ES/2015,,24.69,29.99,27.00
2026-08-17,,,,,PL/10227/EXP/ES/2015,,23.99,28.69,27.00
2026-08-17,,,,,PL/10226/EXP/ES/2015,,23.99,29.49,27.00
2026-08-17,,,,,PL/10225/EXP/ES/2015,,23.90,29.50,27.00
2026-08-17,,,,,PL/10224/EXP/ES/2015,,23.95,28.75,27.00
2026-08-17,,,,,PL/10223/EXP/ES/2015,,22.59,27.49,25.39
2026-08-17,,,,,PL/10222/EXP/ES/2015,,23.67,28.37,
2026-08-17,,,,,PL/10221/EXP/ES/2015,,23.39,27.79,27.29
2026-08-17,,,,,PL/10220/EXP/ES/2015,,23.99,29.99,26.99
2026-08-17,,,,,PL/1022/EXP/ES/2015,,23.79,28.89,26.99
2026-08-17,,,,,PL/10219/EXP/ES/2015,,24.99,28.79,27.99
2026-08-17,,,,,PL/10218/EXP/ES/2015,,23.82,27.67,26.99
2026-08-17,,,,,PL/10217/EXP/ES/2015,,24.99,29.99,27.99
2026-08-17,,,,,PL/10216/EXP/ES/2015,,23.99,27.99,
2026-08-17,,,,,PL/10215/EXP/ES/2015,,23.99,28.52,27.00
2026-08-17,,,,,PL/10214/EXP/ES/2015,,24.99,,27.99
2026-08-17,,,,,PL/10213/EXP/ES/2015,,23.99,28.60,27.00
2026-08-17,,,,,PL/10212/EXP/ES/2015,,23.58,27.78,26.98
2026-08-17,,,,,PL/10211/EXP/ES/2015,,22.69,26.59,
2026-08-17,,,,,PL/10210/EXP/ES/2015,,23.58,27.70,
2026-08-17,,,,,PL/1021/EXP/ES/2015,,23.97,28.29,26.99
2026-08-17,,,,,PL/10209/EXP/ES/2015,,23.74,,27.05
2026-08-17,,,,,PL/10208/EXP/ES/2015,,23.58,27.70,
2026-08-17,,,,,PL/10207/EXP/ES/2015,,23.79,27.89,
2026-08-17,,,,,PL/10206/EXP/ES/2015,,23.06,27.59,26.99
2026-08-17,,,,,PL/10205/EXP/ES/2015,,23.99,27.99,
2026-08-17,,,,,PL/10204/EXP/ES/2015,,23.18,28.32,27.00
2026-08-17,,,,,PL/10203/EXP/ES/2015,,24.00,29.59,27.00
2026-08-17,,,,,PL/10202/EXP/ES/2015,,23.20,26.90,
2026-08-17,,,,,PL/10201/EXP/ES/2015,,24.00,,27.00
2026-08-17,,,,,PL/10200/EXP/ES/2015,,23.99,29.39,26.99
2026-08-17,,,,,PL/1020/EXP/ES/2015,,23.99,28.99,26.99
2026-08-17,,,,,PL/10199/EXP/ES/2015,,19.99,19.99,
2026-08-17,,,,,PL/10198/EXP/ES/2015,,23.79,27.99,
2026-08-17,,,,,PL/10197/EXP/ES/2015,,23.93,27.95,
2026-08-17,,,,,PL/10196/EXP/ES/2015,,23.99,29.29,26.99
2026-08-17,,,,,PL/10195/EXP/ES/2015,,24.00,29.99,27.79
2026-08-17,,,,,PL/10194/EXP/ES/2015,,20.99,24.49,26.99
2026-08-17,,,,,PL/10193/EXP/ES/2015,,23.20,27.50,27.00
2026-08-17,,,,,PL/10192/EXP/ES/2015,,23.39,,23.09
2026-08-17,,,,,PL/10191/EXP/ES/2015,,23.99,28.55,27.00
2026-08-17,,,,,PL/10190/EXP/ES/2015,,23.89,25.89,
2026-08-17,,,,,PL/1019/EXP/ES/2015,,23.29,28.39,26.99
2026-08-17,,,,,PL/10189/EXP/ES/2015,,29.20,28.60,27.00
2026-08-17,,,,,PL/10188/EXP/ES/2015,,23.89,25.89,
2026-08-17,,,,,PL/10187/EXP/ES/2015,,23.99,29.97,26.97
2026-08-17,,,,,PL/10186/EXP/ES/2015,,23.99,27.79,
2026-08-17,,,,,PL/10185/EXP/ES/2015,,23.99,28.69,
2026-08-17,,,,,PL/10184/EXP/ES/2015,,23.99,25.93,24.84
2026-08-17,,,,,PL/10183/EXP/ES/2015,,24.00,29.30,27.00
2026-08-17,,,,,PL/10182/EXP/ES/2015,,23.79,27.79,
2026-08-17,,,,,PL/10181/EXP/ES/2015,,23.89,27.89,
2026-08-17,,,,,PL/1018/EXP/ES/2015,,23.39,27.95,26.99
2026-08-17,,,,,PL/10179/EXP/ES/2015,,24.00,,28.55
2026-08-17,,,,,PL/10177/EXP/ES/2015,,23.99,28.63,
2026-08-17,,,,,PL/10176/EXP/ES/2015,,23.95,28.85,27.00
2026-08-17,,,,,PL/10175/EXP/ES/2015,,23.79,27.91,26.99
2026-08-17,,,,,PL/10174/EXP/ES/2015,,23.99,29.99,26.99
2026-08-17,,,,,PL/10173/EXP/ES/2015,,23.99,27.79,27.00
2026-08-17,,,,,PL/10172/EXP/ES/2015,,23.99,28.90,27.00
2026-08-17,,,,,PL/10171/EXP/ES/2015,,23.99,27.99,27.00
2026-08-17,,,,,PL/10170/EXP/ES/2015,,23.99,29.99,26.99
2026-08-17,,,,,PL/1017/EXP/ES/2015,,23.99,,27.00
2026-08-17,,,,,PL/10168/EXP/ES/2015,,23.99,,26.99
2026-08-17,,,,,PL/10167/EXP/ES/2015,,23.99,28.80,27.00
2026-08-17,,,,,PL/10166/EXP/ES/2015,,23.99,,28.00
2026-08-17,,,,GASERVICIOS SAN DIEGO S.A. DE C.V.,PL/10165/EXP/ES/2015,Carretera Tlajomulco - San Miguel No. 1500,23.50,28.80,26.99
2026-08-17,,,,,PL/10164/EXP/ES/2015,,23.39,28.69,27.00
2026-08-17,,,,,PL/10163/EXP/ES/2015,,23.99,26.93,26.99
2026-08-17,,,,,PL/10162/EXP/ES/2015,,23.60,28.90,27.00
2026-08-17,,,,,PL/10161/EXP/ES/2015,,23.95,27.25,26.95
2026-08-17,,,,,PL/10160/EXP/ES/2015,,23.99,29.39,
2026-08-17,,,,,PL/1016/EXP/ES/2015,,24.99,29.69,26.99
2026-08-17,,,,,PL/10159/EXP/ES/2015,,23.99,29.39,
2026-08-17,,,,,PL/10156/EXP/ES/2015,,23.99,29.49,27.00
2026-08-17,,,,,PL/10155/EXP/ES/2015,,21.59,26.65,25.39
2026-08-17,,,,,PL/10154/EXP/ES/2015,,23.99,28.49,26.99
2026-08-17,,,,,PL/1015/EXP/ES/2015,,22.99,27.69,26.99
2026-08-17,,,,,PL/10149/EXP/ES/2015,,23.99,28.89,26.99
2026-08-17,,,,,PL/10148/EXP/ES/2015,,23.99,29.39,27.00
2026-08-17,,,,,PL/10147/EXP/ES/2015,,23.99,27.90,27.00
2026-08-17,,,,,PL/10146/EXP/ES/2015,,25.39,28.98,28.27
2026-08-17,,,,,PL/10143/EXP/ES/2015,,23.98,25.97,26.96
2026-08-17,,,,,PL/10142/EXP/ES/2015,,23.65,27.05,26.85
2026-08-17,,,,,PL/10141/EXP/ES/2015,,23.92,27.99,26.90
2026-08-17,,,,GASOLINA Y DIESEL DE OCCIDENTE S.A. DE C.V.,PL/10140/EXP/ES/2015,Avenida Pedro Parra Centeno No. 112,23.99,29.48,27.00
2026-08-17,,,,,PL/1014/EXP/ES/2015,,23.99,29.99,27.00
2026-08-17,,,,,PL/10138/EXP/ES/2015,,23.69,27.67,26.97
2026-08-17,,,,GASOLINA Y DIESEL DE OCCIDENTE S.A. DE C.V.,PL/10137/EXP/ES/2015,Calle Pino Suarez No. 587,23.99,29.45,
2026-08-17,,,,,PL/10136/EXP/ES/2015,,23.59,27.99,26.58
2026-08-17,,,,,PL/10135/EXP/ES/2015,,22.99,27.95,
2026-08-17,,,,,PL/10134/EXP/ES/2015,,20.17,,
2026-08-17,,,,,PL/10133/EXP/ES/2015,,23.99,28.84,26.99
2026-08-17,,,,,PL/10132/EXP/ES/2015,,24.00,,27.00
2026-08-17,,,,,PL/10131/EXP/ES/2015,,20.59,24.59,25.39
2026-08-17,,,,,PL/10130/EXP/ES/2015,,24.39,27.99,27.00
2026-08-17,,,,,PL/1013/EXP/ES/2015,,23.99,28.49,26.99
2026-08-17,,,,PETROVAZ S.A. DE C.V.,PL/10129/EXP/ES/2015,Avenida Vallarta S/N Casi Esquina Con Periférico,23.99,29.99,27.00
2026-08-17,,,,,PL/10128/EXP/ES/2015,,23.99,29.99,26.99
2026-08-17,,,,,PL/10127/EXP/ES/2015,,23.99,29.76,27.00
2026-08-17,,,,,PL/10126/EXP/ES/2015,,23.98,,27.00
2026-08-17,,,,,PL/10125/EXP/ES/2015,,22.89,28.99,
2026-08-17,,,,,PL/10124/EXP/ES/2015,,22.99,28.99,
2026-08-17,,,,,PL/10123/EXP/ES/2015,,23.89,28.99,
2026-08-17,,,,,PL/10122/EXP/ES/2015,,23.99,29.49,
2026-08-17,,,,,PL/10120/EXP/ES/2015,,20.79,26.89,
2026-08-17,,,,,PL/1012/EXP/ES/2015,,23.29,27.89,
2026-08-17,,,,,PL/10119/EXP/ES/2015,,23.99,,26.09
2026-08-17,,,,,PL/10117/EXP/ES/2015,,23.98,29.28,27.00
2026-08-17,,,,,PL/10116/EXP/ES/2015,,23.99,29.50,27.00
2026-08-17,,,,,PL/10114/EXP/ES/2015,,23.99,29.99,
2026-08-17,,,,,PL/10113/EXP/ES/2015,,22.99,28.49,
2026-08-17,,,,,PL/10112/EXP/ES/2015,,25.39,28.99,28.29
2026-08-17,,,,,PL/10111/EXP/ES/2015,,23.89,27.71,
2026-08-17,,,,,PL/10110/EXP/ES/2015,,19.19,23.29,
2026-08-17,,,,,PL/1011/EXP/ES/2015,,23.69,27.69,27.00
2026-08-17,,,,,PL/10109/EXP/ES/2015,,21.31,24.77,25.37
2026-08-17,,,,COMBUSTIBLE TLAJOMULCO S.A. DE C.V.,PL/10108/EXP/ES/2015,Avenida Concepción No. 79,23.89,,26.99
2026-08-17,,,,,PL/10107/EXP/ES/2015,,23.65,,26.99
2026-08-17,,,,ESTACIÓN GUADALUPE S.A. DE C.V.,PL/10106/EXP/ES/2015,Pintores 793,23.49,28.49,
2026-08-17,,,,,PL/10105/EXP/ES/2015,,23.19,29.10,26.98
2026-08-17,,,,,PL/10104/EXP/ES/2015,,23.89,27.30,
2026-08-17,,,,CENTRAL SAN AGUSTÍN S.A. DE C.V.,PL/10103/EXP/ES/2015,López Mateos Sur 6998,23.99,29.99,27.00
2026-08-17,,,,,PL/10102/EXP/ES/2015,,23.99,29.04,26.99
2026-08-17,,,,,PL/10101/EXP/ES/2015,,23.19,29.10,
2026-08-17,,,,OPERADORA AVIACIÓN S.A. DE C.V.,PL/10100/EXP/ES/2015,Avenida Aviación No. 3700,23.99,29.69,
2026-08-17,,,,,PL/1010/EXP/ES/2015,,24.39,,27.69
2026-08-17,,,,,PL/10099/EXP/ES/2015,,23.99,27.99,26.99
2026-08-17,,,,ESTACIÓN DE SERVICIO GALERIAS S.A. DE C.V.,PL/10098/EXP/ES/2015,Ludwin Van Beethoven No. 5503,23.89,28.49,
2026-08-17,,,,,PL/10097/EXP/ES/2015,,23.99,29.29,27.00
2026-08-17,,,,,PL/10096/EXP/ES/2015,,22.86,27.84,26.73
2026-08-17,,,,,PL/10095/EXP/ES/2015,,20.59,24.59,
2026-08-17,,,,,PL/10094/EXP/ES/2015,,23.69,27.99,27.00
2026-08-17,,,,,PL/10093/EXP/ES/2015,,23.69,28.05,27.00
2026-08-17,,,,ESTACIÓN DE SERVICIO PYOTR S.A. DE C.V.,PL/10091/EXP/ES/2015,López Mateos No. 1200,23.99,28.69,26.99
2026-08-17,,,,,PL/10090/EXP/ES/2015,,23.50,29.40,26.90
2026-08-17,,,,,PL/1009/EXP/ES/2015,,24.39,29.88,27.49
2026-08-17,,,,,PL/10089/EXP/ES/2015,,23.98,,26.98
2026-08-17,,,,,PL/10088/EXP/ES/2015,,22.99,28.49,26.99
2026-08-17,,,,,PL/10087/EXP/ES/2015,,23.99,,
2026-08-17,,,,,PL/10086/EXP/ES/2015,,22.99,28.49,
2026-08-17,,,,,PL/10085/EXP/ES/2015,,23.95,28.80,27.51
2026-08-17,,,,,PL/10084/EXP/ES/2015,,23.99,29.39,
2026-08-17,,,,,PL/10083/EXP/ES/2015,,22.48,26.48,
2026-08-17,,,,,PL/10082/EXP/ES/2015,,22.98,26.94,
2026-08-17,,,,,PL/10081/EXP/ES/2015,,23.99,28.99,28.80
2026-08-17,,,,,PL/1008/EXP/ES/2015,,24.39,29.88,27.49
2026-08-17,,,,,PL/10079/EXP/ES/2015,,22.96,26.93,
2026-08-17,,,,,PL/10078/EXP/ES/2015,,23.49,23.99,23.50
2026-08-17,,,,,PL/10076/EXP/ES/2015,,23.69,28.17,26.99
2026-08-17,,,,,PL/10075/EXP/ES/2015,,23.99,28.50,27.00
2026-08-17,,,,,PL/10074/EXP/ES/2015,,23.99,28.98,27.00
2026-08-17,,,,,PL/10073/EXP/ES/2015,,23.99,28.11,27.00
2026-08-17,,,,,PL/10072/EXP/ES/2015,,23.39,27.49,26.98
2026-08-17,,,,,PL/10071/EXP/ES/2015,,23.99,28.11,27.00
2026-08-17,,,,,PL/10070/EXP/ES/2015,,23.39,27.89,26.99
2026-08-17,,,,,PL/1007/EXP/ES/2015,,24.39,29.88,27.49
2026-08-17,,,,,PL/10069/EXP/ES/2015,,23.49,27.89,
2026-08-17,,,,,PL/10068/EXP/ES/2015,,24.54,,27.69
2026-08-17,,,,,PL/10066/EXP/ES/2015,,23.49,28.29,
2026-08-17,,,,,PL/10065/EXP/ES/2015,,23.99,28.95,27.00
2026-08-17,,,,,PL/10064/EXP/ES/2015,,23.99,28.49,26.99
2026-08-17,,,,,PL/10063/EXP/ES/2015,,20.69,26.99,26.99
2026-08-17,,,,,PL/10062/EXP/ES/2015,,24.49,27.79,27.79
2026-08-17,,,,,PL/10061/EXP/ES/2015,,23.99,29.99,27.00
2026-08-17,,,,,PL/10060/EXP/ES/2015,,24.50,30.50,27.00
2026-08-17,,,,,PL/1006/EXP/ES/2015,,23.99,27.99,27.00
2026-08-17,,,,,PL/10059/EXP/ES/2015,,23.76,28.49,26.99
2026-08-17,,,,,PL/10058/EXP/ES/2015,,23.99,28.99,26.99
2026-08-17,,,,,PL/10057/EXP/ES/2015,,23.99,28.49,27.49
2026-08-17,,,,,PL/10056/EXP/ES/2015,,23.99,28.58,27.00
2026-08-17,,,,,PL/10055/EXP/ES/2015,,23.99,28.58,27.00
2026-08-17,,,,,PL/10053/EXP/ES/2015,,23.09,27.69,26.89
2026-08-17,,,,,PL/10052/EXP/ES/2015,,20.99,26.90,27.00
2026-08-17,,,,,PL/10051/EXP/ES/2015,,24.00,29.99,27.99
2026-08-17,,,,,PL/10050/EXP/ES/2015,,24.99,29.99,27.00
2026-08-17,,,,,PL/1005/EXP/ES/2015,,22.99,28.29,
2026-08-17,,,,,PL/10049/EXP/ES/2015,,23.99,28.99,27.99
2026-08-17,,,,,PL/10048/EXP/ES/2015,,22.99,26.99,
2026-08-17,,,,,PL/10047/EXP/ES/2015,,23.70,28.00,27.00
2026-08-17,,,,,PL/10046/EXP/ES/2015,,24.98,,29.88
2026-08-17,,,,,PL/10045/EXP/ES/2015,,23.99,28.79,28.28
2026-08-17,,,,,PL/10043/EXP/ES/2015,,23.92,27.60,27.00
2026-08-17,,,,,PL/10042/EXP/ES/2015,,23.99,27.89,26.99
2026-08-17,,,,,PL/10041/EXP/ES/2015,,23.99,28.50,27.00
2026-08-17,,,,,PL/10040/EXP/ES/2015,,23.99,27.60,27.00
2026-08-17,,,,,PL/1004/EXP/ES/2015,,23.99,28.99,27.00
2026-08-17,,,,,PL/10039/EXP/ES/2015,,23.99,27.74,27.00
2026-08-17,,,,,PL/10038/EXP/ES/2015,,23.99,28.59,27.00
2026-08-17,,,,,PL/10037/EXP/ES/2015,,23.99,29.99,
2026-08-17,,,,,PL/10036/EXP/ES/2015,,24.37,27.99,27.00
2026-08-17,,,,,PL/10035/EXP/ES/2015,,24.19,29.89,27.00
2026-08-17,,,,,PL/10034/EXP/ES/2015,,22.99,,26.49
2026-08-17,,,,,PL/10033/EXP/ES/2015,,20.99,24.99,26.99
2026-08-17,,,,,PL/10032/EXP/ES/2015,,23.99,28.99,27.00
2026-08-17,,,,,PL/10031/EXP/ES/2015,,23.95,28.60,
2026-08-17,,,,,PL/10030/EXP/ES/2015,,23.89,28.59,27.00
2026-08-17,,,,,PL/1003/EXP/ES/2015,,23.90,28.50,27.45
2026-08-17,,,,,PL/10029/EXP/ES/2015,,23.69,27.49,26.99
2026-08-17,,,,,PL/10028/EXP/ES/2015,,23.99,26.99,27.00
2026-08-17,,,,,PL/10027/EXP/ES/2015,,22.99,28.49,
2026-08-17,,,,,PL/10026/EXP/ES/2015,,22.59,,
2026-08-17,,,,,PL/10025/EXP/ES/2015,,23.99,29.19,26.99
2026-08-17,,,,,PL/10024/EXP/ES/2015,,23.93,28.99,27.00
2026-08-17,,,,,PL/10023/EXP/ES/2015,,23.99,28.99,
2026-08-17,,,,,PL/10022/EXP/ES/2015,,23.99,28.99,27.00
2026-08-17,,,,,PL/10021/EXP/ES/2015,,23.99,29.99,27.00
2026-08-17,,,,,PL/10020/EXP/ES/2015,,20.99,26.90,27.00
2026-08-17,,,,,PL/1002/EXP/ES/2015,,23.99,29.49,27.00
2026-08-17,,,,,PL/10019/EXP/ES/2015,,23.03,27.83,26.83
2026-08-17,,,,,PL/10018/EXP/ES/2015,,23.95,27.99,26.95
2026-08-17,,,,,PL/10017/EXP/ES/2015,,23.99,29.39,27.00
2026-08-17,,,,,PL/10016/EXP/ES/2015,,23.94,27.96,26.94
2026-08-17,,,,,PL/10015/EXP/ES/2015,,22.99,27.99,26.99
2026-08-17,,,,,PL/10014/EXP/ES/2015,,25.38,28.98,28.28
2026-08-17,,,,,PL/10013/EXP/ES/2015,,23.99,,26.99
2026-08-17,,,,,PL/10012/EXP/ES/2015,,23.99,27.99,26.99
2026-08-17,,,,,PL/10010/EXP/ES/2015,,24.19,29.99,27.49
2026-08-17,,,,,PL/1001/EXP/ES/2015,,24.19,29.39,27.00
2026-08-17,,,,,PL/10009/EXP/ES/2015,,24.19,29.99,27.49
2026-08-17,,,,,PL/10008/EXP/ES/2015,,23.19,25.99,
2026-08-17,,,,,PL/10007/EXP/ES/2015,,23.98,28.19,27.00
2026-08-17,,,,,PL/10006/EXP/ES/2015,,22.74,26.47,26.61
2026-08-17,,,,,PL/10005/EXP/ES/2015,,23.09,,26.89
2026-08-17,,,,,PL/10004/EXP/ES/2015,,22.95,27.26,
2026-08-17,,,,,PL/10003/EXP/ES/2015,,23.99,27.98,27.00
2026-08-17,,,,,PL/10002/EXP/ES/2015,,23.99,27.98,27.00
2026-08-17,,,,,PL/10001/EXP/ES/2015,,22.95,27.90,
2026-08-17,,,,,PL/10000/EXP/ES/2015,,22.95,27.26,26.99
2026-08-17,,,,,PL/1000/EXP/ES/2015,,23.99,29.19,27.00
2026-08-17,,,,,CNE/PL/96/EXP/ES/2025,,22.75,28.95,26.99
2026-08-17,,,,,CNE/PL/94/EXP/ES/2025,,22.92,28.75,26.84
2026-08-17,,,,,CNE/PL/93/EXP/ES/2025,,23.99,28.89,26.99
2026-08-17,,,,,CNE/PL/92/EXP/ES/2025,,20.99,24.76,
2026-08-17,,,,,CNE/PL/91/EXP/ES/2025,,22.85,27.99,26.20
2026-08-17,,,,,CNE/PL/90/EXP/ES/2025,,24.94,28.99,27.98
2026-08-17,,,,,CNE/PL/89/EXP/ES/2025,,21.29,24.79,
2026-08-17,,,,,CNE/PL/88/EXP/ES/2025,,23.99,29.79,26.99
2026-08-17,,,,,CNE/PL/87/EXP/ES/2025,,23.31,28.78,26.88
2026-08-17,,,,,CNE/PL/86/EXP/ES/2025,,23.50,27.50,26.99
2026-08-17,,,,,CNE/PL/83/EXP/ES/2025,,23.99,27.99,26.99
2026-08-17,,,,,CNE/PL/82/EXP/ES/2025,,23.99,28.99,27.99
2026-08-17,,,,,CNE/PL/81/EXP/ES/2025,,24.29,28.09,27.00
2026-08-17,,,,,CNE/PL/80/EXP/ES/2025,,23.89,28.88,26.99
2026-08-17,,,,,CNE/PL/79/EXP/ES/2025,,23.30,27.60,
2026-08-17,,,,,CNE/PL/781/EXP/ES/2026,,19.77,23.09,
2026-08-17,,,,,CNE/PL/78/EXP/ES/2025,,24.39,29.29,26.99
2026-08-17,,,,,CNE/PL/77/EXP/ES/2025,,24.39,29.29,26.99
2026-08-17,,,,,CNE/PL/766/EXP/ES/2026,,23.81,27.99,27.00
2026-08-17,,,,,CNE/PL/760/EXP/ES/2026,,20.99,,
2026-08-17,,,,,CNE/PL/76/EXP/ES/2025,,23.99,28.49,26.99
2026-08-17,,,,,CNE/PL/754/EXP/ES/2026,,23.59,27.59,27.00
2026-08-17,,,,,CNE/PL/753/EXP/ES/2026,,23.39,27.99,
2026-08-17,,,,,CNE/PL/750/EXP/ES/2026,,23.99,28.89,27.00
2026-08-17,,,,,CNE/PL/748/EXP/ES/2026,,24.94,28.97,27.94
2026-08-17,,,,,CNE/PL/747/EXP/ES/2026,,23.99,28.80,27.00
2026-08-17,,,,,CNE/PL/74/EXP/ES/2025,,23.59,28.78,26.88
2026-08-17,,,,,CNE/PL/738/EXP/ES/2026,,23.99,28.99,26.99
2026-08-17,,,,,CNE/PL/733/EXP/ES/2026,,23.99,28.68,
2026-08-17,,,,,CNE/PL/730/EXP/ES/2026,,23.43,27.45,25.38
2026-08-17,,,,,CNE/PL/73/EXP/ES/2025,,23.99,28.73,26.99
2026-08-17,,,,,CNE/PL/727/EXP/ES/2026,,24.94,28.98,27.94
2026-08-17,,,,,CNE/PL/726/EXP/ES/2026,,23.99,28.49,27.00
2026-08-17,,,,,CNE/PL/724/EXP/ES/2026,,23.99,28.58,27.00
2026-08-17,,,,,CNE/PL/72/EXP/ES/2025,,23.00,28.49,27.00
2026-08-17,,,,,CNE/PL/71/EXP/ES/2025,,23.39,26.99,25.39
2026-08-17,,,,,CNE/PL/708/EXP/ES/2026,,21.99,27.49,
2026-08-17,,,,,CNE/PL/705/EXP/ES/2026,,23.50,28.30,
2026-08-17,,,,,CNE/PL/700/EXP/ES/2026,,23.75,28.26,26.92
2026-08-17,,,,,CNE/PL/70/EXP/ES/2025,,24.79,28.39,27.59
2026-08-17,,,,,CNE/PL/697/EXP/ES/2026,,23.99,28.68,
2026-08-17,,,,,CNE/PL/696/EXP/ES/2026,,22.99,28.32,26.89
2026-08-17,,,,,CNE/PL/695/EXP/ES/2026,,22.99,27.49,26.49
2026-08-17,,,,,CNE/PL/692/EXP/ES/2026,,23.99,28.30,26.99
2026-08-17,,,,,CNE/PL/69/EXP/ES/2025,,23.44,27.99,
2026-08-17,,,,,CNE/PL/686/EXP/ES/2026,,22.95,27.59,26.60
2026-08-17,,,,,CNE/PL/684/EXP/ES/2026,,18.99,23.99,
2026-08-17,,,,,CNE/PL/68/EXP/ES/2025,,23.99,28.50,27.00
2026-08-17,,,,,CNE/PL/677/EXP/ES/2026,,23.69,27.99,
2026-08-17,,,,,CNE/PL/676/EXP/ES/2026,,24.94,28.97,27.94
2026-08-17,,,,,CNE/PL/674/EXP/ES/2026,,23.99,29.99,27.99
2026-08-17,,,,,CNE/PL/67/EXP/ES/2025,,23.59,27.59,
2026-08-17,,,,,CNE/PL/668/EXP/ES/2026,,23.69,28.90,26.99
2026-08-17,,,,,CNE/PL/667/EXP/ES/2026,,24.94,28.99,27.99
2026-08-17,,,,,CNE/PL/666/EXP/ES/2026,,24.94,28.97,27.94
2026-08-17,,,,,CNE/PL/665/EXP/ES/2026,,24.10,28.29,27.00
2026-08-17,,,,,CNE/PL/66/EXP/ES/2025,,24.09,29.58,27.10
2026-08-17,,,,,CNE/PL/653/EXP/ES/2026,,19.85,24.99,
2026-08-17,,,,,CNE/PL/651/EXP/ES/2026,,23.99,28.94,27.00
2026-08-17,,,,,CNE/PL/64/EXP/ES/2025,,23.99,28.99,26.99
2026-08-17,,,,,CNE/PL/639/EXP/ES/2026,,23.99,28.99,27.00
2026-08-17,,,,,CNE/PL/636/EXP/ES/2026,,23.99,29.45,26.99
2026-08-17,,,,,CNE/PL/633/EXP/ES/2026,,23.96,28.55,27.07
2026-08-17,,,,,CNE/PL/632/EXP/ES/2026,,23.35,27.48,26.99
2026-08-17,,,,,CNE/PL/630/EXP/ES/2026,,22.89,27.69,26.69
2026-08-17,,,,,CNE/PL/63/EXP/ES/2025,,23.99,28.59,27.00
2026-08-17,,,,,CNE/PL/626/EXP/ES/2026,,23.98,29.58,27.00
2026-08-17,,,,,CNE/PL/62/EXP/ES/2025,,23.99,29.49,27.00
2026-08-17,,,,,CNE/PL/61/EXP/ES/2025,,23.99,29.55,27.00
2026-08-17,,,,,CNE/PL/585/EXP/ES/2025,,20.79,24.99,26.99
2026-08-17,,,,,CNE/PL/584/EXP/ES/2025,,20.99,24.99,26.99
2026-08-17,,,,,CNE/PL/582/EXP/ES/2025,,20.99,24.99,26.99
2026-08-17,,,,,CNE/PL/579/EXP/ES/2025,,23.99,28.52,
2026-08-17,,,,,CNE/PL/577/EXP/ES/2025,,20.79,24.99,26.99
2026-08-17,,,,,CNE/PL/57/EXP/ES/2025,,23.95,28.59,26.98
2026-08-17,,,,,CNE/PL/562/EXP/ES/2025,,22.99,27.69,26.79
2026-08-17,,,,,CNE/PL/560/EXP/ES/2025,,22.77,27.97,26.97
2026-08-17,,,,,CNE/PL/56/EXP/ES/2025,,23.99,28.68,27.49
2026-08-17,,,,,CNE/PL/556/EXP/ES/2025,,24.49,29.99,26.99
2026-08-17,,,,,CNE/PL/55/EXP/ES/2025,,23.99,29.00,
2026-08-17,,,,,CNE/PL/543/EXP/ES/2025,,23.59,27.62,
2026-08-17,,,,,CNE/PL/524/EXP/ES/2025,,23.99,27.99,27.24
2026-08-17,,,,,CNE/PL/523/EXP/ES/2025,,22.99,27.49,
2026-08-17,,,,,CNE/PL/520/EXP/ES/2025,,23.99,28.69,26.85
2026-08-17,,,,,CNE/PL/52/EXP/ES/2025,,23.99,28.49,27.00
2026-08-17,,,,,CNE/PL/519/EXP/ES/2025,,23.40,27.30,27.00
2026-08-17,,,,,CNE/PL/51/EXP/ES/2025,,24.39,29.49,26.99
2026-08-17,,,,,CNE/PL/50/EXP/ES/2025,,23.79,27.99,
2026-08-17,,,,,CNE/PL/494/EXP/ES/2025,,23.94,28.89,27.00
2026-08-17,,,,,CNE/PL/493/EXP/ES/2025,,23.99,28.71,27.00
2026-08-17,,,,,CNE/PL/490/EXP/ES/2025,,23.79,28.49,
2026-08-17,,,,,CNE/PL/49/EXP/ES/2025,,24.19,29.69,27.69
2026-08-17,,,,,CNE/PL/487/EXP/ES/2025,,23.79,29.29,27.00
2026-08-17,,,,,CNE/PL/486/EXP/ES/2025,,23.70,27.99,27.00
2026-08-17,,,,,CNE/PL/483/EXP/ES/2025,,23.99,28.49,
2026-08-17,,,,,CNE/PL/482/EXP/ES/2025,,23.99,28.28,26.95
2026-08-17,,,,,CNE/PL/481/EXP/ES/2025,,24.79,28.99,29.54
2026-08-17,,,,,CNE/PL/48/EXP/ES/2025,,23.70,28.54,26.99
2026-08-17,,,,,CNE/PL/479/EXP/ES/2025,,23.69,28.01,26.99
2026-08-17,,,,,CNE/PL/476/EXP/ES/2025,,23.99,28.55,27.00
2026-08-17,,,,,CNE/PL/475/EXP/ES/2025,,23.79,29.19,26.88
2026-08-17,,,,,CNE/PL/474/EXP/ES/2025,,23.96,27.72,27.00
2026-08-17,,,,,CNE/PL/473/EXP/ES/2025,,22.99,27.52,26.89
2026-08-17,,,,,CNE/PL/472/EXP/ES/2025,,23.99,29.99,
2026-08-17,,,,,CNE/PL/471/EXP/ES/2025,,23.79,29.29,26.99
2026-08-17,,,,,CNE/PL/47/EXP/ES/2025,,24.39,,27.00
2026-08-17,,,,,CNE/PL/469/EXP/ES/2025,,23.99,29.99,27.00
2026-08-17,,,,,CNE/PL/468/EXP/ES/2025,,22.99,26.89,26.97
2026-08-17,,,,,CNE/PL/465/EXP/ES/2025,,23.98,28.12,
2026-08-17,,,,,CNE/PL/463/EXP/ES/2025,,22.88,28.89,26.89
2026-08-17,,,,,CNE/PL/46/EXP/ES/2025,,24.39,,27.00
2026-08-17,,,,,CNE/PL/455/EXP/ES/2025,,23.99,28.49,26.99
2026-08-17,,,,,CNE/PL/454/EXP/ES/2025,,23.28,27.55,26.74
2026-08-17,,,,,CNE/PL/452/EXP/ES/2025,,23.79,28.89,26.99
2026-08-17,,,,,CNE/PL/442/EXP/ES/2025,,23.99,29.99,27.00
2026-08-17,,,,,CNE/PL/392/EXP/ES/2025,,23.99,29.29,28.00
2026-08-17,,,,,CNE/PL/391/EXP/ES/2025,,23.97,28.35,26.96
2026-08-17,,,,,CNE/PL/390/EXP/ES/2025,,23.64,28.24,
2026-08-17,,,,,CNE/PL/389/EXP/ES/2025,,23.99,29.25,26.99
2026-08-17,,,,,CNE/PL/387/EXP/ES/2025,,23.94,28.71,27.00
2026-08-17,,,,,CNE/PL/386/EXP/ES/2025,,23.84,27.95,26.95
2026-08-17,,,,,CNE/PL/385/EXP/ES/2025,,19.81,24.97,
2026-08-17,,,,,CNE/PL/383/EXP/ES/2025,,23.99,28.45,
2026-08-17,,,,,CNE/PL/382/EXP/ES/2025,,23.99,29.39,26.99
2026-08-17,,,,,CNE/PL/380/EXP/ES/2025,,23.99,27.99,26.99
2026-08-17,,,,,CNE/PL/378/EXP/ES/2025,,23.99,29.00,27.35
2026-08-17,,,,,CNE/PL/376/EXP/ES/2025,,24.15,,27.00
2026-08-17,,,,,CNE/PL/374/EXP/ES/2025,,22.99,28.87,
2026-08-17,,,,,CNE/PL/373/EXP/ES/2025,,23.86,27.98,26.99
2026-08-17,,,,,CNE/PL/369/EXP/ES/2025,,23.99,29.99,27.00
2026-08-17,,,,,CNE/PL/365/EXP/ES/2025,,24.00,29.13,26.85
2026-08-17,,,,,CNE/PL/364/EXP/ES/2025,,23.49,28.49,
2026-08-17,,,,,CNE/PL/363/EXP/ES/2025,,21.49,25.49,
2026-08-17,,,,,CNE/PL/361/EXP/ES/2025,,23.59,27.30,26.95
2026-08-17,,,,,CNE/PL/360/EXP/ES/2025,,23.99,28.89,27.00
2026-08-17,,,,,CNE/PL/359/EXP/ES/2025,,23.99,28.59,27.00
2026-08-17,,,,,CNE/PL/357/EXP/ES/2025,,24.29,,27.00
2026-08-17,,,,,CNE/PL/356/EXP/ES/2025,,23.94,28.00,
2026-08-17,,,,,CNE/PL/355/EXP/ES/2025,,23.05,,26.98
2026-08-17,,,,,CNE/PL/353/EXP/ES/2025,,23.83,29.25,26.99
2026-08-17,,,,,CNE/PL/351/EXP/ES/2025,,23.99,28.76,27.00
2026-08-17,,,,,CNE/PL/350/EXP/ES/2025,,23.55,28.65,26.99
2026-08-17,,,,,CNE/PL/349/EXP/ES/2025,,23.10,27.43,26.99
2026-08-17,,,,,CNE/PL/348/EXP/ES/2025,,22.99,27.80,26.99
2026-08-17,,,,,CNE/PL/347/EXP/ES/2025,,23.99,28.35,27.00
2026-08-17,,,,,CNE/PL/346/EXP/ES/2025,,23.31,26.82,27.00
2026-08-17,,,,,CNE/PL/345/EXP/ES/2025,,23.89,28.49,27.00
2026-08-17,,,,,CNE/PL/344/EXP/ES/2025,,22.99,27.49,26.85
2026-08-17,,,,,CNE/PL/342/EXP/ES/2025,,23.99,29.99,
2026-08-17,,,,,CNE/PL/341/EXP/ES/2025,,23.99,29.99,
2026-08-17,,,,,CNE/PL/339/EXP/ES/2025,,24.50,,28.50
2026-08-17,,,,,CNE/PL/337/EXP/ES/2025,,23.99,28.94,
2026-08-17,,,,,CNE/PL/336/EXP/ES/2025,,19.99,23.49,
2026-08-17,,,,,CNE/PL/335/EXP/ES/2025,,23.49,28.49,26.69
2026-08-17,,,,,CNE/PL/331/EXP/ES/2025,,24.39,27.94,
2026-08-17,,,,,CNE/PL/328/EXP/ES/2025,,24.00,,27.00
2026-08-17,,,,,CNE/PL/327/EXP/ES/2025,,20.99,26.90,
2026-08-17,,,,,CNE/PL/325/EXP/ES/2025,,23.49,27.99,
2026-08-17,,,,,CNE/PL/324/EXP/ES/2025,,22.85,27.50,26.55
2026-08-17,,,,,CNE/PL/322/EXP/ES/2025,,22.95,26.95,26.80
2026-08-17,,,,,CNE/PL/317/EXP/ES/2025,,23.99,28.99,27.00
2026-08-17,,,,,CNE/PL/316/EXP/ES/2025,,23.99,29.94,27.00
2026-08-17,,,,,CNE/PL/315/EXP/ES/2025,,19.98,23.69,26.40
2026-08-17,,,,,CNE/PL/313/EXP/ES/2025,,24.40,26.40,27.60
2026-08-17,,,,,CNE/PL/310/EXP/ES/2025,,23.99,29.99,27.00
2026-08-17,,,,,CNE/PL/309/EXP/ES/2025,,23.49,28.19,26.99
2026-08-17,,,,,CNE/PL/307/EXP/ES/2025,,24.89,26.83,27.93
2026-08-17,,,,,CNE/PL/306/EXP/ES/2025,,23.25,27.99,26.90
2026-08-17,,,,,CNE/PL/302/EXP/ES/2025,,23.33,28.64,26.87
2026-08-17,,,,,CNE/PL/298/EXP/ES/2025,,23.39,27.99,
2026-08-17,,,,,CNE/PL/297/EXP/ES/2025,,24.49,29.89,26.99
2026-08-17,,,,,CNE/PL/293/EXP/ES/2025,,23.38,27.64,26.96
2026-08-17,,,,,CNE/PL/292/EXP/ES/2025,,23.60,28.40,26.98
2026-08-17,,,,,CNE/PL/291/EXP/ES/2025,,23.99,28.69,26.99
2026-08-17,,,,,CNE/PL/290/EXP/ES/2025,,23.49,26.99,26.99
2026-08-17,,,,,CNE/PL/288/EXP/ES/2025,,23.68,28.88,26.99
2026-08-17,,,,,CNE/PL/287/EXP/ES/2025,,23.77,29.39,26.89
2026-08-17,,,,,CNE/PL/286/EXP/ES/2025,,22.99,27.69,25.38
2026-08-17,,,,,CNE/PL/285/EXP/ES/2025,,23.99,28.59,27.00
2026-08-17,,,,,CNE/PL/282/EXP/ES/2025,,23.99,28.99,27.00
2026-08-17,,,,,CNE/PL/281/EXP/ES/2025,,23.80,28.00,27.00
2026-08-17,,,,,CNE/PL/280/EXP/ES/2025,,19.90,24.50,
2026-08-17,,,,,CNE/PL/275/EXP/ES/2025,,23.99,28.49,26.99
2026-08-17,,,,,CNE/PL/232/EXP/ES/2025,,23.99,28.95,
2026-08-17,,,,,CNE/PL/231/EXP/ES/2025,,23.89,27.71,
2026-08-17,,,,,CNE/PL/230/EXP/ES/2025,,23.89,27.71,
2026-08-17,,,,,CNE/PL/229/EXP/ES/2025,,23.99,28.49,27.00
2026-08-17,,,,,CNE/PL/228/EXP/ES/2025,,25.39,28.99,28.29
2026-08-17,,,,,CNE/PL/227/EXP/ES/2025,,20.79,27.45,24.97
2026-08-17,,,,,CNE/PL/226/EXP/ES/2025,,23.49,26.99,26.49
2026-08-17,,,,,CNE/PL/225/EXP/ES/2025,,20.90,24.49,25.39
2026-08-17,,,,,CNE/PL/224/EXP/ES/2025,,23.99,29.18,27.00
2026-08-17,,,,,CNE/PL/219/EXP/ES/2025,,24.19,28.99,27.00
2026-08-17,,,,,CNE/PL/217/EXP/ES/2025,,23.74,29.69,
2026-08-17,,,,,CNE/PL/215/EXP/ES/2025,,22.89,26.89,
2026-08-17,,,,,CNE/PL/214/EXP/ES/2025,,23.30,27.83,26.99
2026-08-17,,,,,CNE/PL/213/EXP/ES/2025,,23.95,27.25,26.95
2026-08-17,,,,,CNE/PL/212/EXP/ES/2025,,23.59,28.64,26.83
2026-08-17,,,,,CNE/PL/211/EXP/ES/2025,,23.49,27.80,
2026-08-17,,,,,CNE/PL/209/EXP/ES/2025,,22.98,27.80,
2026-08-17,,,,,CNE/PL/207/EXP/ES/2025,,23.99,29.79,27.00
2026-08-17,,,,,CNE/PL/203/EXP/ES/2025,,23.70,28.23,27.00
2026-08-17,,,,,CNE/PL/201/EXP/ES/2025,,23.12,28.75,26.84
2026-08-17,,,,,CNE/PL/200/EXP/ES/2025,,22.99,27.99,26.99
2026-08-17,,,,,CNE/PL/2/EXP/ES/2025,,23.99,29.99,27.00
2026-08-17,,,,,CNE/PL/199/EXP/ES/2025,,23.98,28.38,27.00
2026-08-17,,,,,CNE/PL/198/EXP/ES/2025,,23.99,28.15,27.00
2026-08-17,,,,,CNE/PL/197/EXP/ES/2025,,23.99,28.65,27.00
2026-08-17,,,,,CNE/PL/196/EXP/ES/2025,,23.49,28.99,27.00
2026-08-17,,,,,CNE/PL/193/EXP/ES/2025,,23.09,27.99,
2026-08-17,,,,,CNE/PL/192/EXP/ES/2025,,23.99,29.49,27.00
2026-08-17,,,,,CNE/PL/191/EXP/ES/2025,,23.88,28.88,
2026-08-17,,,,,CNE/PL/190/EXP/ES/2025,,22.39,26.99,26.39
2026-08-17,,,,,CNE/PL/188/EXP/ES/2025,,23.49,28.99,26.99
2026-08-17,,,,,CNE/PL/187/EXP/ES/2025,,23.99,28.85,27.00
2026-08-17,,,,,CNE/PL/186/EXP/ES/2025,,23.70,27.49,27.00
2026-08-17,,,,,CNE/PL/185/EXP/ES/2025,,23.79,28.89,27.00
2026-08-17,,,,"ALPEZ, S.A. DE C.V.",CNE/PL/184/EXP/ES/2025,AV. VALLE DE LOS MOLINOS NUM. 151,23.99,28.89,26.99
2026-08-17,,,,,CNE/PL/183/EXP/ES/2025,,23.10,28.30,28.40
2026-08-17,,,,,CNE/PL/182/EXP/ES/2025,,22.59,27.49,25.99
2026-08-17,,,,,CNE/PL/181/EXP/ES/2025,,23.99,28.09,26.99
2026-08-17,,,,,CNE/PL/180/EXP/ES/2025,,23.95,27.65,27.00
2026-08-17,,,,,CNE/PL/179/EXP/ES/2025,,23.99,29.97,27.00
2026-08-17,,,,,CNE/PL/178/EXP/ES/2025,,23.99,28.49,27.00
2026-08-17,,,,,CNE/PL/177/EXP/ES/2025,,23.40,27.90,27.00
2026-08-17,,,,,CNE/PL/172/EXP/ES/2025,,22.99,27.52,26.79
2026-08-17,,,,,CNE/PL/171/EXP/ES/2025,,23.44,27.55,
2026-08-17,,,,,CNE/PL/170/EXP/ES/2025,,23.19,27.99,
2026-08-17,,,,,CNE/PL/17/EXP/ES/2025,,23.90,28.10,27.10
2026-08-17,,,,,CNE/PL/169/EXP/ES/2025,,23.99,26.99,26.99
2026-08-17,,,,,CNE/PL/168/EXP/ES/2025,,23.84,27.99,
2026-08-17,,,,,CNE/PL/167/EXP/ES/2025,,23.99,30.97,27.99
2026-08-17,,,,,CNE/PL/164/EXP/ES/2025,,23.99,28.59,27.00
2026-08-17,,,,,CNE/PL/163/EXP/ES/2025,,24.24,28.30,27.00
2026-08-17,,,,,CNE/PL/161/EXP/ES/2025,,23.99,28.59,27.00
2026-08-17,,,,,CNE/PL/160/EXP/ES/2025,,23.99,28.30,27.00
2026-08-17,,,,,CNE/PL/159/EXP/ES/2025,,23.99,27.79,26.99
2026-08-17,,,,,CNE/PL/158/EXP/ES/2025,,23.27,28.47,
2026-08-17,,,,,CNE/PL/156/EXP/ES/2025,,23.59,28.78,26.88
2026-08-17,,,,,CNE/PL/154/EXP/ES/2025,,23.09,27.59,26.99
2026-08-17,,,,,CNE/PL/153/EXP/ES/2025,,23.99,28.80,26.99
2026-08-17,,,,,CNE/PL/151/EXP/ES/2025,,23.49,28.34,26.99
2026-08-17,,,,,CNE/PL/146/EXP/ES/2025,,23.78,28.53,26.99
2026-08-17,,,,,CNE/PL/145/EXP/ES/2025,,23.89,28.49,
2026-08-17,,,,,CNE/PL/141/EXP/ES/2025,,23.79,27.69,26.99
2026-08-17,,,,,CNE/PL/140/EXP/ES/2025,,23.43,27.45,
2026-08-17,,,,,CNE/PL/14/EXP/ES/2025,,23.99,28.80,27.00
2026-08-17,,,,,CNE/PL/139/EXP/ES/2025,,23.99,27.83,
2026-08-17,,,,,CNE/PL/138/EXP/ES/2025,,20.77,24.27,
